Acquire-EHT_C5_60_2	0	0	253.0	198.0	229.0	611.0
Acquire-EHT_C5_60_2	1	16	253.0	198.0	229.0	611.0
Acquire-EHT_C5_60_2	2	47	253.0	199.0	229.0	610.0
Acquire-EHT_C5_60_2	3	78	253.0	199.0	229.0	610.0
Acquire-EHT_C5_60_2	4	110	253.0	200.0	229.0	609.0
Acquire-EHT_C5_60_2	5	141	253.0	201.0	229.0	608.0
Acquire-EHT_C5_60_2	6	172	253.0	201.0	229.0	608.0
Acquire-EHT_C5_60_2	7	219	253.0	201.0	229.0	608.0
Acquire-EHT_C5_60_2	8	250	253.0	201.0	229.0	608.0
Acquire-EHT_C5_60_2	9	282	253.0	201.0	229.0	608.0
Acquire-EHT_C5_60_2	10	313	253.0	201.0	229.0	608.0
Acquire-EHT_C5_60_2	11	344	253.0	200.0	229.0	609.0
Acquire-EHT_C5_60_2	12	375	253.0	199.0	229.0	610.0
Acquire-EHT_C5_60_2	13	407	253.0	199.0	229.0	610.0
Acquire-EHT_C5_60_2	14	438	253.0	198.0	229.0	611.0
Acquire-EHT_C5_60_2	15	485	253.0	198.0	229.0	611.0
Acquire-EHT_C5_60_2	16	516	253.0	198.0	229.0	611.0
Acquire-EHT_C5_60_2	17	547	253.0	198.0	229.0	611.0
Acquire-EHT_C5_60_2	18	578	253.0	198.0	229.0	611.0
Acquire-EHT_C5_60_2	19	610	253.0	198.0	229.0	611.0
Acquire-EHT_C5_60_2	20	641	253.0	198.0	229.0	611.0
Acquire-EHT_C5_60_2	21	672	253.0	198.0	229.0	611.0
Acquire-EHT_C5_60_2	22	719	253.0	198.0	229.0	611.0
Acquire-EHT_C5_60_2	23	750	253.0	198.0	229.0	611.0
Acquire-EHT_C5_60_2	24	782	253.0	199.0	229.0	610.0
Acquire-EHT_C5_60_2	25	813	253.0	200.0	229.0	609.0
Acquire-EHT_C5_60_2	26	844	253.0	200.0	229.0	608.0
Acquire-EHT_C5_60_2	27	875	253.0	201.0	229.0	608.0
Acquire-EHT_C5_60_2	28	907	253.0	201.0	229.0	608.0
Acquire-EHT_C5_60_2	29	938	253.0	201.0	229.0	607.0
Acquire-EHT_C5_60_2	30	985	253.0	201.0	229.0	608.0
Acquire-EHT_C5_60_2	31	1016	253.0	201.0	229.0	608.0
Acquire-EHT_C5_60_2	32	1047	253.0	201.0	229.0	609.0
Acquire-EHT_C5_60_2	33	1078	253.0	200.0	229.0	609.0
Acquire-EHT_C5_60_2	34	1110	253.0	199.0	229.0	610.0
Acquire-EHT_C5_60_2	35	1141	253.0	199.0	229.0	610.0
Acquire-EHT_C5_60_2	36	1172	253.0	198.0	229.0	611.0
Acquire-EHT_C5_60_2	37	1219	253.0	198.0	229.0	611.0
Acquire-EHT_C5_60_2	38	1250	253.0	198.0	229.0	611.0
Acquire-EHT_C5_60_2	39	1282	253.0	198.0	229.0	611.0
Acquire-EHT_C5_60_2	40	1313	253.0	198.0	229.0	611.0
Acquire-EHT_C5_60_2	41	1344	253.0	198.0	229.0	611.0
Acquire-EHT_C5_60_2	42	1375	253.0	198.0	229.0	611.0
Acquire-EHT_C5_60_2	43	1407	253.0	198.0	229.0	611.0
Acquire-EHT_C5_60_2	44	1438	253.0	198.0	229.0	611.0
Acquire-EHT_C5_60_2	45	1485	253.0	198.0	229.0	611.0
Acquire-EHT_C5_60_2	46	1516	253.0	198.0	229.0	611.0
Acquire-EHT_C5_60_2	47	1547	253.0	198.0	229.0	611.0
Acquire-EHT_C5_60_2	48	1578	253.0	198.0	229.0	611.0
Acquire-EHT_C5_60_2	49	1610	253.0	198.0	229.0	611.0
Acquire-EHT_C5_60_2	50	1641	253.0	198.0	229.0	611.0
Acquire-EHT_C5_60_2	51	1672	253.0	199.0	229.0	611.0
Acquire-EHT_C5_60_2	52	1719	253.0	199.0	229.0	609.0
Acquire-EHT_C5_60_2	53	1750	253.0	200.0	229.0	609.0
Acquire-EHT_C5_60_2	54	1781	253.0	201.0	229.0	608.0
Acquire-EHT_C5_60_2	55	1813	253.0	201.0	229.0	608.0
Acquire-EHT_C5_60_2	56	1844	253.0	202.0	229.0	607.0
Acquire-EHT_C5_60_2	57	1875	253.0	201.0	229.0	607.0
Acquire-EHT_C5_60_2	58	1906	253.0	201.0	229.0	608.0
Acquire-EHT_C5_60_2	59	1938	253.0	201.0	229.0	608.0
Acquire-EHT_C5_60_2	60	1985	253.0	201.0	229.0	609.0
Acquire-EHT_C5_60_2	61	2016	253.0	200.0	229.0	609.0
Acquire-EHT_C5_60_2	62	2047	253.0	199.0	229.0	610.0
Acquire-EHT_C5_60_2	63	2078	253.0	198.0	229.0	610.0
Acquire-EHT_C5_60_2	64	2110	253.0	198.0	229.0	611.0
Acquire-EHT_C5_60_2	65	2141	253.0	198.0	229.0	611.0
Acquire-EHT_C5_60_2	66	2172	253.0	198.0	229.0	611.0
Acquire-EHT_C5_60_2	67	2219	253.0	198.0	229.0	611.0
Acquire-EHT_C5_60_2	68	2250	253.0	198.0	229.0	611.0
Acquire-EHT_C5_60_2	69	2281	253.0	198.0	229.0	611.0
Acquire-EHT_C5_60_2	70	2313	253.0	198.0	229.0	611.0
Acquire-EHT_C5_60_2	71	2344	253.0	198.0	229.0	611.0
Acquire-EHT_C5_60_2	72	2375	253.0	199.0	229.0	610.0
Acquire-EHT_C5_60_2	73	2406	253.0	199.0	229.0	609.0
Acquire-EHT_C5_60_2	74	2438	253.0	200.0	229.0	608.0
Acquire-EHT_C5_60_2	75	2485	253.0	201.0	229.0	608.0
Acquire-EHT_C5_60_2	76	2516	253.0	201.0	229.0	608.0
Acquire-EHT_C5_60_2	77	2547	253.0	201.0	229.0	608.0
Acquire-EHT_C5_60_2	78	2578	253.0	201.0	229.0	607.0
Acquire-EHT_C5_60_2	79	2610	253.0	201.0	229.0	608.0
Acquire-EHT_C5_60_2	80	2641	253.0	200.0	229.0	608.0
Acquire-EHT_C5_60_2	81	2672	253.0	200.0	229.0	609.0
Acquire-EHT_C5_60_2	82	2719	253.0	199.0	229.0	610.0
Acquire-EHT_C5_60_2	83	2750	253.0	199.0	229.0	610.0
Acquire-EHT_C5_60_2	84	2781	253.0	198.0	229.0	611.0
Acquire-EHT_C5_60_2	85	2813	253.0	198.0	229.0	611.0
Acquire-EHT_C5_60_2	86	2844	253.0	198.0	229.0	611.0
Acquire-EHT_C5_60_2	87	2875	253.0	198.0	229.0	611.0
Acquire-EHT_C5_60_2	88	2906	253.0	198.0	229.0	611.0
Acquire-EHT_C5_60_2	89	2938	253.0	198.0	229.0	611.0
Acquire-EHT_C5_60_2	90	2985	253.0	198.0	229.0	611.0
Acquire-EHT_C5_60_2	91	3016	253.0	198.0	229.0	611.0
Acquire-EHT_C5_60_2	92	3047	253.0	198.0	229.0	611.0
Acquire-EHT_C5_60_2	93	3078	253.0	199.0	229.0	610.0
Acquire-EHT_C5_60_2	94	3110	253.0	200.0	229.0	610.0
Acquire-EHT_C5_60_2	95	3141	253.0	201.0	229.0	609.0
Acquire-EHT_C5_60_2	96	3172	253.0	201.0	229.0	608.0
Acquire-EHT_C5_60_2	97	3219	253.0	201.0	229.0	608.0
Acquire-EHT_C5_60_2	98	3250	253.0	201.0	229.0	608.0
Acquire-EHT_C5_60_2	99	3281	253.0	201.0	229.0	608.0
Acquire-EHT_C5_60_2	100	3313	253.0	201.0	229.0	608.0
Acquire-EHT_C5_60_2	101	3344	253.0	200.0	229.0	608.0
Acquire-EHT_C5_60_2	102	3375	253.0	200.0	229.0	609.0
Acquire-EHT_C5_60_2	103	3406	253.0	200.0	229.0	610.0
Acquire-EHT_C5_60_2	104	3438	253.0	199.0	229.0	610.0
Acquire-EHT_C5_60_2	105	3484	253.0	198.0	229.0	611.0
Acquire-EHT_C5_60_2	106	3516	253.0	198.0	229.0	611.0
Acquire-EHT_C5_60_2	107	3547	253.0	198.0	229.0	611.0
Acquire-EHT_C5_60_2	108	3578	253.0	198.0	229.0	611.0
Acquire-EHT_C5_60_2	109	3609	253.0	198.0	229.0	611.0
Acquire-EHT_C5_60_2	110	3641	253.0	198.0	229.0	611.0
Acquire-EHT_C5_60_2	111	3672	253.0	198.0	229.0	611.0
Acquire-EHT_C5_60_2	112	3719	253.0	198.0	229.0	611.0
Acquire-EHT_C5_60_2	113	3750	253.0	198.0	229.0	611.0
Acquire-EHT_C5_60_2	114	3781	253.0	198.0	229.0	611.0
Acquire-EHT_C5_60_2	115	3813	253.0	199.0	229.0	609.0
Acquire-EHT_C5_60_2	116	3844	253.0	201.0	229.0	609.0
Acquire-EHT_C5_60_2	117	3875	253.0	201.0	229.0	608.0
Acquire-EHT_C5_60_2	118	3906	253.0	201.0	229.0	608.0
Acquire-EHT_C5_60_2	119	3938	253.0	201.0	229.0	608.0
Acquire-EHT_C5_60_2	120	3984	253.0	201.0	229.0	608.0
Acquire-EHT_C5_60_2	121	4016	253.0	201.0	229.0	608.0
Acquire-EHT_C5_60_2	122	4047	253.0	201.0	229.0	608.0
Acquire-EHT_C5_60_2	123	4078	253.0	200.0	229.0	609.0
Acquire-EHT_C5_60_2	124	4109	253.0	199.0	229.0	609.0
Acquire-EHT_C5_60_2	125	4141	253.0	199.0	229.0	610.0
Acquire-EHT_C5_60_2	126	4172	253.0	198.0	229.0	611.0
Acquire-EHT_C5_60_2	127	4219	253.0	198.0	229.0	611.0
Acquire-EHT_C5_60_2	128	4250	253.0	198.0	229.0	611.0
Acquire-EHT_C5_60_2	129	4281	253.0	198.0	229.0	611.0
Acquire-EHT_C5_60_2	130	4313	253.0	198.0	229.0	611.0
Acquire-EHT_C5_60_2	131	4344	253.0	198.0	229.0	611.0
Acquire-EHT_C5_60_2	132	4375	253.0	198.0	229.0	611.0
Acquire-EHT_C5_60_2	133	4406	253.0	198.0	229.0	611.0
Acquire-EHT_C5_60_2	134	4438	253.0	198.0	229.0	611.0
Acquire-EHT_C5_60_2	135	4484	253.0	198.0	229.0	611.0
Acquire-EHT_C5_60_2	136	4516	253.0	198.0	229.0	611.0
Acquire-EHT_C5_60_2	137	4547	253.0	198.0	229.0	611.0
Acquire-EHT_C5_60_2	138	4578	253.0	198.0	229.0	611.0
Acquire-EHT_C5_60_2	139	4609	253.0	198.0	229.0	611.0
Acquire-EHT_C5_60_2	140	4641	253.0	198.0	229.0	611.0
Acquire-EHT_C5_60_2	141	4672	253.0	198.0	229.0	611.0
Acquire-EHT_C5_60_2	142	4719	253.0	198.0	229.0	611.0
Acquire-EHT_C5_60_2	143	4750	253.0	199.0	229.0	610.0
Acquire-EHT_C5_60_2	144	4781	253.0	200.0	229.0	609.0
Acquire-EHT_C5_60_2	145	4813	253.0	201.0	229.0	608.0
Acquire-EHT_C5_60_2	146	4844	253.0	201.0	229.0	608.0
Acquire-EHT_C5_60_2	147	4875	253.0	202.0	229.0	607.0
Acquire-EHT_C5_60_2	148	4906	253.0	201.0	229.0	607.0
Acquire-EHT_C5_60_2	149	4938	253.0	202.0	229.0	607.0
Acquire-EHT_C5_60_2	150	4984	253.0	201.0	229.0	608.0
Acquire-EHT_C5_60_2	151	5016	253.0	201.0	229.0	608.0
Acquire-EHT_C5_60_2	152	5047	253.0	200.0	229.0	609.0
Acquire-EHT_C5_60_2	153	5078	253.0	199.0	229.0	610.0
Acquire-EHT_C5_60_2	154	5109	253.0	198.0	229.0	610.0
Acquire-EHT_C5_60_2	155	5141	253.0	198.0	229.0	611.0
Acquire-EHT_C5_60_2	156	5172	253.0	198.0	229.0	611.0
Acquire-EHT_C5_60_2	157	5219	253.0	198.0	229.0	611.0
Acquire-EHT_C5_60_2	158	5250	253.0	198.0	229.0	611.0
Acquire-EHT_C5_60_2	159	5281	253.0	198.0	229.0	611.0
Acquire-EHT_C5_60_2	160	5313	253.0	198.0	229.0	611.0
Acquire-EHT_C5_60_2	161	5344	253.0	198.0	229.0	611.0
Acquire-EHT_C5_60_2	162	5375	253.0	198.0	229.0	611.0
Acquire-EHT_C5_60_2	163	5406	253.0	198.0	229.0	611.0
Acquire-EHT_C5_60_2	164	5437	253.0	198.0	229.0	611.0
Acquire-EHT_C5_60_2	165	5484	253.0	198.0	229.0	611.0
Acquire-EHT_C5_60_2	166	5516	253.0	199.0	229.0	610.0
Acquire-EHT_C5_60_2	167	5547	253.0	200.0	229.0	609.0
Acquire-EHT_C5_60_2	168	5578	253.0	201.0	229.0	608.0
Acquire-EHT_C5_60_2	169	5609	253.0	201.0	229.0	608.0
Acquire-EHT_C5_60_2	170	5641	253.0	201.0	229.0	607.0
Acquire-EHT_C5_60_2	171	5672	253.0	201.0	229.0	608.0
Acquire-EHT_C5_60_2	172	5719	253.0	201.0	229.0	608.0
Acquire-EHT_C5_60_2	173	5750	253.0	201.0	229.0	608.0
Acquire-EHT_C5_60_2	174	5781	253.0	201.0	229.0	608.0
Acquire-EHT_C5_60_2	175	5812	253.0	200.0	229.0	609.0
Acquire-EHT_C5_60_2	176	5844	253.0	199.0	229.0	610.0
Acquire-EHT_C5_60_2	177	5875	253.0	199.0	229.0	610.0
Acquire-EHT_C5_60_2	178	5906	253.0	198.0	229.0	611.0
Acquire-EHT_C5_60_2	179	5937	253.0	198.0	229.0	611.0
Acquire-EHT_C5_60_2	180	5984	253.0	198.0	229.0	611.0
Acquire-EHT_C5_60_2	181	6016	253.0	198.0	229.0	611.0
Acquire-EHT_C5_60_2	182	6047	253.0	198.0	229.0	611.0
Acquire-EHT_C5_60_2	183	6078	253.0	198.0	229.0	611.0
Acquire-EHT_C5_60_2	184	6109	253.0	198.0	229.0	611.0
Acquire-EHT_C5_60_2	185	6141	253.0	198.0	229.0	611.0
Acquire-EHT_C5_60_2	186	6172	253.0	198.0	229.0	611.0
Acquire-EHT_C5_60_2	187	6219	253.0	199.0	229.0	610.0
Acquire-EHT_C5_60_2	188	6250	253.0	200.0	229.0	609.0
Acquire-EHT_C5_60_2	189	6281	253.0	200.0	229.0	608.0
Acquire-EHT_C5_60_2	190	6312	253.0	201.0	229.0	608.0
Acquire-EHT_C5_60_2	191	6344	253.0	201.0	229.0	608.0
Acquire-EHT_C5_60_2	192	6375	253.0	201.0	229.0	608.0
Acquire-EHT_C5_60_2	193	6406	253.0	201.0	229.0	608.0
Acquire-EHT_C5_60_2	194	6437	253.0	201.0	229.0	608.0
Acquire-EHT_C5_60_2	195	6484	253.0	200.0	229.0	608.0
Acquire-EHT_C5_60_2	196	6516	253.0	200.0	229.0	609.0
Acquire-EHT_C5_60_2	197	6547	253.0	199.0	229.0	610.0
Acquire-EHT_C5_60_2	198	6578	253.0	199.0	229.0	610.0
Acquire-EHT_C5_60_2	199	6609	253.0	198.0	229.0	611.0
Acquire-EHT_C5_60_2	200	6641	253.0	198.0	229.0	611.0
Acquire-EHT_C5_60_2	201	6672	253.0	198.0	229.0	611.0
Acquire-EHT_C5_60_2	202	6719	253.0	198.0	229.0	611.0
Acquire-EHT_C5_60_2	203	6750	253.0	198.0	229.0	611.0
Acquire-EHT_C5_60_2	204	6781	253.0	198.0	229.0	611.0
Acquire-EHT_C5_60_2	205	6812	253.0	198.0	229.0	611.0
Acquire-EHT_C5_60_2	206	6844	253.0	198.0	229.0	611.0
Acquire-EHT_C5_60_2	207	6875	253.0	198.0	229.0	611.0
Acquire-EHT_C5_60_2	208	6906	253.0	198.0	229.0	611.0
Acquire-EHT_C5_60_2	209	6953	253.0	198.0	229.0	611.0
Acquire-EHT_C5_60_2	210	6984	253.0	198.0	229.0	610.0
Acquire-EHT_C5_60_2	211	7016	253.0	199.0	229.0	609.0
Acquire-EHT_C5_60_2	212	7047	253.0	200.0	229.0	608.0
Acquire-EHT_C5_60_2	213	7078	253.0	201.0	229.0	608.0
Acquire-EHT_C5_60_2	214	7109	253.0	201.0	229.0	608.0
Acquire-EHT_C5_60_2	215	7140	253.0	201.0	229.0	607.0
Acquire-EHT_C5_60_2	216	7172	253.0	201.0	229.0	608.0
Acquire-EHT_C5_60_2	217	7219	253.0	201.0	229.0	608.0
Acquire-EHT_C5_60_2	218	7250	253.0	201.0	229.0	608.0
Acquire-EHT_C5_60_2	219	7281	253.0	200.0	229.0	609.0
Acquire-EHT_C5_60_2	220	7312	253.0	199.0	229.0	609.0
Acquire-EHT_C5_60_2	221	7344	253.0	199.0	229.0	610.0
Acquire-EHT_C5_60_2	222	7375	253.0	198.0	229.0	611.0
Acquire-EHT_C5_60_2	223	7406	253.0	198.0	229.0	611.0
Acquire-EHT_C5_60_2	224	7453	253.0	198.0	229.0	611.0
Acquire-EHT_C5_60_2	225	7484	253.0	198.0	229.0	611.0
Acquire-EHT_C5_60_2	226	7515	253.0	198.0	229.0	611.0
Acquire-EHT_C5_60_2	227	7547	253.0	198.0	229.0	611.0
Acquire-EHT_C5_60_2	228	7578	253.0	198.0	229.0	611.0
Acquire-EHT_C5_60_2	229	7609	253.0	198.0	229.0	611.0
Acquire-EHT_C5_60_2	230	7640	253.0	198.0	229.0	611.0
Acquire-EHT_C5_60_2	231	7672	253.0	198.0	229.0	611.0
Acquire-EHT_C5_60_2	232	7719	253.0	198.0	229.0	611.0
Acquire-EHT_C5_60_2	233	7750	253.0	199.0	229.0	610.0
Acquire-EHT_C5_60_2	234	7781	253.0	199.0	229.0	609.0
Acquire-EHT_C5_60_2	235	7812	253.0	201.0	229.0	608.0
Acquire-EHT_C5_60_2	236	7844	253.0	201.0	229.0	608.0
Acquire-EHT_C5_60_2	237	7875	253.0	201.0	229.0	608.0
Acquire-EHT_C5_60_2	238	7906	253.0	201.0	229.0	607.0
Acquire-EHT_C5_60_2	239	7953	253.0	201.0	229.0	608.0
Acquire-EHT_C5_60_2	240	7984	253.0	201.0	229.0	608.0
Acquire-EHT_C5_60_2	241	8015	253.0	201.0	229.0	608.0
Acquire-EHT_C5_60_2	242	8047	253.0	200.0	229.0	609.0
Acquire-EHT_C5_60_2	243	8078	253.0	199.0	229.0	610.0
Acquire-EHT_C5_60_2	244	8109	253.0	199.0	229.0	610.0
Acquire-EHT_C5_60_2	245	8140	253.0	198.0	229.0	610.0
Acquire-EHT_C5_60_2	246	8172	253.0	198.0	229.0	611.0
Acquire-EHT_C5_60_2	247	8219	253.0	198.0	229.0	611.0
Acquire-EHT_C5_60_2	248	8250	253.0	198.0	229.0	611.0
Acquire-EHT_C5_60_2	249	8281	253.0	198.0	229.0	611.0
Acquire-EHT_C5_60_2	250	8312	253.0	198.0	229.0	611.0
Acquire-EHT_C5_60_2	251	8344	253.0	198.0	229.0	611.0
Acquire-EHT_C5_60_2	252	8375	253.0	198.0	229.0	611.0
Acquire-EHT_C5_60_2	253	8406	253.0	198.0	229.0	611.0
Acquire-EHT_C5_60_2	254	8453	253.0	198.0	229.0	611.0
Acquire-EHT_C5_60_2	255	8484	253.0	198.0	229.0	611.0
Acquire-EHT_C5_60_2	256	8515	253.0	198.0	229.0	611.0
Acquire-EHT_C5_60_2	257	8547	253.0	199.0	229.0	611.0
Acquire-EHT_C5_60_2	258	8578	253.0	199.0	229.0	609.0
Acquire-EHT_C5_60_2	259	8609	253.0	200.0	229.0	609.0
Acquire-EHT_C5_60_2	260	8640	253.0	201.0	229.0	608.0
Acquire-EHT_C5_60_2	261	8672	253.0	201.0	229.0	608.0
Acquire-EHT_C5_60_2	262	8719	253.0	201.0	229.0	608.0
Acquire-EHT_C5_60_2	263	8750	253.0	201.0	229.0	607.0
Acquire-EHT_C5_60_2	264	8781	253.0	201.0	229.0	608.0
Acquire-EHT_C5_60_2	265	8812	253.0	201.0	229.0	608.0
Acquire-EHT_C5_60_2	266	8844	253.0	200.0	229.0	609.0
Acquire-EHT_C5_60_2	267	8875	253.0	200.0	229.0	609.0
Acquire-EHT_C5_60_2	268	8906	253.0	199.0	229.0	610.0
Acquire-EHT_C5_60_2	269	8953	253.0	198.0	229.0	611.0
Acquire-EHT_C5_60_2	270	8984	253.0	198.0	229.0	611.0
Acquire-EHT_C5_60_2	271	9015	253.0	198.0	229.0	611.0
Acquire-EHT_C5_60_2	272	9047	253.0	198.0	229.0	611.0
Acquire-EHT_C5_60_2	273	9078	253.0	198.0	229.0	611.0
Acquire-EHT_C5_60_2	274	9109	253.0	198.0	229.0	611.0
Acquire-EHT_C5_60_2	275	9140	253.0	198.0	229.0	611.0
Acquire-EHT_C5_60_2	276	9172	253.0	198.0	229.0	611.0
Acquire-EHT_C5_60_2	277	9218	253.0	198.0	229.0	611.0
Acquire-EHT_C5_60_2	278	9250	253.0	198.0	229.0	611.0
Acquire-EHT_C5_60_2	279	9281	253.0	198.0	229.0	611.0
Acquire-EHT_C5_60_2	280	9312	253.0	198.0	229.0	610.0
Acquire-EHT_C5_60_2	281	9343	253.0	199.0	229.0	610.0
Acquire-EHT_C5_60_2	282	9375	253.0	200.0	229.0	609.0
Acquire-EHT_C5_60_2	283	9406	253.0	201.0	229.0	608.0
Acquire-EHT_C5_60_2	284	9453	253.0	201.0	229.0	608.0
Acquire-EHT_C5_60_2	285	9484	253.0	201.0	229.0	608.0
Acquire-EHT_C5_60_2	286	9515	253.0	201.0	229.0	608.0
Acquire-EHT_C5_60_2	287	9547	253.0	201.0	229.0	608.0
Acquire-EHT_C5_60_2	288	9578	253.0	201.0	229.0	608.0
Acquire-EHT_C5_60_2	289	9609	253.0	200.0	229.0	608.0
Acquire-EHT_C5_60_2	290	9640	253.0	200.0	229.0	609.0
Acquire-EHT_C5_60_2	291	9672	253.0	199.0	229.0	610.0
Acquire-EHT_C5_60_2	292	9718	253.0	198.0	229.0	610.0
Acquire-EHT_C5_60_2	293	9750	253.0	198.0	229.0	611.0
Acquire-EHT_C5_60_2	294	9781	253.0	198.0	229.0	611.0
Acquire-EHT_C5_60_2	295	9812	253.0	198.0	229.0	611.0
Acquire-EHT_C5_60_2	296	9843	253.0	198.0	229.0	611.0
Acquire-EHT_C5_60_2	297	9875	253.0	198.0	229.0	611.0
Acquire-EHT_C5_60_2	298	9906	253.0	198.0	229.0	611.0
Acquire-EHT_C5_60_2	299	9953	253.0	198.0	229.0	611.0
Acquire-EHT_C5_60_2	300	9984	253.0	198.0	229.0	611.0
Acquire-EHT_C5_60_2	301	10015	253.0	198.0	229.0	611.0
Acquire-EHT_C5_60_2	302	10047	253.0	198.0	229.0	611.0
Acquire-EHT_C5_60_2	303	10078	253.0	198.0	229.0	611.0
Acquire-EHT_C5_60_2	304	10109	253.0	198.0	229.0	611.0
Acquire-EHT_C5_60_2	305	10140	253.0	199.0	229.0	610.0
Acquire-EHT_C5_60_2	306	10172	253.0	200.0	229.0	609.0
Acquire-EHT_C5_60_2	307	10218	253.0	201.0	229.0	608.0
Acquire-EHT_C5_60_2	308	10250	253.0	201.0	229.0	608.0
Acquire-EHT_C5_60_2	309	10281	253.0	201.0	229.0	608.0
Acquire-EHT_C5_60_2	310	10312	253.0	201.0	229.0	607.0
Acquire-EHT_C5_60_2	311	10343	253.0	201.0	229.0	608.0
Acquire-EHT_C5_60_2	312	10375	253.0	201.0	229.0	608.0
Acquire-EHT_C5_60_2	313	10406	253.0	201.0	229.0	608.0
Acquire-EHT_C5_60_2	314	10453	253.0	200.0	229.0	609.0
Acquire-EHT_C5_60_2	315	10484	253.0	199.0	229.0	610.0
Acquire-EHT_C5_60_2	316	10515	253.0	199.0	229.0	610.0
Acquire-EHT_C5_60_2	317	10547	253.0	198.0	229.0	611.0
Acquire-EHT_C5_60_2	318	10578	253.0	198.0	229.0	611.0
Acquire-EHT_C5_60_2	319	10609	253.0	198.0	229.0	611.0
Acquire-EHT_C5_60_2	320	10640	253.0	198.0	229.0	611.0
Acquire-EHT_C5_60_2	321	10672	253.0	198.0	229.0	611.0
Acquire-EHT_C5_60_2	322	10718	253.0	198.0	229.0	611.0
Acquire-EHT_C5_60_2	323	10750	253.0	198.0	229.0	611.0
Acquire-EHT_C5_60_2	324	10781	253.0	198.0	229.0	611.0
Acquire-EHT_C5_60_2	325	10812	253.0	198.0	229.0	611.0
Acquire-EHT_C5_60_2	326	10843	253.0	198.0	229.0	611.0
Acquire-EHT_C5_60_2	327	10875	253.0	198.0	229.0	611.0
Acquire-EHT_C5_60_2	328	10906	253.0	199.0	229.0	610.0
Acquire-EHT_C5_60_2	329	10953	253.0	200.0	229.0	609.0
Acquire-EHT_C5_60_2	330	10984	253.0	201.0	229.0	608.0
Acquire-EHT_C5_60_2	331	11015	253.0	201.0	229.0	608.0
Acquire-EHT_C5_60_2	332	11046	253.0	201.0	229.0	608.0
Acquire-EHT_C5_60_2	333	11078	253.0	201.0	229.0	608.0
Acquire-EHT_C5_60_2	334	11109	253.0	201.0	229.0	608.0
Acquire-EHT_C5_60_2	335	11140	253.0	201.0	229.0	608.0
Acquire-EHT_C5_60_2	336	11171	253.0	201.0	229.0	608.0
Acquire-EHT_C5_60_2	337	11218	253.0	200.0	229.0	609.0
Acquire-EHT_C5_60_2	338	11250	253.0	198.0	229.0	611.0
Acquire-EHT_C5_60_2	339	11453	253.0	198.0	229.0	611.0
Acquire-EHT_C5_60_2	340	11671	253.0	198.0	229.0	610.0
Acquire-EHT_C5_60_2	341	11718	253.0	199.0	229.0	609.0
Acquire-EHT_C5_60_2	342	11750	253.0	200.0	229.0	609.0
Acquire-EHT_C5_60_2	343	11781	253.0	201.0	229.0	608.0
Acquire-EHT_C5_60_2	344	11812	253.0	201.0	229.0	607.0
Acquire-EHT_C5_60_2	345	11843	253.0	201.0	229.0	607.0
Acquire-EHT_C5_60_2	346	11875	253.0	201.0	229.0	607.0
Acquire-EHT_C5_60_2	347	11906	253.0	201.0	229.0	608.0
Acquire-EHT_C5_60_2	348	11953	253.0	201.0	229.0	608.0
Acquire-EHT_C5_60_2	349	11984	253.0	200.0	229.0	608.0
Acquire-EHT_C5_60_2	350	12015	253.0	199.0	229.0	609.0
Acquire-EHT_C5_60_2	351	12046	253.0	199.0	229.0	610.0
Acquire-EHT_C5_60_2	352	12078	253.0	198.0	229.0	610.0
Acquire-EHT_C5_60_2	353	12109	253.0	198.0	229.0	611.0
Acquire-EHT_C5_60_2	354	12140	253.0	198.0	229.0	611.0
Acquire-EHT_C5_60_2	355	12171	253.0	198.0	229.0	611.0
Acquire-EHT_C5_60_2	356	12218	253.0	198.0	229.0	611.0
Acquire-EHT_C5_60_2	357	12250	253.0	198.0	229.0	611.0
Acquire-EHT_C5_60_2	358	12281	253.0	198.0	229.0	611.0
Acquire-EHT_C5_60_2	359	12312	253.0	198.0	229.0	611.0
Acquire-EHT_C5_60_2	360	12343	253.0	198.0	229.0	611.0
Acquire-EHT_C5_60_2	361	12375	253.0	198.0	229.0	611.0
Acquire-EHT_C5_60_2	362	12406	253.0	198.0	229.0	611.0
Acquire-EHT_C5_60_2	363	12453	253.0	199.0	229.0	610.0
Acquire-EHT_C5_60_2	364	12484	253.0	200.0	229.0	609.0
Acquire-EHT_C5_60_2	365	12515	253.0	201.0	229.0	608.0
Acquire-EHT_C5_60_2	366	12546	253.0	201.0	229.0	608.0
Acquire-EHT_C5_60_2	367	12578	253.0	201.0	229.0	608.0
Acquire-EHT_C5_60_2	368	12609	253.0	201.0	229.0	608.0
Acquire-EHT_C5_60_2	369	12640	253.0	201.0	229.0	608.0
Acquire-EHT_C5_60_2	370	12671	253.0	198.0	229.0	611.0
Acquire-EHT_C5_60_2	371	12953	253.0	198.0	229.0	611.0
Acquire-EHT_C5_60_2	372	12984	253.0	198.0	229.0	611.0
Acquire-EHT_C5_60_2	373	13015	253.0	198.0	229.0	611.0
Acquire-EHT_C5_60_2	374	13046	253.0	198.0	229.0	611.0
Acquire-EHT_C5_60_2	375	13078	253.0	198.0	229.0	611.0
Acquire-EHT_C5_60_2	376	13109	253.0	198.0	229.0	611.0
Acquire-EHT_C5_60_2	377	13140	253.0	198.0	229.0	611.0
Acquire-EHT_C5_60_2	378	13171	253.0	198.0	229.0	610.0
Acquire-EHT_C5_60_2	379	13218	253.0	199.0	229.0	609.0
Acquire-EHT_C5_60_2	380	13249	253.0	200.0	229.0	609.0
Acquire-EHT_C5_60_2	381	13281	253.0	201.0	229.0	608.0
Acquire-EHT_C5_60_2	382	13312	253.0	201.0	229.0	608.0
Acquire-EHT_C5_60_2	383	13343	253.0	201.0	229.0	608.0
Acquire-EHT_C5_60_2	384	13374	253.0	201.0	229.0	608.0
Acquire-EHT_C5_60_2	385	13406	253.0	201.0	229.0	608.0
Acquire-EHT_C5_60_2	386	13453	253.0	201.0	229.0	608.0
Acquire-EHT_C5_60_2	387	13484	253.0	200.0	229.0	609.0
Acquire-EHT_C5_60_2	388	13515	253.0	199.0	229.0	609.0
Acquire-EHT_C5_60_2	389	13546	253.0	199.0	229.0	610.0
Acquire-EHT_C5_60_2	390	13578	253.0	198.0	229.0	610.0
Acquire-EHT_C5_60_2	391	13609	253.0	198.0	229.0	611.0
Acquire-EHT_C5_60_2	392	13640	253.0	198.0	229.0	611.0
Acquire-EHT_C5_60_2	393	13671	253.0	198.0	229.0	611.0
Acquire-EHT_C5_60_2	394	13718	253.0	198.0	229.0	611.0
Acquire-EHT_C5_60_2	395	13749	253.0	198.0	229.0	611.0
Acquire-EHT_C5_60_2	396	13781	253.0	198.0	229.0	611.0
Acquire-EHT_C5_60_2	397	13812	253.0	198.0	229.0	611.0
Acquire-EHT_C5_60_2	398	13843	253.0	198.0	229.0	611.0
Acquire-EHT_C5_60_2	399	13874	253.0	198.0	229.0	611.0
Acquire-EHT_C5_60_2	400	13906	253.0	199.0	229.0	610.0
Acquire-EHT_C5_60_2	401	13953	253.0	199.0	229.0	609.0
Acquire-EHT_C5_60_2	402	13984	253.0	200.0	229.0	608.0
Acquire-EHT_C5_60_2	403	14015	253.0	201.0	229.0	608.0
Acquire-EHT_C5_60_2	404	14046	253.0	201.0	229.0	608.0
Acquire-EHT_C5_60_2	405	14078	253.0	201.0	229.0	608.0
Acquire-EHT_C5_60_2	406	14109	253.0	201.0	229.0	608.0
Acquire-EHT_C5_60_2	407	14140	253.0	201.0	229.0	608.0
Acquire-EHT_C5_60_2	408	14171	253.0	200.0	229.0	608.0
Acquire-EHT_C5_60_2	409	14218	253.0	200.0	229.0	609.0
Acquire-EHT_C5_60_2	410	14249	253.0	199.0	229.0	610.0
Acquire-EHT_C5_60_2	411	14281	253.0	198.0	229.0	610.0
Acquire-EHT_C5_60_2	412	14312	253.0	198.0	229.0	611.0
Acquire-EHT_C5_60_2	413	14343	253.0	198.0	229.0	611.0
Acquire-EHT_C5_60_2	414	14374	253.0	198.0	229.0	611.0
Acquire-EHT_C5_60_2	415	14406	253.0	200.0	229.0	609.0
Acquire-EHT_C5_60_2	416	14718	253.0	201.0	229.0	608.0
Acquire-EHT_C5_60_2	417	14749	253.0	201.0	229.0	608.0
Acquire-EHT_C5_60_2	418	14781	253.0	201.0	229.0	608.0
Acquire-EHT_C5_60_2	419	14812	253.0	201.0	229.0	608.0
Acquire-EHT_C5_60_2	420	14843	253.0	201.0	229.0	608.0
Acquire-EHT_C5_60_2	421	14874	253.0	201.0	229.0	608.0
Acquire-EHT_C5_60_2	422	14906	253.0	201.0	229.0	608.0
Acquire-EHT_C5_60_2	423	14952	253.0	200.0	229.0	609.0
Acquire-EHT_C5_60_2	424	14984	253.0	199.0	229.0	610.0
Acquire-EHT_C5_60_2	425	15015	253.0	198.0	229.0	610.0
Acquire-EHT_C5_60_2	426	15046	253.0	198.0	229.0	611.0
Acquire-EHT_C5_60_2	427	15077	253.0	198.0	229.0	611.0
Acquire-EHT_C5_60_2	428	15109	253.0	198.0	229.0	611.0
Acquire-EHT_C5_60_2	429	15140	253.0	198.0	229.0	611.0
Acquire-EHT_C5_60_2	430	15171	253.0	198.0	229.0	611.0
Acquire-EHT_C5_60_2	431	15218	253.0	198.0	229.0	611.0
Acquire-EHT_C5_60_2	432	15249	253.0	198.0	229.0	611.0
Acquire-EHT_C5_60_2	433	15281	253.0	198.0	229.0	611.0
Acquire-EHT_C5_60_2	434	15312	253.0	198.0	229.0	611.0
Acquire-EHT_C5_60_2	435	15343	253.0	198.0	229.0	611.0
Acquire-EHT_C5_60_2	436	15374	253.0	198.0	229.0	611.0
Acquire-EHT_C5_60_2	437	15406	253.0	199.0	229.0	610.0
Acquire-EHT_C5_60_2	438	15452	253.0	200.0	229.0	609.0
Acquire-EHT_C5_60_2	439	15484	253.0	201.0	229.0	608.0
Acquire-EHT_C5_60_2	440	15515	253.0	201.0	229.0	608.0
Acquire-EHT_C5_60_2	441	15546	253.0	201.0	229.0	608.0
Acquire-EHT_C5_60_2	442	15577	253.0	201.0	229.0	607.0
Acquire-EHT_C5_60_2	443	15609	253.0	201.0	229.0	608.0
Acquire-EHT_C5_60_2	444	15640	253.0	201.0	229.0	608.0
Acquire-EHT_C5_60_2	445	15671	253.0	201.0	229.0	608.0
Acquire-EHT_C5_60_2	446	15718	253.0	200.0	229.0	609.0
Acquire-EHT_C5_60_2	447	15749	253.0	199.0	229.0	610.0
Acquire-EHT_C5_60_2	448	15781	253.0	199.0	229.0	610.0
Acquire-EHT_C5_60_2	449	15812	253.0	198.0	229.0	611.0
Acquire-EHT_C5_60_2	450	15843	253.0	198.0	229.0	611.0
Acquire-EHT_C5_60_2	451	15874	253.0	198.0	229.0	611.0
Acquire-EHT_C5_60_2	452	15906	253.0	198.0	229.0	611.0
Acquire-EHT_C5_60_2	453	15952	253.0	198.0	229.0	611.0
Acquire-EHT_C5_60_2	454	15984	253.0	198.0	229.0	611.0
Acquire-EHT_C5_60_2	455	16015	253.0	198.0	229.0	611.0
Acquire-EHT_C5_60_2	456	16046	253.0	198.0	229.0	611.0
Acquire-EHT_C5_60_2	457	16077	253.0	198.0	229.0	611.0
Acquire-EHT_C5_60_2	458	16109	253.0	201.0	229.0	608.0
Acquire-EHT_C5_60_2	459	16374	253.0	201.0	229.0	608.0
Acquire-EHT_C5_60_2	460	16405	253.0	201.0	229.0	609.0
Acquire-EHT_C5_60_2	461	16452	253.0	200.0	229.0	609.0
Acquire-EHT_C5_60_2	462	16484	253.0	199.0	229.0	610.0
Acquire-EHT_C5_60_2	463	16515	253.0	198.0	229.0	610.0
Acquire-EHT_C5_60_2	464	16546	253.0	198.0	229.0	611.0
Acquire-EHT_C5_60_2	465	16577	253.0	198.0	229.0	611.0
Acquire-EHT_C5_60_2	466	16609	253.0	198.0	229.0	611.0
Acquire-EHT_C5_60_2	467	16640	253.0	198.0	229.0	611.0
Acquire-EHT_C5_60_2	468	16671	253.0	198.0	229.0	611.0
Acquire-EHT_C5_60_2	469	16718	253.0	198.0	229.0	611.0
Acquire-EHT_C5_60_2	470	16749	253.0	198.0	229.0	611.0
Acquire-EHT_C5_60_2	471	16780	253.0	198.0	229.0	611.0
Acquire-EHT_C5_60_2	472	16812	253.0	198.0	229.0	611.0
Acquire-EHT_C5_60_2	473	16843	253.0	198.0	229.0	611.0
Acquire-EHT_C5_60_2	474	16874	253.0	198.0	229.0	611.0
Acquire-EHT_C5_60_2	475	16905	253.0	198.0	229.0	611.0
Acquire-EHT_C5_60_2	476	16952	253.0	199.0	229.0	610.0
Acquire-EHT_C5_60_2	477	16984	253.0	200.0	229.0	609.0
Acquire-EHT_C5_60_2	478	17015	253.0	201.0	229.0	608.0
Acquire-EHT_C5_60_2	479	17046	253.0	201.0	229.0	608.0
Acquire-EHT_C5_60_2	480	17077	253.0	201.0	229.0	607.0
Acquire-EHT_C5_60_2	481	17109	253.0	202.0	229.0	607.0
Acquire-EHT_C5_60_2	482	17140	253.0	201.0	229.0	607.0
Acquire-EHT_C5_60_2	483	17171	253.0	201.0	229.0	608.0
Acquire-EHT_C5_60_2	484	17218	253.0	201.0	229.0	609.0
Acquire-EHT_C5_60_2	485	17249	253.0	200.0	229.0	609.0
Acquire-EHT_C5_60_2	486	17280	253.0	199.0	229.0	610.0
Acquire-EHT_C5_60_2	487	17312	253.0	198.0	229.0	610.0
Acquire-EHT_C5_60_2	488	17343	253.0	198.0	229.0	611.0
Acquire-EHT_C5_60_2	489	17374	253.0	198.0	229.0	611.0
Acquire-EHT_C5_60_2	490	17405	253.0	198.0	229.0	611.0
Acquire-EHT_C5_60_2	491	17452	253.0	198.0	229.0	611.0
Acquire-EHT_C5_60_2	492	17484	253.0	198.0	229.0	611.0
Acquire-EHT_C5_60_2	493	17515	253.0	198.0	229.0	611.0
Acquire-EHT_C5_60_2	494	17546	253.0	198.0	229.0	611.0
Acquire-EHT_C5_60_2	495	17577	253.0	198.0	229.0	611.0
Acquire-EHT_C5_60_2	496	17609	253.0	198.0	229.0	611.0
Acquire-EHT_C5_60_2	497	17640	253.0	198.0	229.0	611.0
Acquire-EHT_C5_60_2	498	17671	253.0	199.0	229.0	610.0
Acquire-EHT_C5_60_2	499	17718	253.0	200.0	229.0	609.0
Acquire-EHT_C5_60_2	500	18015	253.0	199.0	229.0	610.0
Acquire-EHT_C5_60_2	501	18046	253.0	198.0	229.0	611.0
Acquire-EHT_C5_60_2	502	18077	253.0	198.0	229.0	611.0
Acquire-EHT_C5_60_2	503	18108	253.0	198.0	229.0	611.0
Acquire-EHT_C5_60_2	504	18140	253.0	198.0	229.0	611.0
Acquire-EHT_C5_60_2	505	18171	253.0	198.0	229.0	611.0
Acquire-EHT_C5_60_2	506	18218	253.0	198.0	229.0	611.0
Acquire-EHT_C5_60_2	507	18249	253.0	198.0	229.0	611.0
Acquire-EHT_C5_60_2	508	18280	253.0	198.0	229.0	611.0
Acquire-EHT_C5_60_2	509	18312	253.0	198.0	229.0	611.0
Acquire-EHT_C5_60_2	510	18343	253.0	198.0	229.0	611.0
Acquire-EHT_C5_60_2	511	18374	253.0	198.0	229.0	611.0
Acquire-EHT_C5_60_2	512	18405	253.0	198.0	229.0	610.0
Acquire-EHT_C5_60_2	513	18452	253.0	199.0	229.0	609.0
Acquire-EHT_C5_60_2	514	18483	253.0	200.0	229.0	608.0
Acquire-EHT_C5_60_2	515	18515	253.0	201.0	229.0	608.0
Acquire-EHT_C5_60_2	516	18546	253.0	201.0	229.0	608.0
Acquire-EHT_C5_60_2	517	18577	253.0	201.0	229.0	608.0
Acquire-EHT_C5_60_2	518	18608	253.0	201.0	229.0	607.0
Acquire-EHT_C5_60_2	519	18640	253.0	201.0	229.0	608.0
Acquire-EHT_C5_60_2	520	18671	253.0	201.0	229.0	608.0
Acquire-EHT_C5_60_2	521	18718	253.0	200.0	229.0	609.0
Acquire-EHT_C5_60_2	522	18749	253.0	199.0	229.0	609.0
Acquire-EHT_C5_60_2	523	18780	253.0	199.0	229.0	610.0
Acquire-EHT_C5_60_2	524	18812	253.0	198.0	229.0	611.0
Acquire-EHT_C5_60_2	525	18843	253.0	198.0	229.0	611.0
Acquire-EHT_C5_60_2	526	18874	253.0	198.0	229.0	611.0
Acquire-EHT_C5_60_2	527	18905	253.0	198.0	229.0	611.0
Acquire-EHT_C5_60_2	528	18952	253.0	198.0	229.0	611.0
Acquire-EHT_C5_60_2	529	18983	253.0	198.0	229.0	611.0
Acquire-EHT_C5_60_2	530	19015	253.0	198.0	229.0	611.0
Acquire-EHT_C5_60_2	531	19046	253.0	198.0	229.0	611.0
Acquire-EHT_C5_60_2	532	19077	253.0	198.0	229.0	611.0
Acquire-EHT_C5_60_2	533	19108	253.0	198.0	229.0	611.0
Acquire-EHT_C5_60_2	534	19140	253.0	198.0	229.0	611.0
Acquire-EHT_C5_60_2	535	19171	253.0	199.0	229.0	610.0
Acquire-EHT_C5_60_2	536	19218	253.0	200.0	229.0	609.0
Acquire-EHT_C5_60_2	537	19249	253.0	201.0	229.0	608.0
Acquire-EHT_C5_60_2	538	19280	253.0	201.0	229.0	608.0
Acquire-EHT_C5_60_2	539	19312	253.0	201.0	229.0	609.0
Acquire-EHT_C5_60_2	540	19483	253.0	198.0	229.0	611.0
Acquire-EHT_C5_60_2	541	19749	253.0	198.0	229.0	611.0
Acquire-EHT_C5_60_2	542	19780	253.0	198.0	229.0	611.0
Acquire-EHT_C5_60_2	543	19811	253.0	198.0	229.0	611.0
Acquire-EHT_C5_60_2	544	19843	253.0	198.0	229.0	611.0
Acquire-EHT_C5_60_2	545	19874	253.0	198.0	229.0	611.0
Acquire-EHT_C5_60_2	546	19905	253.0	198.0	229.0	611.0
Acquire-EHT_C5_60_2	547	19952	253.0	199.0	229.0	610.0
Acquire-EHT_C5_60_2	548	19983	253.0	200.0	229.0	609.0
Acquire-EHT_C5_60_2	549	20015	253.0	200.0	229.0	608.0
Acquire-EHT_C5_60_2	550	20046	253.0	201.0	229.0	608.0
Acquire-EHT_C5_60_2	551	20077	253.0	201.0	229.0	608.0
Acquire-EHT_C5_60_2	552	20108	253.0	201.0	229.0	607.0
Acquire-EHT_C5_60_2	553	20140	253.0	201.0	229.0	608.0
Acquire-EHT_C5_60_2	554	20171	253.0	201.0	229.0	608.0
Acquire-EHT_C5_60_2	555	20218	253.0	201.0	229.0	608.0
Acquire-EHT_C5_60_2	556	20249	253.0	200.0	229.0	609.0
Acquire-EHT_C5_60_2	557	20280	253.0	199.0	229.0	610.0
Acquire-EHT_C5_60_2	558	20311	253.0	199.0	229.0	611.0
Acquire-EHT_C5_60_2	559	20343	253.0	198.0	229.0	611.0
Acquire-EHT_C5_60_2	560	20374	253.0	198.0	229.0	611.0
Acquire-EHT_C5_60_2	561	20405	253.0	198.0	229.0	611.0
Acquire-EHT_C5_60_2	562	20452	253.0	198.0	229.0	611.0
Acquire-EHT_C5_60_2	563	20483	253.0	198.0	229.0	611.0
Acquire-EHT_C5_60_2	564	20515	253.0	198.0	229.0	611.0
Acquire-EHT_C5_60_2	565	20546	253.0	198.0	229.0	611.0
Acquire-EHT_C5_60_2	566	20577	253.0	198.0	229.0	611.0
Acquire-EHT_C5_60_2	567	20608	253.0	198.0	229.0	611.0
Acquire-EHT_C5_60_2	568	20640	253.0	198.0	229.0	610.0
Acquire-EHT_C5_60_2	569	20671	253.0	199.0	229.0	609.0
Acquire-EHT_C5_60_2	570	20718	253.0	200.0	229.0	608.0
Acquire-EHT_C5_60_2	571	20749	253.0	201.0	229.0	608.0
Acquire-EHT_C5_60_2	572	20780	253.0	201.0	229.0	608.0
Acquire-EHT_C5_60_2	573	20811	253.0	201.0	229.0	607.0
Acquire-EHT_C5_60_2	574	20843	253.0	201.0	229.0	608.0
Acquire-EHT_C5_60_2	575	20874	253.0	201.0	229.0	608.0
Acquire-EHT_C5_60_2	576	20905	253.0	201.0	229.0	608.0
Acquire-EHT_C5_60_2	577	20952	253.0	200.0	229.0	609.0
Acquire-EHT_C5_60_2	578	20983	253.0	200.0	229.0	609.0
Acquire-EHT_C5_60_2	579	21015	253.0	199.0	229.0	610.0
Acquire-EHT_C5_60_2	580	21046	253.0	198.0	229.0	611.0
Acquire-EHT_C5_60_2	581	21077	253.0	198.0	229.0	611.0
Acquire-EHT_C5_60_2	582	21108	253.0	198.0	229.0	611.0
Acquire-EHT_C5_60_2	583	21140	253.0	198.0	229.0	611.0
Acquire-EHT_C5_60_2	584	21171	253.0	198.0	229.0	611.0
Acquire-EHT_C5_60_2	585	21218	253.0	198.0	229.0	611.0
Acquire-EHT_C5_60_2	586	21249	253.0	201.0	229.0	608.0
Acquire-EHT_C5_60_2	587	21515	253.0	201.0	229.0	607.0
Acquire-EHT_C5_60_2	588	21546	253.0	202.0	229.0	607.0
Acquire-EHT_C5_60_2	589	21577	253.0	201.0	229.0	608.0
Acquire-EHT_C5_60_2	590	21608	253.0	201.0	229.0	608.0
Acquire-EHT_C5_60_2	591	21639	253.0	200.0	229.0	609.0
Acquire-EHT_C5_60_2	592	21671	253.0	199.0	229.0	609.0
Acquire-EHT_C5_60_2	593	21718	253.0	199.0	229.0	610.0
Acquire-EHT_C5_60_2	594	21749	253.0	198.0	229.0	611.0
Acquire-EHT_C5_60_2	595	21780	253.0	198.0	229.0	611.0
Acquire-EHT_C5_60_2	596	21811	253.0	198.0	229.0	611.0
Acquire-EHT_C5_60_2	597	21843	253.0	198.0	229.0	611.0
Acquire-EHT_C5_60_2	598	21874	253.0	198.0	229.0	611.0
Acquire-EHT_C5_60_2	599	21905	253.0	198.0	229.0	611.0
Acquire-EHT_C5_60_2	600	21952	253.0	198.0	229.0	611.0
Acquire-EHT_C5_60_2	601	21983	253.0	198.0	229.0	611.0
Acquire-EHT_C5_60_2	602	22014	253.0	198.0	229.0	611.0
Acquire-EHT_C5_60_2	603	22046	253.0	198.0	229.0	611.0
Acquire-EHT_C5_60_2	604	22077	253.0	198.0	229.0	611.0
Acquire-EHT_C5_60_2	605	22108	253.0	199.0	229.0	610.0
Acquire-EHT_C5_60_2	606	22139	253.0	200.0	229.0	609.0
Acquire-EHT_C5_60_2	607	22171	253.0	201.0	229.0	608.0
Acquire-EHT_C5_60_2	608	22218	253.0	201.0	229.0	608.0
Acquire-EHT_C5_60_2	609	22249	253.0	201.0	229.0	608.0
Acquire-EHT_C5_60_2	610	22280	253.0	201.0	229.0	608.0
Acquire-EHT_C5_60_2	611	22311	253.0	201.0	229.0	608.0
Acquire-EHT_C5_60_2	612	22343	253.0	201.0	229.0	608.0
Acquire-EHT_C5_60_2	613	22374	253.0	200.0	229.0	609.0
Acquire-EHT_C5_60_2	614	22405	253.0	200.0	229.0	609.0
Acquire-EHT_C5_60_2	615	22452	253.0	199.0	229.0	610.0
Acquire-EHT_C5_60_2	616	22483	253.0	198.0	229.0	610.0
Acquire-EHT_C5_60_2	617	22514	253.0	198.0	229.0	611.0
Acquire-EHT_C5_60_2	618	22546	253.0	198.0	229.0	611.0
Acquire-EHT_C5_60_2	619	22577	253.0	198.0	229.0	611.0
Acquire-EHT_C5_60_2	620	22608	253.0	198.0	229.0	611.0
Acquire-EHT_C5_60_2	621	22639	253.0	198.0	229.0	611.0
Acquire-EHT_C5_60_2	622	22671	253.0	198.0	229.0	611.0
Acquire-EHT_C5_60_2	623	22718	253.0	198.0	229.0	611.0
Acquire-EHT_C5_60_2	624	22749	253.0	198.0	229.0	611.0
Acquire-EHT_C5_60_2	625	22780	253.0	198.0	229.0	611.0
Acquire-EHT_C5_60_2	626	22811	253.0	198.0	229.0	611.0
Acquire-EHT_C5_60_2	627	22843	253.0	198.0	229.0	611.0
Acquire-EHT_C5_60_2	628	22874	253.0	200.0	229.0	608.0
Acquire-EHT_C5_60_2	629	23171	253.0	200.0	229.0	609.0
Acquire-EHT_C5_60_2	630	23218	253.0	199.0	229.0	610.0
Acquire-EHT_C5_60_2	631	23249	253.0	199.0	229.0	611.0
Acquire-EHT_C5_60_2	632	23405	253.0	198.0	229.0	611.0
Acquire-EHT_C5_60_2	633	23452	253.0	198.0	229.0	611.0
Acquire-EHT_C5_60_2	634	23483	253.0	198.0	229.0	611.0
Acquire-EHT_C5_60_2	635	23514	253.0	198.0	229.0	611.0
Acquire-EHT_C5_60_2	636	23546	253.0	198.0	229.0	611.0
Acquire-EHT_C5_60_2	637	23577	253.0	199.0	229.0	610.0
Acquire-EHT_C5_60_2	638	23608	253.0	200.0	229.0	609.0
Acquire-EHT_C5_60_2	639	23639	253.0	201.0	229.0	608.0
Acquire-EHT_C5_60_2	640	23671	253.0	201.0	229.0	608.0
Acquire-EHT_C5_60_2	641	23717	253.0	201.0	229.0	608.0
Acquire-EHT_C5_60_2	642	23749	253.0	201.0	229.0	608.0
Acquire-EHT_C5_60_2	643	23780	253.0	201.0	229.0	608.0
Acquire-EHT_C5_60_2	644	23811	253.0	201.0	229.0	608.0
Acquire-EHT_C5_60_2	645	23842	253.0	201.0	229.0	608.0
Acquire-EHT_C5_60_2	646	23874	253.0	200.0	229.0	609.0
Acquire-EHT_C5_60_2	647	23905	253.0	199.0	229.0	610.0
Acquire-EHT_C5_60_2	648	23952	253.0	199.0	229.0	610.0
Acquire-EHT_C5_60_2	649	23983	253.0	198.0	229.0	611.0
Acquire-EHT_C5_60_2	650	24014	253.0	198.0	229.0	611.0
Acquire-EHT_C5_60_2	651	24046	253.0	198.0	229.0	611.0
Acquire-EHT_C5_60_2	652	24077	253.0	198.0	229.0	611.0
Acquire-EHT_C5_60_2	653	24108	253.0	198.0	229.0	611.0
Acquire-EHT_C5_60_2	654	24139	253.0	198.0	229.0	611.0
Acquire-EHT_C5_60_2	655	24171	253.0	198.0	229.0	611.0
Acquire-EHT_C5_60_2	656	24217	253.0	198.0	229.0	611.0
Acquire-EHT_C5_60_2	657	24249	253.0	198.0	229.0	611.0
Acquire-EHT_C5_60_2	658	24280	253.0	198.0	229.0	611.0
Acquire-EHT_C5_60_2	659	24311	253.0	198.0	229.0	611.0
Acquire-EHT_C5_60_2	660	24342	253.0	199.0	229.0	610.0
Acquire-EHT_C5_60_2	661	24374	253.0	200.0	229.0	609.0
Acquire-EHT_C5_60_2	662	24405	253.0	201.0	229.0	608.0
Acquire-EHT_C5_60_2	663	24452	253.0	201.0	229.0	607.0
Acquire-EHT_C5_60_2	664	24483	253.0	201.0	229.0	607.0
Acquire-EHT_C5_60_2	665	24514	253.0	201.0	229.0	607.0
Acquire-EHT_C5_60_2	666	24546	253.0	201.0	229.0	608.0
Acquire-EHT_C5_60_2	667	24577	253.0	201.0	229.0	608.0
Acquire-EHT_C5_60_2	668	24608	253.0	201.0	229.0	609.0
Acquire-EHT_C5_60_2	669	24639	253.0	200.0	229.0	609.0
Acquire-EHT_C5_60_2	670	24671	253.0	199.0	229.0	610.0
Acquire-EHT_C5_60_2	671	24717	253.0	198.0	229.0	610.0
Acquire-EHT_C5_60_2	672	24749	253.0	198.0	229.0	611.0
Acquire-EHT_C5_60_2	673	24780	253.0	198.0	229.0	611.0
Acquire-EHT_C5_60_2	674	24811	253.0	198.0	229.0	611.0
Acquire-EHT_C5_60_2	675	24952	253.0	198.0	229.0	611.0
Acquire-EHT_C5_60_2	676	25139	253.0	198.0	229.0	611.0
Acquire-EHT_C5_60_2	677	25171	253.0	198.0	229.0	611.0
Acquire-EHT_C5_60_2	678	25217	253.0	199.0	229.0	610.0
Acquire-EHT_C5_60_2	679	25249	253.0	200.0	229.0	609.0
Acquire-EHT_C5_60_2	680	25280	253.0	201.0	229.0	608.0
Acquire-EHT_C5_60_2	681	25311	253.0	201.0	229.0	607.0
Acquire-EHT_C5_60_2	682	25342	253.0	201.0	229.0	607.0
Acquire-EHT_C5_60_2	683	25374	253.0	201.0	229.0	607.0
Acquire-EHT_C5_60_2	684	25405	253.0	201.0	229.0	607.0
Acquire-EHT_C5_60_2	685	25452	253.0	201.0	229.0	608.0
Acquire-EHT_C5_60_2	686	25483	253.0	200.0	229.0	608.0
Acquire-EHT_C5_60_2	687	25514	253.0	200.0	229.0	609.0
Acquire-EHT_C5_60_2	688	25545	253.0	199.0	229.0	610.0
Acquire-EHT_C5_60_2	689	25577	253.0	198.0	229.0	610.0
Acquire-EHT_C5_60_2	690	25608	253.0	198.0	229.0	611.0
Acquire-EHT_C5_60_2	691	25639	253.0	198.0	229.0	611.0
Acquire-EHT_C5_60_2	692	25670	253.0	198.0	229.0	611.0
Acquire-EHT_C5_60_2	693	25717	253.0	198.0	229.0	611.0
Acquire-EHT_C5_60_2	694	25749	253.0	198.0	229.0	611.0
Acquire-EHT_C5_60_2	695	25780	253.0	198.0	229.0	611.0
Acquire-EHT_C5_60_2	696	25811	253.0	198.0	229.0	611.0
Acquire-EHT_C5_60_2	697	25842	253.0	198.0	229.0	611.0
Acquire-EHT_C5_60_2	698	25874	253.0	198.0	229.0	611.0
Acquire-EHT_C5_60_2	699	25905	253.0	198.0	229.0	611.0
Acquire-EHT_C5_60_2	700	25952	253.0	198.0	229.0	611.0
Acquire-EHT_C5_60_2	701	25983	253.0	198.0	229.0	611.0
Acquire-EHT_C5_60_2	702	26014	253.0	198.0	229.0	611.0
Acquire-EHT_C5_60_2	703	26045	253.0	198.0	229.0	610.0
Acquire-EHT_C5_60_2	704	26077	253.0	200.0	229.0	610.0
Acquire-EHT_C5_60_2	705	26108	253.0	200.0	229.0	608.0
Acquire-EHT_C5_60_2	706	26139	253.0	201.0	229.0	608.0
Acquire-EHT_C5_60_2	707	26170	253.0	201.0	229.0	607.0
Acquire-EHT_C5_60_2	708	26217	253.0	201.0	229.0	607.0
Acquire-EHT_C5_60_2	709	26249	253.0	201.0	229.0	607.0
Acquire-EHT_C5_60_2	710	26280	253.0	201.0	229.0	608.0
Acquire-EHT_C5_60_2	711	26311	253.0	201.0	229.0	608.0
Acquire-EHT_C5_60_2	712	26342	253.0	200.0	229.0	608.0
Acquire-EHT_C5_60_2	713	26374	253.0	200.0	229.0	609.0
Acquire-EHT_C5_60_2	714	26405	253.0	199.0	229.0	610.0
Acquire-EHT_C5_60_2	715	26452	253.0	198.0	229.0	610.0
Acquire-EHT_C5_60_2	716	26483	253.0	198.0	229.0	611.0
Acquire-EHT_C5_60_2	717	26717	253.0	198.0	229.0	611.0
Acquire-EHT_C5_60_2	718	26749	253.0	198.0	229.0	611.0
Acquire-EHT_C5_60_2	719	26780	253.0	198.0	229.0	611.0
Acquire-EHT_C5_60_2	720	26811	253.0	198.0	229.0	611.0
Acquire-EHT_C5_60_2	721	26842	253.0	199.0	229.0	610.0
Acquire-EHT_C5_60_2	722	26874	253.0	200.0	229.0	609.0
Acquire-EHT_C5_60_2	723	26905	253.0	201.0	229.0	608.0
Acquire-EHT_C5_60_2	724	26952	253.0	201.0	229.0	608.0
Acquire-EHT_C5_60_2	725	26983	253.0	201.0	229.0	607.0
Acquire-EHT_C5_60_2	726	27014	253.0	201.0	229.0	608.0
Acquire-EHT_C5_60_2	727	27045	253.0	201.0	229.0	607.0
Acquire-EHT_C5_60_2	728	27077	253.0	201.0	229.0	608.0
Acquire-EHT_C5_60_2	729	27108	253.0	200.0	229.0	608.0
Acquire-EHT_C5_60_2	730	27139	253.0	200.0	229.0	609.0
Acquire-EHT_C5_60_2	731	27170	253.0	199.0	229.0	610.0
Acquire-EHT_C5_60_2	732	27217	253.0	199.0	229.0	610.0
Acquire-EHT_C5_60_2	733	27248	253.0	198.0	229.0	611.0
Acquire-EHT_C5_60_2	734	27280	253.0	198.0	229.0	611.0
Acquire-EHT_C5_60_2	735	27311	253.0	198.0	229.0	611.0
Acquire-EHT_C5_60_2	736	27342	253.0	198.0	229.0	611.0
Acquire-EHT_C5_60_2	737	27373	253.0	198.0	229.0	611.0
Acquire-EHT_C5_60_2	738	27405	253.0	198.0	229.0	611.0
Acquire-EHT_C5_60_2	739	27452	253.0	198.0	229.0	611.0
Acquire-EHT_C5_60_2	740	27483	253.0	198.0	229.0	611.0
Acquire-EHT_C5_60_2	741	27514	253.0	198.0	229.0	611.0
Acquire-EHT_C5_60_2	742	27545	253.0	198.0	229.0	611.0
Acquire-EHT_C5_60_2	743	27577	253.0	198.0	229.0	611.0
Acquire-EHT_C5_60_2	744	27608	253.0	199.0	229.0	610.0
Acquire-EHT_C5_60_2	745	27639	253.0	200.0	229.0	609.0
Acquire-EHT_C5_60_2	746	27686	253.0	201.0	229.0	608.0
Acquire-EHT_C5_60_2	747	27717	253.0	201.0	229.0	608.0
Acquire-EHT_C5_60_2	748	27748	253.0	201.0	229.0	607.0
Acquire-EHT_C5_60_2	749	27780	253.0	201.0	229.0	607.0
Acquire-EHT_C5_60_2	750	27811	253.0	201.0	229.0	608.0
Acquire-EHT_C5_60_2	751	27842	253.0	201.0	229.0	608.0
Acquire-EHT_C5_60_2	752	27873	253.0	200.0	229.0	608.0
Acquire-EHT_C5_60_2	753	27905	253.0	200.0	229.0	609.0
Acquire-EHT_C5_60_2	754	27952	253.0	199.0	229.0	610.0
Acquire-EHT_C5_60_2	755	27983	253.0	198.0	229.0	610.0
Acquire-EHT_C5_60_2	756	28014	253.0	198.0	229.0	611.0
Acquire-EHT_C5_60_2	757	28045	253.0	198.0	229.0	611.0
Acquire-EHT_C5_60_2	758	28077	253.0	198.0	229.0	611.0
Acquire-EHT_C5_60_2	759	28342	253.0	199.0	229.0	610.0
Acquire-EHT_C5_60_2	760	28373	253.0	200.0	229.0	609.0
Acquire-EHT_C5_60_2	761	28405	253.0	200.0	229.0	608.0
Acquire-EHT_C5_60_2	762	28452	253.0	201.0	229.0	608.0
Acquire-EHT_C5_60_2	763	28483	253.0	201.0	229.0	607.0
Acquire-EHT_C5_60_2	764	28514	253.0	201.0	229.0	608.0
Acquire-EHT_C5_60_2	765	28545	253.0	201.0	229.0	608.0
Acquire-EHT_C5_60_2	766	28577	253.0	201.0	229.0	608.0
Acquire-EHT_C5_60_2	767	28608	253.0	200.0	229.0	608.0
Acquire-EHT_C5_60_2	768	28639	253.0	200.0	229.0	609.0
Acquire-EHT_C5_60_2	769	28686	253.0	199.0	229.0	610.0
Acquire-EHT_C5_60_2	770	28717	253.0	199.0	229.0	610.0
Acquire-EHT_C5_60_2	771	28748	253.0	198.0	229.0	611.0
Acquire-EHT_C5_60_2	772	28780	253.0	198.0	229.0	611.0
Acquire-EHT_C5_60_2	773	28811	253.0	198.0	229.0	611.0
Acquire-EHT_C5_60_2	774	28842	253.0	198.0	229.0	611.0
Acquire-EHT_C5_60_2	775	28873	253.0	198.0	229.0	611.0
Acquire-EHT_C5_60_2	776	28905	253.0	198.0	229.0	611.0
Acquire-EHT_C5_60_2	777	28951	253.0	198.0	229.0	611.0
Acquire-EHT_C5_60_2	778	28983	253.0	198.0	229.0	611.0
Acquire-EHT_C5_60_2	779	29014	253.0	198.0	229.0	611.0
Acquire-EHT_C5_60_2	780	29045	253.0	198.0	229.0	611.0
Acquire-EHT_C5_60_2	781	29076	253.0	198.0	229.0	611.0
Acquire-EHT_C5_60_2	782	29108	253.0	198.0	229.0	611.0
Acquire-EHT_C5_60_2	783	29139	253.0	199.0	229.0	610.0
Acquire-EHT_C5_60_2	784	29186	253.0	200.0	229.0	609.0
Acquire-EHT_C5_60_2	785	29217	253.0	201.0	229.0	608.0
Acquire-EHT_C5_60_2	786	29248	253.0	201.0	229.0	607.0
Acquire-EHT_C5_60_2	787	29280	253.0	201.0	229.0	607.0
Acquire-EHT_C5_60_2	788	29311	253.0	201.0	229.0	608.0
Acquire-EHT_C5_60_2	789	29342	253.0	201.0	229.0	607.0
Acquire-EHT_C5_60_2	790	29373	253.0	201.0	229.0	608.0
Acquire-EHT_C5_60_2	791	29405	253.0	200.0	229.0	608.0
Acquire-EHT_C5_60_2	792	29451	253.0	200.0	229.0	609.0
Acquire-EHT_C5_60_2	793	29483	253.0	199.0	229.0	610.0
Acquire-EHT_C5_60_2	794	29514	253.0	198.0	229.0	610.0
Acquire-EHT_C5_60_2	795	29545	253.0	198.0	229.0	611.0
Acquire-EHT_C5_60_2	796	29576	253.0	198.0	229.0	611.0
Acquire-EHT_C5_60_2	797	29608	253.0	198.0	229.0	611.0
Acquire-EHT_C5_60_2	798	29639	253.0	198.0	229.0	611.0
Acquire-EHT_C5_60_2	799	29717	253.0	198.0	229.0	611.0
Acquire-EHT_C5_60_2	800	29951	253.0	199.0	229.0	610.0
Acquire-EHT_C5_60_1	0	0	254.0	198.0	230.0	608.0
Acquire-EHT_C5_60_1	1	15	254.0	198.0	230.0	608.0
Acquire-EHT_C5_60_1	2	140	254.0	196.0	231.0	611.0
Acquire-EHT_C5_60_1	3	219	254.0	195.0	230.0	611.0
Acquire-EHT_C5_60_1	4	281	254.0	195.0	231.0	611.0
Acquire-EHT_C5_60_1	5	344	254.0	194.0	230.0	612.0
Acquire-EHT_C5_60_1	6	375	254.0	195.0	230.0	611.0
Acquire-EHT_C5_60_1	7	437	254.0	194.0	230.0	612.0
Acquire-EHT_C5_60_1	8	515	254.0	195.0	230.0	611.0
Acquire-EHT_C5_60_1	9	578	254.0	195.0	230.0	611.0
Acquire-EHT_C5_60_1	10	609	254.0	195.0	230.0	612.0
Acquire-EHT_C5_60_1	11	1140	254.0	195.0	230.0	612.0
Acquire-EHT_C5_60_1	12	1172	254.0	194.0	230.0	612.0
Acquire-EHT_C5_60_1	13	1218	254.0	194.0	230.0	612.0
Acquire-EHT_C5_60_1	14	1250	254.0	194.0	231.0	611.0
Acquire-EHT_C5_60_1	15	1312	254.0	195.0	230.0	611.0
Acquire-EHT_C5_60_1	16	1375	254.0	196.0	230.0	610.0
Acquire-EHT_C5_60_1	17	1406	254.0	198.0	230.0	608.0
Acquire-EHT_C5_60_1	18	1484	254.0	198.0	230.0	608.0
Acquire-EHT_C5_60_1	19	1609	254.0	198.0	230.0	609.0
Acquire-EHT_C5_60_1	20	1672	254.0	197.0	230.0	609.0
Acquire-EHT_C5_60_1	21	1718	254.0	195.0	230.0	611.0
Acquire-EHT_C5_60_1	22	1781	254.0	195.0	230.0	612.0
Acquire-EHT_C5_60_1	23	1843	254.0	195.0	230.0	612.0
Acquire-EHT_C5_60_1	24	1906	254.0	195.0	231.0	611.0
Acquire-EHT_C5_60_1	25	2015	254.0	195.0	230.0	612.0
Acquire-EHT_C5_60_1	26	2078	254.0	195.0	231.0	611.0
Acquire-EHT_C5_60_1	27	2109	254.0	195.0	230.0	610.0
Acquire-EHT_C5_60_1	28	2172	254.0	197.0	230.0	609.0
Acquire-EHT_C5_60_1	29	2250	254.0	198.0	230.0	608.0
Acquire-EHT_C5_60_1	30	2312	254.0	195.0	230.0	611.0
Acquire-EHT_C5_60_1	31	2578	254.0	195.0	230.0	611.0
Acquire-EHT_C5_60_1	32	2640	254.0	195.0	230.0	612.0
Acquire-EHT_C5_60_1	33	2672	254.0	195.0	230.0	612.0
Acquire-EHT_C5_60_1	34	2718	254.0	194.0	230.0	612.0
Acquire-EHT_C5_60_1	35	2781	254.0	195.0	230.0	612.0
Acquire-EHT_C5_60_1	36	2875	254.0	195.0	230.0	612.0
Acquire-EHT_C5_60_1	37	2906	254.0	198.0	230.0	608.0
Acquire-EHT_C5_60_1	38	3015	254.0	198.0	230.0	608.0
Acquire-EHT_C5_60_1	39	3078	254.0	198.0	230.0	608.0
Acquire-EHT_C5_60_1	40	3140	254.0	198.0	230.0	608.0
Acquire-EHT_C5_60_1	41	3218	254.0	197.0	230.0	610.0
Acquire-EHT_C5_60_1	42	3281	254.0	195.0	231.0	611.0
Acquire-EHT_C5_60_1	43	3406	254.0	195.0	231.0	611.0
Acquire-EHT_C5_60_1	44	3484	254.0	195.0	230.0	612.0
Acquire-EHT_C5_60_1	45	3546	254.0	195.0	230.0	612.0
Acquire-EHT_C5_60_1	46	3609	254.0	195.0	230.0	612.0
Acquire-EHT_C5_60_1	47	3671	254.0	198.0	230.0	608.0
Acquire-EHT_C5_60_1	48	3984	254.0	197.0	230.0	609.0
Acquire-EHT_C5_60_1	49	4046	254.0	195.0	231.0	611.0
Acquire-EHT_C5_60_1	50	4140	254.0	195.0	231.0	611.0
Acquire-EHT_C5_60_1	51	4171	254.0	195.0	231.0	611.0
Acquire-EHT_C5_60_1	52	4250	254.0	195.0	231.0	611.0
Acquire-EHT_C5_60_1	53	4281	254.0	195.0	230.0	612.0
Acquire-EHT_C5_60_1	54	4343	254.0	195.0	231.0	611.0
Acquire-EHT_C5_60_1	55	4406	254.0	195.0	230.0	611.0
Acquire-EHT_C5_60_1	56	4484	254.0	198.0	230.0	608.0
Acquire-EHT_C5_60_1	57	4578	254.0	198.0	230.0	608.0
Acquire-EHT_C5_60_1	58	4640	254.0	198.0	230.0	608.0
Acquire-EHT_C5_60_1	59	4718	254.0	198.0	230.0	608.0
Acquire-EHT_C5_60_1	60	4750	254.0	197.0	230.0	609.0
Acquire-EHT_C5_60_1	61	4812	254.0	196.0	230.0	611.0
Acquire-EHT_C5_60_1	62	4874	254.0	195.0	231.0	611.0
Acquire-EHT_C5_60_1	63	4984	254.0	195.0	230.0	612.0
Acquire-EHT_C5_60_1	64	5218	254.0	195.0	230.0	611.0
Acquire-EHT_C5_60_1	65	5281	254.0	196.0	230.0	610.0
Acquire-EHT_C5_60_1	66	5312	254.0	198.0	230.0	608.0
Acquire-EHT_C5_60_1	67	5374	254.0	198.0	230.0	608.0
Acquire-EHT_C5_60_1	68	5406	254.0	198.0	230.0	608.0
Acquire-EHT_C5_60_1	69	5484	254.0	198.0	230.0	608.0
Acquire-EHT_C5_60_1	70	5515	254.0	197.0	230.0	609.0
Acquire-EHT_C5_60_1	71	5578	254.0	196.0	231.0	610.0
Acquire-EHT_C5_60_1	72	5640	254.0	195.0	231.0	611.0
Acquire-EHT_C5_60_1	73	5718	254.0	194.0	230.0	612.0
Acquire-EHT_C5_60_1	74	5812	254.0	195.0	231.0	611.0
Acquire-EHT_C5_60_1	75	5874	254.0	194.0	230.0	612.0
Acquire-EHT_C5_60_1	76	5937	254.0	195.0	230.0	612.0
Acquire-EHT_C5_60_1	77	6015	254.0	194.0	231.0	611.0
Acquire-EHT_C5_60_1	78	6078	254.0	195.0	231.0	610.0
Acquire-EHT_C5_60_1	79	6140	254.0	198.0	230.0	608.0
Acquire-EHT_C5_60_1	80	6374	254.0	197.0	230.0	608.0
Acquire-EHT_C5_60_1	81	6437	254.0	196.0	230.0	610.0
Acquire-EHT_C5_60_1	82	6515	254.0	195.0	230.0	612.0
Acquire-EHT_C5_60_1	83	6577	254.0	194.0	230.0	612.0
Acquire-EHT_C5_60_1	84	6640	254.0	194.0	230.0	612.0
Acquire-EHT_C5_60_1	85	6781	254.0	194.0	231.0	611.0
Acquire-EHT_C5_60_1	86	6812	254.0	195.0	230.0	612.0
Acquire-EHT_C5_60_1	87	6843	254.0	195.0	231.0	611.0
Acquire-EHT_C5_60_1	88	6906	254.0	197.0	230.0	609.0
Acquire-EHT_C5_60_1	89	6984	254.0	198.0	230.0	608.0
Acquire-EHT_C5_60_1	90	7046	254.0	198.0	230.0	608.0
Acquire-EHT_C5_60_1	91	7109	254.0	198.0	230.0	608.0
Acquire-EHT_C5_60_1	92	7171	254.0	197.0	230.0	610.0
Acquire-EHT_C5_60_1	93	7249	254.0	195.0	230.0	611.0
Acquire-EHT_C5_60_1	94	7312	254.0	195.0	230.0	611.0
Acquire-EHT_C5_60_1	95	7343	254.0	195.0	230.0	612.0
Acquire-EHT_C5_60_1	96	7406	254.0	195.0	230.0	612.0
Acquire-EHT_C5_60_1	97	7484	254.0	195.0	230.0	612.0
Acquire-EHT_C5_60_1	98	7609	254.0	195.0	231.0	611.0
Acquire-EHT_C5_60_1	99	7640	254.0	198.0	230.0	608.0
Acquire-EHT_C5_60_1	100	7843	254.0	198.0	230.0	608.0
Acquire-EHT_C5_60_1	101	7874	254.0	198.0	230.0	608.0
Acquire-EHT_C5_60_1	102	7906	254.0	198.0	230.0	608.0
Acquire-EHT_C5_60_1	103	7937	254.0	194.0	231.0	611.0
Acquire-EHT_C5_60_1	104	8343	254.0	196.0	230.0	611.0
Acquire-EHT_C5_60_1	105	8437	254.0	198.0	230.0	608.0
Acquire-EHT_C5_60_1	106	8546	254.0	198.0	230.0	608.0
Acquire-EHT_C5_60_1	107	8609	254.0	198.0	230.0	608.0
Acquire-EHT_C5_60_1	108	8640	254.0	198.0	230.0	608.0
Acquire-EHT_C5_60_1	109	8718	254.0	197.0	230.0	609.0
Acquire-EHT_C5_60_1	110	8749	254.0	196.0	230.0	611.0
Acquire-EHT_C5_60_1	111	8812	254.0	195.0	231.0	611.0
Acquire-EHT_C5_60_1	112	8843	254.0	194.0	230.0	612.0
Acquire-EHT_C5_60_1	113	8937	254.0	194.0	230.0	611.0
Acquire-EHT_C5_60_1	114	9015	254.0	195.0	231.0	612.0
Acquire-EHT_C5_60_1	115	9046	254.0	195.0	230.0	612.0
Acquire-EHT_C5_60_1	116	9109	254.0	195.0	230.0	612.0
Acquire-EHT_C5_60_1	117	9171	254.0	197.0	230.0	610.0
Acquire-EHT_C5_60_1	118	9249	254.0	198.0	230.0	608.0
Acquire-EHT_C5_60_1	119	9312	254.0	198.0	230.0	608.0
Acquire-EHT_C5_60_1	120	9343	254.0	195.0	230.0	611.0
Acquire-EHT_C5_60_1	121	9609	254.0	195.0	230.0	612.0
Acquire-EHT_C5_60_1	122	9671	254.0	195.0	230.0	612.0
Acquire-EHT_C5_60_1	123	9749	254.0	194.0	230.0	612.0
Acquire-EHT_C5_60_1	124	9812	254.0	195.0	230.0	612.0
Acquire-EHT_C5_60_1	125	9874	254.0	196.0	230.0	610.0
Acquire-EHT_C5_60_1	126	9937	254.0	198.0	230.0	608.0
Acquire-EHT_C5_60_1	127	10046	254.0	198.0	230.0	608.0
Acquire-EHT_C5_60_1	128	10109	254.0	198.0	230.0	608.0
Acquire-EHT_C5_60_1	129	10171	254.0	197.0	230.0	609.0
Acquire-EHT_C5_60_1	130	10218	254.0	196.0	230.0	611.0
Acquire-EHT_C5_60_1	131	10280	254.0	196.0	230.0	611.0
Acquire-EHT_C5_60_1	132	10312	254.0	195.0	231.0	611.0
Acquire-EHT_C5_60_1	133	10374	254.0	195.0	230.0	612.0
Acquire-EHT_C5_60_1	134	10437	254.0	195.0	231.0	611.0
Acquire-EHT_C5_60_1	135	10515	254.0	195.0	231.0	611.0
Acquire-EHT_C5_60_1	136	10546	254.0	195.0	230.0	611.0
Acquire-EHT_C5_60_1	137	10608	254.0	197.0	230.0	609.0
Acquire-EHT_C5_60_1	138	10671	254.0	198.0	230.0	608.0
Acquire-EHT_C5_60_1	139	10718	254.0	196.0	231.0	610.0
Acquire-EHT_C5_60_1	140	10983	254.0	195.0	230.0	611.0
Acquire-EHT_C5_60_1	141	11046	254.0	195.0	230.0	612.0
Acquire-EHT_C5_60_1	142	11108	254.0	194.0	230.0	611.0
Acquire-EHT_C5_60_1	143	11171	254.0	194.0	230.0	612.0
Acquire-EHT_C5_60_1	144	11249	254.0	194.0	230.0	611.0
Acquire-EHT_C5_60_1	145	11280	254.0	195.0	230.0	612.0
Acquire-EHT_C5_60_1	146	11343	254.0	196.0	230.0	610.0
Acquire-EHT_C5_60_1	147	11405	254.0	198.0	230.0	608.0
Acquire-EHT_C5_60_1	148	11483	254.0	198.0	230.0	608.0
Acquire-EHT_C5_60_1	149	11546	254.0	198.0	230.0	608.0
Acquire-EHT_C5_60_1	150	11608	254.0	198.0	230.0	608.0
Acquire-EHT_C5_60_1	151	11640	254.0	197.0	230.0	609.0
Acquire-EHT_C5_60_1	152	11718	254.0	195.0	231.0	611.0
Acquire-EHT_C5_60_1	153	11780	254.0	195.0	230.0	612.0
Acquire-EHT_C5_60_1	154	11843	254.0	195.0	231.0	612.0
Acquire-EHT_C5_60_1	155	11874	254.0	195.0	230.0	612.0
Acquire-EHT_C5_60_1	156	11905	254.0	194.0	230.0	612.0
Acquire-EHT_C5_60_1	157	11983	254.0	195.0	230.0	612.0
Acquire-EHT_C5_60_1	158	12046	254.0	196.0	230.0	611.0
Acquire-EHT_C5_60_1	159	12108	254.0	198.0	230.0	608.0
Acquire-EHT_C5_60_1	160	12280	254.0	198.0	230.0	608.0
Acquire-EHT_C5_60_1	161	12312	254.0	198.0	230.0	609.0
Acquire-EHT_C5_60_1	162	12374	254.0	196.0	230.0	610.0
Acquire-EHT_C5_60_1	163	12436	254.0	195.0	230.0	612.0
Acquire-EHT_C5_60_1	164	12671	254.0	194.0	231.0	612.0
Acquire-EHT_C5_60_1	165	12749	254.0	195.0	230.0	612.0
Acquire-EHT_C5_60_1	166	12780	254.0	194.0	230.0	612.0
Acquire-EHT_C5_60_1	167	12811	254.0	194.0	230.0	612.0
Acquire-EHT_C5_60_1	168	12843	254.0	198.0	230.0	608.0
Acquire-EHT_C5_60_1	169	13171	254.0	198.0	230.0	608.0
Acquire-EHT_C5_60_1	170	13280	254.0	197.0	230.0	609.0
Acquire-EHT_C5_60_1	171	13311	254.0	195.0	230.0	611.0
Acquire-EHT_C5_60_1	172	13374	254.0	195.0	230.0	611.0
Acquire-EHT_C5_60_1	173	13405	254.0	195.0	231.0	611.0
Acquire-EHT_C5_60_1	174	13483	254.0	194.0	230.0	612.0
Acquire-EHT_C5_60_1	175	13546	254.0	195.0	230.0	612.0
Acquire-EHT_C5_60_1	176	13608	254.0	195.0	230.0	612.0
Acquire-EHT_C5_60_1	177	13671	254.0	196.0	230.0	610.0
Acquire-EHT_C5_60_1	178	13749	254.0	198.0	230.0	608.0
Acquire-EHT_C5_60_1	179	13843	254.0	198.0	230.0	608.0
Acquire-EHT_C5_60_1	180	13905	254.0	198.0	230.0	608.0
Acquire-EHT_C5_60_1	181	13983	254.0	197.0	230.0	610.0
Acquire-EHT_C5_60_1	182	14046	254.0	195.0	230.0	612.0
Acquire-EHT_C5_60_1	183	14139	254.0	195.0	230.0	612.0
Acquire-EHT_C5_60_1	184	14218	254.0	195.0	230.0	612.0
Acquire-EHT_C5_60_1	185	14280	254.0	195.0	230.0	612.0
Acquire-EHT_C5_60_1	186	14343	254.0	195.0	230.0	612.0
Acquire-EHT_C5_60_1	187	14405	254.0	198.0	230.0	608.0
Acquire-EHT_C5_60_1	188	14671	254.0	198.0	230.0	608.0
Acquire-EHT_C5_60_1	189	14749	254.0	197.0	230.0	609.0
Acquire-EHT_C5_60_1	190	14811	254.0	196.0	230.0	611.0
Acquire-EHT_C5_60_1	191	14874	254.0	195.0	231.0	611.0
Acquire-EHT_C5_60_1	192	14936	254.0	195.0	230.0	611.0
Acquire-EHT_C5_60_1	193	15014	254.0	195.0	230.0	612.0
Acquire-EHT_C5_60_1	194	15046	254.0	195.0	231.0	612.0
Acquire-EHT_C5_60_1	195	15139	254.0	194.0	231.0	611.0
Acquire-EHT_C5_60_1	196	15218	254.0	196.0	230.0	610.0
Acquire-EHT_C5_60_1	197	15280	254.0	198.0	230.0	608.0
Acquire-EHT_C5_60_1	198	15343	254.0	198.0	230.0	608.0
Acquire-EHT_C5_60_1	199	15374	254.0	198.0	230.0	608.0
Acquire-EHT_C5_60_1	200	15405	254.0	198.0	230.0	608.0
Acquire-EHT_C5_60_1	201	15514	254.0	197.0	230.0	610.0
Acquire-EHT_C5_60_1	202	15577	254.0	196.0	230.0	610.0
Acquire-EHT_C5_60_1	203	15608	254.0	195.0	230.0	612.0
Acquire-EHT_C5_60_1	204	15717	254.0	195.0	230.0	612.0
Acquire-EHT_C5_60_1	205	15811	254.0	195.0	230.0	612.0
Acquire-EHT_C5_60_1	206	15843	254.0	195.0	230.0	612.0
Acquire-EHT_C5_60_1	207	15874	254.0	195.0	230.0	612.0
Acquire-EHT_C5_60_1	208	15905	254.0	198.0	230.0	608.0
Acquire-EHT_C5_60_1	209	16249	254.0	198.0	230.0	608.0
Acquire-EHT_C5_60_1	210	16280	254.0	198.0	230.0	608.0
Acquire-EHT_C5_60_1	211	16374	254.0	196.0	230.0	610.0
Acquire-EHT_C5_60_1	212	16483	254.0	195.0	230.0	611.0
Acquire-EHT_C5_60_1	213	16514	254.0	195.0	230.0	611.0
Acquire-EHT_C5_60_1	214	16577	254.0	195.0	230.0	612.0
Acquire-EHT_C5_60_1	215	16639	254.0	195.0	230.0	612.0
Acquire-EHT_C5_60_1	216	16717	254.0	194.0	230.0	611.0
Acquire-EHT_C5_60_1	217	16780	254.0	194.0	230.0	611.0
Acquire-EHT_C5_60_1	218	16842	254.0	195.0	230.0	611.0
Acquire-EHT_C5_60_1	219	16905	254.0	198.0	230.0	609.0
Acquire-EHT_C5_60_1	220	16983	254.0	198.0	230.0	608.0
Acquire-EHT_C5_60_1	221	17046	254.0	198.0	230.0	608.0
Acquire-EHT_C5_60_1	222	17077	254.0	198.0	230.0	608.0
Acquire-EHT_C5_60_1	223	17139	254.0	197.0	230.0	609.0
Acquire-EHT_C5_60_1	224	17217	254.0	195.0	231.0	611.0
Acquire-EHT_C5_60_1	225	17311	254.0	195.0	231.0	611.0
Acquire-EHT_C5_60_1	226	17374	254.0	194.0	230.0	612.0
Acquire-EHT_C5_60_1	227	17436	254.0	196.0	230.0	611.0
Acquire-EHT_C5_60_1	228	17749	254.0	198.0	230.0	609.0
Acquire-EHT_C5_60_1	229	17811	254.0	198.0	230.0	608.0
Acquire-EHT_C5_60_1	230	17905	254.0	198.0	230.0	608.0
Acquire-EHT_C5_60_1	231	17983	254.0	197.0	230.0	609.0
Acquire-EHT_C5_60_1	232	18045	254.0	196.0	230.0	610.0
Acquire-EHT_C5_60_1	233	18077	254.0	196.0	231.0	611.0
Acquire-EHT_C5_60_1	234	18108	254.0	195.0	230.0	611.0
Acquire-EHT_C5_60_1	235	18139	254.0	195.0	230.0	612.0
Acquire-EHT_C5_60_1	236	18452	254.0	195.0	230.0	612.0
Acquire-EHT_C5_60_1	237	18483	254.0	197.0	230.0	609.0
Acquire-EHT_C5_60_1	238	18545	254.0	197.0	230.0	608.0
Acquire-EHT_C5_60_1	239	18577	254.0	198.0	230.0	608.0
Acquire-EHT_C5_60_1	240	18639	254.0	198.0	230.0	608.0
Acquire-EHT_C5_60_1	241	18717	254.0	197.0	230.0	609.0
Acquire-EHT_C5_60_1	242	18811	254.0	195.0	230.0	611.0
Acquire-EHT_C5_60_1	243	18905	254.0	195.0	231.0	611.0
Acquire-EHT_C5_60_1	244	18983	254.0	195.0	231.0	611.0
Acquire-EHT_C5_60_1	245	19045	254.0	195.0	230.0	611.0
Acquire-EHT_C5_60_1	246	19108	254.0	195.0	230.0	612.0
Acquire-EHT_C5_60_1	247	19170	254.0	195.0	230.0	612.0
Acquire-EHT_C5_60_1	248	19249	254.0	195.0	230.0	611.0
Acquire-EHT_C5_60_1	249	19311	254.0	197.0	230.0	608.0
Acquire-EHT_C5_60_1	250	19373	254.0	198.0	230.0	608.0
Acquire-EHT_C5_60_1	251	19452	254.0	198.0	230.0	608.0
Acquire-EHT_C5_60_1	252	19514	254.0	195.0	230.0	612.0
Acquire-EHT_C5_60_1	253	19873	254.0	194.0	230.0	612.0
Acquire-EHT_C5_60_1	254	19952	254.0	194.0	231.0	611.0
Acquire-EHT_C5_60_1	255	20014	254.0	194.0	230.0	612.0
Acquire-EHT_C5_60_1	256	20077	254.0	195.0	230.0	612.0
Acquire-EHT_C5_60_1	257	20108	254.0	196.0	230.0	610.0
Acquire-EHT_C5_60_1	258	20170	254.0	198.0	230.0	608.0
Acquire-EHT_C5_60_1	259	20280	254.0	198.0	230.0	608.0
Acquire-EHT_C5_60_1	260	20342	254.0	198.0	230.0	608.0
Acquire-EHT_C5_60_1	261	20405	254.0	198.0	230.0	609.0
Acquire-EHT_C5_60_1	262	20436	254.0	196.0	230.0	611.0
Acquire-EHT_C5_60_1	263	20514	254.0	195.0	230.0	612.0
Acquire-EHT_C5_60_1	264	20577	254.0	195.0	231.0	611.0
Acquire-EHT_C5_60_1	265	20608	254.0	195.0	230.0	611.0
Acquire-EHT_C5_60_1	266	20639	254.0	195.0	230.0	612.0
Acquire-EHT_C5_60_1	267	20670	254.0	195.0	230.0	612.0
Acquire-EHT_C5_60_1	268	20873	254.0	195.0	230.0	611.0
Acquire-EHT_C5_60_1	269	20905	254.0	198.0	230.0	608.0
Acquire-EHT_C5_60_1	270	21170	254.0	198.0	230.0	608.0
Acquire-EHT_C5_60_1	271	21248	254.0	196.0	231.0	610.0
Acquire-EHT_C5_60_1	272	21311	254.0	195.0	230.0	611.0
Acquire-EHT_C5_60_1	273	21405	254.0	195.0	230.0	612.0
Acquire-EHT_C5_60_1	274	21483	254.0	195.0	230.0	612.0
Acquire-EHT_C5_60_1	275	21514	254.0	195.0	231.0	611.0
Acquire-EHT_C5_60_1	276	21545	254.0	194.0	230.0	612.0
Acquire-EHT_C5_60_1	277	21576	254.0	194.0	230.0	612.0
Acquire-EHT_C5_60_1	278	21608	254.0	196.0	230.0	611.0
Acquire-EHT_C5_60_1	279	21811	254.0	197.0	230.0	610.0
Acquire-EHT_C5_60_1	280	21842	254.0	198.0	230.0	608.0
Acquire-EHT_C5_60_1	281	21905	254.0	198.0	230.0	608.0
Acquire-EHT_C5_60_1	282	22014	254.0	198.0	230.0	608.0
Acquire-EHT_C5_60_1	283	22076	254.0	197.0	230.0	609.0
Acquire-EHT_C5_60_1	284	22108	254.0	196.0	230.0	610.0
Acquire-EHT_C5_60_1	285	22139	254.0	195.0	231.0	611.0
Acquire-EHT_C5_60_1	286	22280	254.0	195.0	230.0	612.0
Acquire-EHT_C5_60_1	287	22311	254.0	195.0	231.0	611.0
Acquire-EHT_C5_60_1	288	22342	254.0	195.0	230.0	611.0
Acquire-EHT_C5_60_1	289	22373	254.0	195.0	230.0	612.0
Acquire-EHT_C5_60_1	290	22405	254.0	195.0	231.0	611.0
Acquire-EHT_C5_60_1	291	22545	254.0	195.0	231.0	611.0
Acquire-EHT_C5_60_1	292	22576	254.0	194.0	230.0	612.0
Acquire-EHT_C5_60_1	293	22608	254.0	195.0	231.0	611.0
Acquire-EHT_C5_60_1	294	22639	254.0	198.0	230.0	608.0
Acquire-EHT_C5_60_1	295	22811	254.0	198.0	230.0	608.0
Acquire-EHT_C5_60_1	296	22842	254.0	197.0	230.0	609.0
Acquire-EHT_C5_60_1	297	22983	254.0	197.0	230.0	610.0
Acquire-EHT_C5_60_1	298	23014	254.0	195.0	230.0	611.0
Acquire-EHT_C5_60_1	299	23139	254.0	195.0	230.0	612.0
Acquire-EHT_C5_60_1	300	23170	254.0	195.0	230.0	612.0
Acquire-EHT_C5_60_1	301	23217	254.0	194.0	230.0	612.0
Acquire-EHT_C5_60_1	302	23248	254.0	198.0	230.0	608.0
Acquire-EHT_C5_60_1	303	23608	254.0	198.0	230.0	608.0
Acquire-EHT_C5_60_1	304	23639	254.0	198.0	230.0	608.0
Acquire-EHT_C5_60_1	305	23670	254.0	198.0	230.0	608.0
Acquire-EHT_C5_60_1	306	23717	254.0	195.0	231.0	611.0
Acquire-EHT_C5_60_1	307	23904	254.0	195.0	231.0	611.0
Acquire-EHT_C5_60_1	308	23951	254.0	195.0	230.0	612.0
Acquire-EHT_C5_60_1	309	24108	254.0	195.0	230.0	612.0
Acquire-EHT_C5_60_1	310	24139	254.0	197.0	230.0	609.0
Acquire-EHT_C5_60_1	311	24342	254.0	198.0	230.0	608.0
Acquire-EHT_C5_60_1	312	24373	254.0	198.0	230.0	608.0
Acquire-EHT_C5_60_1	313	24404	254.0	198.0	230.0	608.0
Acquire-EHT_C5_60_1	314	24451	254.0	196.0	231.0	610.0
Acquire-EHT_C5_60_1	315	24639	254.0	195.0	230.0	611.0
Acquire-EHT_C5_60_1	316	24670	254.0	195.0	231.0	611.0
Acquire-EHT_C5_60_1	317	24717	254.0	195.0	230.0	612.0
Acquire-EHT_C5_60_1	318	24748	254.0	195.0	231.0	611.0
Acquire-EHT_C5_60_1	319	24951	254.0	195.0	230.0	612.0
Acquire-EHT_C5_60_1	320	24982	254.0	198.0	230.0	608.0
Acquire-EHT_C5_60_1	321	25170	254.0	198.0	230.0	608.0
Acquire-EHT_C5_60_1	322	25217	254.0	198.0	230.0	608.0
Acquire-EHT_C5_60_1	323	25248	254.0	195.0	230.0	612.0
Acquire-EHT_C5_60_1	324	25482	254.0	195.0	230.0	612.0
Acquire-EHT_C5_60_1	325	25514	254.0	195.0	230.0	612.0
Acquire-EHT_C5_60_1	326	25545	254.0	195.0	231.0	611.0
Acquire-EHT_C5_60_1	327	25748	254.0	195.0	230.0	612.0
Acquire-EHT_C5_60_1	328	25779	254.0	198.0	230.0	608.0
Acquire-EHT_C5_60_1	329	25982	254.0	198.0	230.0	608.0
Acquire-EHT_C5_60_1	330	26014	254.0	198.0	230.0	608.0
Acquire-EHT_C5_60_1	331	26045	254.0	195.0	231.0	611.0
Acquire-EHT_C5_60_1	332	26248	254.0	195.0	231.0	611.0
Acquire-EHT_C5_60_1	333	26279	254.0	194.0	230.0	612.0
Acquire-EHT_C5_60_1	334	26451	254.0	195.0	231.0	611.0
Acquire-EHT_C5_60_1	335	26482	254.0	197.0	230.0	609.0
Acquire-EHT_C5_60_1	336	26639	254.0	198.0	230.0	608.0
Acquire-EHT_C5_60_1	337	26670	254.0	198.0	230.0	608.0
Acquire-EHT_C5_60_1	338	26717	254.0	197.0	230.0	609.0
Acquire-EHT_C5_60_1	339	26873	254.0	196.0	230.0	609.0
Acquire-EHT_C5_60_1	340	26904	254.0	195.0	230.0	612.0
Acquire-EHT_C5_60_1	341	27107	254.0	194.0	230.0	611.0
Acquire-EHT_C5_60_1	342	27139	254.0	195.0	230.0	612.0
Acquire-EHT_C5_60_1	343	27310	254.0	195.0	230.0	612.0
Acquire-EHT_C5_60_1	344	27342	254.0	195.0	230.0	612.0
Acquire-EHT_C5_60_1	345	27373	254.0	198.0	230.0	608.0
Acquire-EHT_C5_60_1	346	27514	254.0	198.0	230.0	608.0
Acquire-EHT_C5_60_1	347	27545	254.0	198.0	230.0	608.0
Acquire-EHT_C5_60_1	348	27576	254.0	197.0	230.0	608.0
Acquire-EHT_C5_60_1	349	27717	254.0	196.0	230.0	610.0
Acquire-EHT_C5_60_1	350	27748	254.0	195.0	230.0	612.0
Acquire-EHT_C5_60_1	351	27873	254.0	195.0	230.0	612.0
Acquire-EHT_C5_60_1	352	27904	254.0	194.0	230.0	612.0
Acquire-EHT_C5_60_1	353	27951	254.0	195.0	230.0	612.0
Acquire-EHT_C5_60_1	354	28076	254.0	195.0	230.0	612.0
Acquire-EHT_C5_60_1	355	28107	254.0	197.0	230.0	608.0
Acquire-EHT_C5_60_1	356	28248	254.0	198.0	230.0	609.0
Acquire-EHT_C5_60_1	357	28279	254.0	198.0	230.0	608.0
Acquire-EHT_C5_60_1	358	28404	254.0	198.0	230.0	608.0
Acquire-EHT_C5_60_1	359	28451	254.0	198.0	230.0	608.0
Acquire-EHT_C5_60_1	360	28482	254.0	197.0	230.0	609.0
Acquire-EHT_C5_60_1	361	28513	254.0	196.0	230.0	610.0
Acquire-EHT_C5_60_1	362	28545	254.0	195.0	230.0	612.0
Acquire-EHT_C5_60_1	363	28748	254.0	195.0	230.0	612.0
Acquire-EHT_C5_60_1	364	28779	254.0	194.0	230.0	611.0
Acquire-EHT_C5_60_1	365	28810	254.0	196.0	230.0	610.0
Acquire-EHT_C5_60_1	366	28982	254.0	197.0	230.0	609.0
Acquire-EHT_C5_60_1	367	29013	254.0	197.0	230.0	608.0
Acquire-EHT_C5_60_1	368	29248	254.0	197.0	230.0	609.0
Acquire-EHT_C5_60_1	369	29279	254.0	196.0	231.0	610.0
Acquire-EHT_C5_60_1	370	29310	254.0	196.0	231.0	611.0
Acquire-EHT_C5_60_1	371	29342	254.0	195.0	230.0	611.0
Acquire-EHT_C5_60_1	372	29545	254.0	195.0	231.0	611.0
Acquire-EHT_C5_60_1	373	29576	254.0	195.0	230.0	612.0
Acquire-EHT_C5_60_1	374	29607	254.0	198.0	230.0	608.0
Acquire-EHT_C5_60_1	375	29810	254.0	198.0	230.0	608.0
Acquire-EHT_B5_60_2	0	0	240.0	214.0	241.0	615.0
Acquire-EHT_B5_60_2	1	15	240.0	214.0	241.0	615.0
Acquire-EHT_B5_60_2	2	47	240.0	214.0	241.0	615.0
Acquire-EHT_B5_60_2	3	78	240.0	214.0	241.0	616.0
Acquire-EHT_B5_60_2	4	109	240.0	213.0	241.0	617.0
Acquire-EHT_B5_60_2	5	140	240.0	212.0	241.0	618.0
Acquire-EHT_B5_60_2	6	172	240.0	211.0	241.0	618.0
Acquire-EHT_B5_60_2	7	218	240.0	211.0	242.0	619.0
Acquire-EHT_B5_60_2	8	250	240.0	211.0	241.0	619.0
Acquire-EHT_B5_60_2	9	281	239.0	211.0	241.0	619.0
Acquire-EHT_B5_60_2	10	312	239.0	210.0	242.0	619.0
Acquire-EHT_B5_60_2	11	343	240.0	211.0	241.0	620.0
Acquire-EHT_B5_60_2	12	375	240.0	211.0	241.0	619.0
Acquire-EHT_B5_60_2	13	406	240.0	211.0	241.0	619.0
Acquire-EHT_B5_60_2	14	437	240.0	210.0	241.0	620.0
Acquire-EHT_B5_60_2	15	484	240.0	211.0	242.0	620.0
Acquire-EHT_B5_60_2	16	515	240.0	211.0	241.0	619.0
Acquire-EHT_B5_60_2	17	547	240.0	211.0	241.0	619.0
Acquire-EHT_B5_60_2	18	578	239.0	211.0	241.0	619.0
Acquire-EHT_B5_60_2	19	609	240.0	211.0	241.0	618.0
Acquire-EHT_B5_60_2	20	640	240.0	213.0	241.0	617.0
Acquire-EHT_B5_60_2	21	672	240.0	213.0	241.0	616.0
Acquire-EHT_B5_60_2	22	718	240.0	214.0	241.0	615.0
Acquire-EHT_B5_60_2	23	750	240.0	214.0	241.0	615.0
Acquire-EHT_B5_60_2	24	781	240.0	214.0	241.0	615.0
Acquire-EHT_B5_60_2	25	812	240.0	214.0	241.0	615.0
Acquire-EHT_B5_60_2	26	843	240.0	214.0	241.0	615.0
Acquire-EHT_B5_60_2	27	875	240.0	214.0	241.0	615.0
Acquire-EHT_B5_60_2	28	906	240.0	213.0	241.0	616.0
Acquire-EHT_B5_60_2	29	937	240.0	213.0	241.0	617.0
Acquire-EHT_B5_60_2	30	984	240.0	212.0	241.0	618.0
Acquire-EHT_B5_60_2	31	1015	239.0	211.0	241.0	619.0
Acquire-EHT_B5_60_2	32	1047	239.0	211.0	241.0	619.0
Acquire-EHT_B5_60_2	33	1078	240.0	211.0	241.0	619.0
Acquire-EHT_B5_60_2	34	1109	239.0	211.0	241.0	619.0
Acquire-EHT_B5_60_2	35	1140	239.0	211.0	241.0	619.0
Acquire-EHT_B5_60_2	36	1172	239.0	211.0	241.0	619.0
Acquire-EHT_B5_60_2	37	1218	239.0	211.0	241.0	620.0
Acquire-EHT_B5_60_2	38	1250	240.0	211.0	241.0	619.0
Acquire-EHT_B5_60_2	39	1281	239.0	211.0	241.0	620.0
Acquire-EHT_B5_60_2	40	1312	240.0	211.0	241.0	619.0
Acquire-EHT_B5_60_2	41	1343	239.0	211.0	241.0	620.0
Acquire-EHT_B5_60_2	42	1375	240.0	211.0	241.0	619.0
Acquire-EHT_B5_60_2	43	1406	240.0	211.0	241.0	619.0
Acquire-EHT_B5_60_2	44	1437	239.0	212.0	241.0	618.0
Acquire-EHT_B5_60_2	45	1484	240.0	213.0	241.0	617.0
Acquire-EHT_B5_60_2	46	1515	240.0	214.0	241.0	616.0
Acquire-EHT_B5_60_2	47	1547	240.0	214.0	241.0	615.0
Acquire-EHT_B5_60_2	48	1578	240.0	214.0	241.0	615.0
Acquire-EHT_B5_60_2	49	1609	240.0	214.0	241.0	615.0
Acquire-EHT_B5_60_2	50	1640	240.0	214.0	241.0	615.0
Acquire-EHT_B5_60_2	51	1671	240.0	214.0	241.0	615.0
Acquire-EHT_B5_60_2	52	1718	240.0	214.0	241.0	616.0
Acquire-EHT_B5_60_2	53	1750	240.0	213.0	241.0	616.0
Acquire-EHT_B5_60_2	54	1781	240.0	213.0	241.0	618.0
Acquire-EHT_B5_60_2	55	1812	240.0	212.0	241.0	618.0
Acquire-EHT_B5_60_2	56	1843	240.0	211.0	242.0	619.0
Acquire-EHT_B5_60_2	57	1875	240.0	211.0	241.0	619.0
Acquire-EHT_B5_60_2	58	1906	240.0	211.0	242.0	619.0
Acquire-EHT_B5_60_2	59	1937	240.0	211.0	241.0	619.0
Acquire-EHT_B5_60_2	60	1984	240.0	211.0	241.0	619.0
Acquire-EHT_B5_60_2	61	2015	239.0	211.0	241.0	620.0
Acquire-EHT_B5_60_2	62	2046	239.0	210.0	241.0	619.0
Acquire-EHT_B5_60_2	63	2078	240.0	211.0	241.0	619.0
Acquire-EHT_B5_60_2	64	2109	240.0	210.0	241.0	619.0
Acquire-EHT_B5_60_2	65	2140	239.0	211.0	241.0	620.0
Acquire-EHT_B5_60_2	66	2171	240.0	210.0	241.0	619.0
Acquire-EHT_B5_60_2	67	2218	240.0	211.0	241.0	620.0
Acquire-EHT_B5_60_2	68	2250	240.0	211.0	241.0	619.0
Acquire-EHT_B5_60_2	69	2281	240.0	212.0	241.0	618.0
Acquire-EHT_B5_60_2	70	2312	240.0	213.0	241.0	617.0
Acquire-EHT_B5_60_2	71	2343	240.0	213.0	241.0	615.0
Acquire-EHT_B5_60_2	72	2375	240.0	214.0	241.0	615.0
Acquire-EHT_B5_60_2	73	2406	240.0	214.0	241.0	615.0
Acquire-EHT_B5_60_2	74	2437	240.0	214.0	241.0	615.0
Acquire-EHT_B5_60_2	75	2484	240.0	214.0	241.0	615.0
Acquire-EHT_B5_60_2	76	2515	240.0	214.0	241.0	615.0
Acquire-EHT_B5_60_2	77	2546	240.0	214.0	241.0	615.0
Acquire-EHT_B5_60_2	78	2578	240.0	213.0	241.0	617.0
Acquire-EHT_B5_60_2	79	2609	240.0	212.0	241.0	617.0
Acquire-EHT_B5_60_2	80	2640	240.0	212.0	241.0	618.0
Acquire-EHT_B5_60_2	81	2671	239.0	211.0	241.0	619.0
Acquire-EHT_B5_60_2	82	2718	239.0	211.0	241.0	619.0
Acquire-EHT_B5_60_2	83	2750	240.0	211.0	241.0	619.0
Acquire-EHT_B5_60_2	84	2781	240.0	211.0	241.0	619.0
Acquire-EHT_B5_60_2	85	2812	240.0	211.0	241.0	619.0
Acquire-EHT_B5_60_2	86	2843	239.0	211.0	241.0	619.0
Acquire-EHT_B5_60_2	87	2875	240.0	211.0	241.0	620.0
Acquire-EHT_B5_60_2	88	2906	240.0	211.0	241.0	619.0
Acquire-EHT_B5_60_2	89	2937	239.0	211.0	241.0	620.0
Acquire-EHT_B5_60_2	90	2984	240.0	211.0	241.0	619.0
Acquire-EHT_B5_60_2	91	3015	239.0	211.0	241.0	620.0
Acquire-EHT_B5_60_2	92	3046	240.0	211.0	241.0	619.0
Acquire-EHT_B5_60_2	93	3078	240.0	212.0	241.0	619.0
Acquire-EHT_B5_60_2	94	3109	240.0	213.0	241.0	617.0
Acquire-EHT_B5_60_2	95	3140	240.0	213.0	241.0	616.0
Acquire-EHT_B5_60_2	96	3171	240.0	214.0	241.0	615.0
Acquire-EHT_B5_60_2	97	3218	240.0	214.0	241.0	615.0
Acquire-EHT_B5_60_2	98	3250	240.0	214.0	241.0	615.0
Acquire-EHT_B5_60_2	99	3281	240.0	214.0	241.0	615.0
Acquire-EHT_B5_60_2	100	3312	240.0	214.0	241.0	615.0
Acquire-EHT_B5_60_2	101	3343	240.0	213.0	241.0	615.0
Acquire-EHT_B5_60_2	102	3375	240.0	214.0	241.0	616.0
Acquire-EHT_B5_60_2	103	3406	240.0	213.0	241.0	617.0
Acquire-EHT_B5_60_2	104	3437	240.0	212.0	241.0	618.0
Acquire-EHT_B5_60_2	105	3484	240.0	211.0	241.0	619.0
Acquire-EHT_B5_60_2	106	3515	239.0	211.0	241.0	619.0
Acquire-EHT_B5_60_2	107	3546	240.0	211.0	241.0	619.0
Acquire-EHT_B5_60_2	108	3578	240.0	211.0	241.0	619.0
Acquire-EHT_B5_60_2	109	3609	240.0	211.0	241.0	620.0
Acquire-EHT_B5_60_2	110	3640	239.0	211.0	241.0	619.0
Acquire-EHT_B5_60_2	111	3671	240.0	211.0	241.0	619.0
Acquire-EHT_B5_60_2	112	3718	239.0	211.0	241.0	619.0
Acquire-EHT_B5_60_2	113	3749	240.0	211.0	241.0	619.0
Acquire-EHT_B5_60_2	114	3781	239.0	210.0	241.0	619.0
Acquire-EHT_B5_60_2	115	3812	240.0	211.0	241.0	620.0
Acquire-EHT_B5_60_2	116	3843	240.0	211.0	241.0	619.0
Acquire-EHT_B5_60_2	117	3874	240.0	211.0	241.0	619.0
Acquire-EHT_B5_60_2	118	3906	239.0	212.0	241.0	617.0
Acquire-EHT_B5_60_2	119	3937	240.0	213.0	241.0	616.0
Acquire-EHT_B5_60_2	120	3984	240.0	213.0	241.0	615.0
Acquire-EHT_B5_60_2	121	4015	240.0	214.0	241.0	615.0
Acquire-EHT_B5_60_2	122	4046	240.0	214.0	241.0	615.0
Acquire-EHT_B5_60_2	123	4078	240.0	214.0	241.0	615.0
Acquire-EHT_B5_60_2	124	4109	240.0	214.0	241.0	615.0
Acquire-EHT_B5_60_2	125	4140	240.0	214.0	241.0	615.0
Acquire-EHT_B5_60_2	126	4171	240.0	213.0	241.0	616.0
Acquire-EHT_B5_60_2	127	4218	240.0	213.0	241.0	617.0
Acquire-EHT_B5_60_2	128	4249	239.0	212.0	241.0	618.0
Acquire-EHT_B5_60_2	129	4281	240.0	211.0	241.0	618.0
Acquire-EHT_B5_60_2	130	4312	239.0	211.0	241.0	619.0
Acquire-EHT_B5_60_2	131	4343	240.0	210.0	241.0	619.0
Acquire-EHT_B5_60_2	132	4374	240.0	211.0	241.0	619.0
Acquire-EHT_B5_60_2	133	4406	240.0	211.0	241.0	619.0
Acquire-EHT_B5_60_2	134	4437	240.0	211.0	241.0	619.0
Acquire-EHT_B5_60_2	135	4484	240.0	211.0	241.0	619.0
Acquire-EHT_B5_60_2	136	4515	240.0	211.0	242.0	620.0
Acquire-EHT_B5_60_2	137	4546	240.0	211.0	241.0	619.0
Acquire-EHT_B5_60_2	138	4578	240.0	211.0	241.0	619.0
Acquire-EHT_B5_60_2	139	4609	240.0	211.0	241.0	620.0
Acquire-EHT_B5_60_2	140	4640	240.0	210.0	241.0	619.0
Acquire-EHT_B5_60_2	141	4671	240.0	211.0	241.0	620.0
Acquire-EHT_B5_60_2	142	4718	240.0	211.0	241.0	619.0
Acquire-EHT_B5_60_2	143	4749	240.0	211.0	241.0	619.0
Acquire-EHT_B5_60_2	144	4781	240.0	212.0	241.0	618.0
Acquire-EHT_B5_60_2	145	4812	240.0	213.0	241.0	617.0
Acquire-EHT_B5_60_2	146	4843	240.0	213.0	241.0	615.0
Acquire-EHT_B5_60_2	147	4874	240.0	214.0	241.0	615.0
Acquire-EHT_B5_60_2	148	4906	240.0	214.0	241.0	615.0
Acquire-EHT_B5_60_2	149	4937	240.0	214.0	241.0	615.0
Acquire-EHT_B5_60_2	150	4984	240.0	214.0	241.0	615.0
Acquire-EHT_B5_60_2	151	5015	240.0	214.0	241.0	615.0
Acquire-EHT_B5_60_2	152	5046	240.0	214.0	241.0	616.0
Acquire-EHT_B5_60_2	153	5078	240.0	213.0	241.0	616.0
Acquire-EHT_B5_60_2	154	5109	240.0	212.0	241.0	618.0
Acquire-EHT_B5_60_2	155	5140	240.0	212.0	241.0	618.0
Acquire-EHT_B5_60_2	156	5171	240.0	212.0	241.0	619.0
Acquire-EHT_B5_60_2	157	5218	239.0	211.0	241.0	619.0
Acquire-EHT_B5_60_2	158	5249	240.0	211.0	241.0	619.0
Acquire-EHT_B5_60_2	159	5281	239.0	211.0	241.0	619.0
Acquire-EHT_B5_60_2	160	5312	240.0	211.0	241.0	619.0
Acquire-EHT_B5_60_2	161	5343	239.0	211.0	241.0	619.0
Acquire-EHT_B5_60_2	162	5374	240.0	211.0	241.0	619.0
Acquire-EHT_B5_60_2	163	5406	239.0	211.0	241.0	620.0
Acquire-EHT_B5_60_2	164	5437	240.0	211.0	241.0	619.0
Acquire-EHT_B5_60_2	165	5484	239.0	211.0	241.0	620.0
Acquire-EHT_B5_60_2	166	5515	240.0	211.0	241.0	619.0
Acquire-EHT_B5_60_2	167	5546	240.0	213.0	241.0	618.0
Acquire-EHT_B5_60_2	168	5577	240.0	213.0	241.0	616.0
Acquire-EHT_B5_60_2	169	5609	240.0	214.0	241.0	616.0
Acquire-EHT_B5_60_2	170	5640	240.0	214.0	241.0	615.0
Acquire-EHT_B5_60_2	171	5671	240.0	214.0	241.0	615.0
Acquire-EHT_B5_60_2	172	5718	240.0	214.0	241.0	615.0
Acquire-EHT_B5_60_2	173	5749	240.0	214.0	241.0	615.0
Acquire-EHT_B5_60_2	174	5781	240.0	214.0	241.0	615.0
Acquire-EHT_B5_60_2	175	5812	240.0	214.0	241.0	616.0
Acquire-EHT_B5_60_2	176	5843	240.0	213.0	241.0	617.0
Acquire-EHT_B5_60_2	177	5874	240.0	212.0	241.0	618.0
Acquire-EHT_B5_60_2	178	5906	240.0	212.0	241.0	619.0
Acquire-EHT_B5_60_2	179	5937	240.0	211.0	241.0	619.0
Acquire-EHT_B5_60_2	180	5984	240.0	211.0	241.0	619.0
Acquire-EHT_B5_60_2	181	6015	240.0	211.0	241.0	619.0
Acquire-EHT_B5_60_2	182	6046	240.0	211.0	241.0	619.0
Acquire-EHT_B5_60_2	183	6077	240.0	211.0	241.0	619.0
Acquire-EHT_B5_60_2	184	6109	240.0	211.0	241.0	620.0
Acquire-EHT_B5_60_2	185	6140	239.0	210.0	241.0	619.0
Acquire-EHT_B5_60_2	186	6171	240.0	211.0	242.0	620.0
Acquire-EHT_B5_60_2	187	6218	239.0	211.0	241.0	619.0
Acquire-EHT_B5_60_2	188	6249	240.0	211.0	241.0	619.0
Acquire-EHT_B5_60_2	189	6281	240.0	212.0	241.0	619.0
Acquire-EHT_B5_60_2	190	6312	240.0	212.0	241.0	617.0
Acquire-EHT_B5_60_2	191	6343	240.0	213.0	241.0	616.0
Acquire-EHT_B5_60_2	192	6374	240.0	213.0	241.0	615.0
Acquire-EHT_B5_60_2	193	6406	240.0	214.0	241.0	615.0
Acquire-EHT_B5_60_2	194	6437	240.0	214.0	241.0	615.0
Acquire-EHT_B5_60_2	195	6484	240.0	214.0	241.0	615.0
Acquire-EHT_B5_60_2	196	6515	240.0	214.0	241.0	615.0
Acquire-EHT_B5_60_2	197	6546	240.0	214.0	241.0	616.0
Acquire-EHT_B5_60_2	198	6577	240.0	213.0	241.0	616.0
Acquire-EHT_B5_60_2	199	6609	240.0	213.0	241.0	617.0
Acquire-EHT_B5_60_2	200	6640	239.0	212.0	241.0	618.0
Acquire-EHT_B5_60_2	201	6671	240.0	211.0	241.0	618.0
Acquire-EHT_B5_60_2	202	6718	240.0	211.0	241.0	619.0
Acquire-EHT_B5_60_2	203	6749	240.0	211.0	241.0	619.0
Acquire-EHT_B5_60_2	204	6781	239.0	211.0	241.0	619.0
Acquire-EHT_B5_60_2	205	6812	240.0	211.0	242.0	619.0
Acquire-EHT_B5_60_2	206	6843	240.0	211.0	241.0	619.0
Acquire-EHT_B5_60_2	207	6874	240.0	211.0	241.0	619.0
Acquire-EHT_B5_60_2	208	6906	240.0	211.0	241.0	620.0
Acquire-EHT_B5_60_2	209	6937	240.0	210.0	241.0	619.0
Acquire-EHT_B5_60_2	210	6984	239.0	211.0	241.0	620.0
Acquire-EHT_B5_60_2	211	7015	240.0	211.0	241.0	619.0
Acquire-EHT_B5_60_2	212	7046	240.0	212.0	241.0	618.0
Acquire-EHT_B5_60_2	213	7077	240.0	212.0	241.0	617.0
Acquire-EHT_B5_60_2	214	7109	240.0	213.0	241.0	616.0
Acquire-EHT_B5_60_2	215	7140	240.0	214.0	241.0	615.0
Acquire-EHT_B5_60_2	216	7171	240.0	214.0	241.0	615.0
Acquire-EHT_B5_60_2	217	7218	240.0	214.0	241.0	615.0
Acquire-EHT_B5_60_2	218	7249	240.0	214.0	241.0	615.0
Acquire-EHT_B5_60_2	219	7280	240.0	214.0	241.0	615.0
Acquire-EHT_B5_60_2	220	7312	240.0	213.0	241.0	615.0
Acquire-EHT_B5_60_2	221	7343	240.0	213.0	241.0	616.0
Acquire-EHT_B5_60_2	222	7374	240.0	212.0	241.0	617.0
Acquire-EHT_B5_60_2	223	7405	240.0	212.0	241.0	618.0
Acquire-EHT_B5_60_2	224	7437	239.0	211.0	241.0	619.0
Acquire-EHT_B5_60_2	225	7484	240.0	211.0	241.0	619.0
Acquire-EHT_B5_60_2	226	7515	239.0	211.0	241.0	619.0
Acquire-EHT_B5_60_2	227	7546	240.0	211.0	241.0	619.0
Acquire-EHT_B5_60_2	228	7577	240.0	211.0	241.0	619.0
Acquire-EHT_B5_60_2	229	7609	240.0	211.0	241.0	619.0
Acquire-EHT_B5_60_2	230	7640	240.0	211.0	241.0	619.0
Acquire-EHT_B5_60_2	231	7671	240.0	211.0	241.0	619.0
Acquire-EHT_B5_60_2	232	7718	240.0	211.0	241.0	620.0
Acquire-EHT_B5_60_2	233	7749	240.0	211.0	241.0	619.0
Acquire-EHT_B5_60_2	234	7780	240.0	212.0	241.0	619.0
Acquire-EHT_B5_60_2	235	7812	239.0	212.0	241.0	617.0
Acquire-EHT_B5_60_2	236	7843	240.0	213.0	241.0	617.0
Acquire-EHT_B5_60_2	237	7874	240.0	214.0	241.0	615.0
Acquire-EHT_B5_60_2	238	7905	240.0	214.0	241.0	615.0
Acquire-EHT_B5_60_2	239	7937	240.0	214.0	241.0	615.0
Acquire-EHT_B5_60_2	240	7984	240.0	214.0	241.0	615.0
Acquire-EHT_B5_60_2	241	8015	240.0	214.0	241.0	615.0
Acquire-EHT_B5_60_2	242	8046	240.0	214.0	241.0	615.0
Acquire-EHT_B5_60_2	243	8077	240.0	214.0	241.0	616.0
Acquire-EHT_B5_60_2	244	8109	240.0	213.0	241.0	617.0
Acquire-EHT_B5_60_2	245	8140	240.0	212.0	241.0	618.0
Acquire-EHT_B5_60_2	246	8171	239.0	211.0	241.0	619.0
Acquire-EHT_B5_60_2	247	8218	240.0	211.0	241.0	619.0
Acquire-EHT_B5_60_2	248	8249	239.0	211.0	241.0	619.0
Acquire-EHT_B5_60_2	249	8280	240.0	211.0	241.0	619.0
Acquire-EHT_B5_60_2	250	8312	240.0	211.0	241.0	619.0
Acquire-EHT_B5_60_2	251	8343	240.0	211.0	241.0	620.0
Acquire-EHT_B5_60_2	252	8374	240.0	211.0	241.0	619.0
Acquire-EHT_B5_60_2	253	8405	239.0	211.0	241.0	619.0
Acquire-EHT_B5_60_2	254	8437	239.0	211.0	241.0	620.0
Acquire-EHT_B5_60_2	255	8484	239.0	210.0	241.0	619.0
Acquire-EHT_B5_60_2	256	8515	239.0	211.0	241.0	620.0
Acquire-EHT_B5_60_2	257	8546	240.0	211.0	241.0	618.0
Acquire-EHT_B5_60_2	258	8577	240.0	213.0	241.0	617.0
Acquire-EHT_B5_60_2	259	8609	240.0	213.0	241.0	616.0
Acquire-EHT_B5_60_2	260	8640	240.0	214.0	241.0	616.0
Acquire-EHT_B5_60_2	261	8671	240.0	214.0	241.0	615.0
Acquire-EHT_B5_60_2	262	8718	240.0	214.0	241.0	615.0
Acquire-EHT_B5_60_2	263	8749	240.0	214.0	241.0	615.0
Acquire-EHT_B5_60_2	264	8780	240.0	214.0	241.0	615.0
Acquire-EHT_B5_60_2	265	8812	240.0	214.0	241.0	615.0
Acquire-EHT_B5_60_2	266	8843	240.0	213.0	241.0	616.0
Acquire-EHT_B5_60_2	267	8874	240.0	213.0	241.0	617.0
Acquire-EHT_B5_60_2	268	8905	240.0	212.0	241.0	618.0
Acquire-EHT_B5_60_2	269	8937	240.0	212.0	241.0	619.0
Acquire-EHT_B5_60_2	270	8983	240.0	211.0	241.0	619.0
Acquire-EHT_B5_60_2	271	9015	239.0	211.0	241.0	619.0
Acquire-EHT_B5_60_2	272	9046	240.0	211.0	241.0	619.0
Acquire-EHT_B5_60_2	273	9077	240.0	211.0	241.0	619.0
Acquire-EHT_B5_60_2	274	9108	239.0	210.0	241.0	619.0
Acquire-EHT_B5_60_2	275	9140	240.0	211.0	241.0	620.0
Acquire-EHT_B5_60_2	276	9171	239.0	210.0	241.0	619.0
Acquire-EHT_B5_60_2	277	9218	240.0	211.0	241.0	620.0
Acquire-EHT_B5_60_2	278	9249	240.0	211.0	241.0	619.0
Acquire-EHT_B5_60_2	279	9280	239.0	210.0	241.0	619.0
Acquire-EHT_B5_60_2	280	9312	240.0	211.0	241.0	619.0
Acquire-EHT_B5_60_2	281	9343	240.0	212.0	241.0	618.0
Acquire-EHT_B5_60_2	282	9374	240.0	213.0	241.0	617.0
Acquire-EHT_B5_60_2	283	9405	240.0	214.0	241.0	615.0
Acquire-EHT_B5_60_2	284	9437	240.0	214.0	241.0	615.0
Acquire-EHT_B5_60_2	285	9483	240.0	214.0	241.0	615.0
Acquire-EHT_B5_60_2	286	9515	240.0	214.0	241.0	615.0
Acquire-EHT_B5_60_2	287	9546	240.0	214.0	241.0	615.0
Acquire-EHT_B5_60_2	288	9577	240.0	214.0	241.0	615.0
Acquire-EHT_B5_60_2	289	9608	240.0	213.0	241.0	615.0
Acquire-EHT_B5_60_2	290	9640	240.0	213.0	241.0	617.0
Acquire-EHT_B5_60_2	291	9671	240.0	212.0	241.0	618.0
Acquire-EHT_B5_60_2	292	9718	240.0	212.0	241.0	618.0
Acquire-EHT_B5_60_2	293	9749	240.0	212.0	241.0	619.0
Acquire-EHT_B5_60_2	294	9780	239.0	211.0	241.0	619.0
Acquire-EHT_B5_60_2	295	9812	239.0	211.0	241.0	619.0
Acquire-EHT_B5_60_2	296	9843	240.0	211.0	241.0	619.0
Acquire-EHT_B5_60_2	297	9874	239.0	211.0	241.0	620.0
Acquire-EHT_B5_60_2	298	9905	240.0	211.0	241.0	619.0
Acquire-EHT_B5_60_2	299	9937	240.0	211.0	241.0	620.0
Acquire-EHT_B5_60_2	300	9983	239.0	211.0	241.0	619.0
Acquire-EHT_B5_60_2	301	10015	239.0	211.0	241.0	619.0
Acquire-EHT_B5_60_2	302	10046	239.0	211.0	241.0	619.0
Acquire-EHT_B5_60_2	303	10077	240.0	213.0	241.0	618.0
Acquire-EHT_B5_60_2	304	10108	240.0	213.0	241.0	617.0
Acquire-EHT_B5_60_2	305	10140	240.0	214.0	241.0	616.0
Acquire-EHT_B5_60_2	306	10171	240.0	214.0	241.0	615.0
Acquire-EHT_B5_60_2	307	10218	240.0	214.0	241.0	615.0
Acquire-EHT_B5_60_2	308	10249	240.0	214.0	241.0	615.0
Acquire-EHT_B5_60_2	309	10280	240.0	214.0	241.0	615.0
Acquire-EHT_B5_60_2	310	10312	240.0	214.0	241.0	615.0
Acquire-EHT_B5_60_2	311	10343	240.0	213.0	241.0	615.0
Acquire-EHT_B5_60_2	312	10374	240.0	213.0	241.0	617.0
Acquire-EHT_B5_60_2	313	10405	240.0	212.0	241.0	618.0
Acquire-EHT_B5_60_2	314	10437	240.0	212.0	241.0	619.0
Acquire-EHT_B5_60_2	315	10483	239.0	211.0	241.0	619.0
Acquire-EHT_B5_60_2	316	10515	240.0	211.0	241.0	619.0
Acquire-EHT_B5_60_2	317	10546	239.0	211.0	241.0	619.0
Acquire-EHT_B5_60_2	318	10577	240.0	211.0	241.0	619.0
Acquire-EHT_B5_60_2	319	10608	240.0	211.0	241.0	620.0
Acquire-EHT_B5_60_2	320	10640	240.0	211.0	242.0	620.0
Acquire-EHT_B5_60_2	321	10671	239.0	211.0	241.0	619.0
Acquire-EHT_B5_60_2	322	10718	239.0	211.0	241.0	619.0
Acquire-EHT_B5_60_2	323	10749	239.0	211.0	241.0	619.0
Acquire-EHT_B5_60_2	324	10780	240.0	211.0	241.0	619.0
Acquire-EHT_B5_60_2	325	10811	239.0	212.0	241.0	618.0
Acquire-EHT_B5_60_2	326	10843	240.0	213.0	241.0	617.0
Acquire-EHT_B5_60_2	327	10874	240.0	214.0	241.0	616.0
Acquire-EHT_B5_60_2	328	10905	240.0	214.0	241.0	615.0
Acquire-EHT_B5_60_2	329	10936	240.0	214.0	241.0	615.0
Acquire-EHT_B5_60_2	330	10983	240.0	214.0	241.0	615.0
Acquire-EHT_B5_60_2	331	11015	240.0	214.0	241.0	615.0
Acquire-EHT_B5_60_2	332	11046	240.0	214.0	241.0	615.0
Acquire-EHT_B5_60_2	333	11077	240.0	214.0	241.0	615.0
Acquire-EHT_B5_60_2	334	11108	240.0	213.0	241.0	617.0
Acquire-EHT_B5_60_2	335	11140	240.0	212.0	241.0	617.0
Acquire-EHT_B5_60_2	336	11171	240.0	212.0	241.0	618.0
Acquire-EHT_B5_60_2	337	11218	240.0	211.0	241.0	619.0
Acquire-EHT_B5_60_2	338	11249	240.0	211.0	241.0	619.0
Acquire-EHT_B5_60_2	339	11280	240.0	211.0	241.0	619.0
Acquire-EHT_B5_60_2	340	11311	240.0	211.0	241.0	619.0
Acquire-EHT_B5_60_2	341	11343	240.0	211.0	241.0	619.0
Acquire-EHT_B5_60_2	342	11374	239.0	211.0	241.0	619.0
Acquire-EHT_B5_60_2	343	11405	239.0	210.0	241.0	619.0
Acquire-EHT_B5_60_2	344	11436	239.0	211.0	241.0	619.0
Acquire-EHT_B5_60_2	345	11483	239.0	210.0	241.0	619.0
Acquire-EHT_B5_60_2	346	11515	240.0	214.0	241.0	615.0
Acquire-EHT_B5_60_2	347	11811	240.0	214.0	241.0	615.0
Acquire-EHT_B5_60_2	348	11843	240.0	214.0	241.0	616.0
Acquire-EHT_B5_60_2	349	11874	240.0	213.0	241.0	617.0
Acquire-EHT_B5_60_2	350	11905	240.0	212.0	241.0	618.0
Acquire-EHT_B5_60_2	351	11936	239.0	211.0	241.0	618.0
Acquire-EHT_B5_60_2	352	11983	239.0	211.0	241.0	619.0
Acquire-EHT_B5_60_2	353	12015	239.0	211.0	241.0	619.0
Acquire-EHT_B5_60_2	354	12046	240.0	211.0	241.0	619.0
Acquire-EHT_B5_60_2	355	12077	240.0	211.0	241.0	619.0
Acquire-EHT_B5_60_2	356	12108	240.0	211.0	241.0	620.0
Acquire-EHT_B5_60_2	357	12140	239.0	211.0	241.0	619.0
Acquire-EHT_B5_60_2	358	12171	239.0	211.0	241.0	620.0
Acquire-EHT_B5_60_2	359	12218	240.0	210.0	241.0	619.0
Acquire-EHT_B5_60_2	360	12249	240.0	211.0	241.0	620.0
Acquire-EHT_B5_60_2	361	12280	239.0	210.0	242.0	619.0
Acquire-EHT_B5_60_2	362	12311	239.0	211.0	241.0	619.0
Acquire-EHT_B5_60_2	363	12343	240.0	211.0	241.0	620.0
Acquire-EHT_B5_60_2	364	12374	240.0	211.0	241.0	619.0
Acquire-EHT_B5_60_2	365	12405	240.0	212.0	241.0	618.0
Acquire-EHT_B5_60_2	366	12436	240.0	212.0	241.0	617.0
Acquire-EHT_B5_60_2	367	12483	240.0	214.0	241.0	616.0
Acquire-EHT_B5_60_2	368	12515	240.0	214.0	241.0	615.0
Acquire-EHT_B5_60_2	369	12546	240.0	214.0	241.0	615.0
Acquire-EHT_B5_60_2	370	12577	240.0	214.0	241.0	615.0
Acquire-EHT_B5_60_2	371	12608	240.0	214.0	241.0	615.0
Acquire-EHT_B5_60_2	372	12639	240.0	214.0	241.0	615.0
Acquire-EHT_B5_60_2	373	12671	240.0	214.0	241.0	615.0
Acquire-EHT_B5_60_2	374	12718	240.0	213.0	241.0	616.0
Acquire-EHT_B5_60_2	375	12749	240.0	213.0	241.0	617.0
Acquire-EHT_B5_60_2	376	12780	240.0	213.0	241.0	618.0
Acquire-EHT_B5_60_2	377	12811	239.0	211.0	241.0	619.0
Acquire-EHT_B5_60_2	378	12843	239.0	211.0	241.0	619.0
Acquire-EHT_B5_60_2	379	12874	240.0	211.0	241.0	619.0
Acquire-EHT_B5_60_2	380	12905	239.0	211.0	241.0	619.0
Acquire-EHT_B5_60_2	381	12936	239.0	211.0	241.0	619.0
Acquire-EHT_B5_60_2	382	12983	239.0	211.0	241.0	619.0
Acquire-EHT_B5_60_2	383	13014	240.0	211.0	241.0	619.0
Acquire-EHT_B5_60_2	384	13046	240.0	211.0	241.0	620.0
Acquire-EHT_B5_60_2	385	13077	240.0	210.0	241.0	619.0
Acquire-EHT_B5_60_2	386	13108	240.0	211.0	241.0	619.0
Acquire-EHT_B5_60_2	387	13139	240.0	211.0	241.0	619.0
Acquire-EHT_B5_60_2	388	13171	240.0	212.0	241.0	618.0
Acquire-EHT_B5_60_2	389	13218	240.0	213.0	241.0	617.0
Acquire-EHT_B5_60_2	390	13249	240.0	214.0	241.0	616.0
Acquire-EHT_B5_60_2	391	13280	240.0	214.0	241.0	615.0
Acquire-EHT_B5_60_2	392	13311	240.0	214.0	241.0	615.0
Acquire-EHT_B5_60_2	393	13343	240.0	214.0	241.0	615.0
Acquire-EHT_B5_60_2	394	13374	240.0	214.0	241.0	615.0
Acquire-EHT_B5_60_2	395	13405	240.0	214.0	241.0	615.0
Acquire-EHT_B5_60_2	396	13436	240.0	213.0	241.0	615.0
Acquire-EHT_B5_60_2	397	13483	240.0	213.0	241.0	617.0
Acquire-EHT_B5_60_2	398	13514	240.0	212.0	241.0	617.0
Acquire-EHT_B5_60_2	399	13546	240.0	212.0	241.0	618.0
Acquire-EHT_B5_60_2	400	13577	240.0	211.0	241.0	619.0
Acquire-EHT_B5_60_2	401	13608	240.0	211.0	241.0	619.0
Acquire-EHT_B5_60_2	402	13639	240.0	211.0	241.0	619.0
Acquire-EHT_B5_60_2	403	13671	240.0	211.0	241.0	619.0
Acquire-EHT_B5_60_2	404	13718	240.0	211.0	241.0	619.0
Acquire-EHT_B5_60_2	405	13749	240.0	211.0	241.0	619.0
Acquire-EHT_B5_60_2	406	13780	239.0	211.0	241.0	619.0
Acquire-EHT_B5_60_2	407	13811	239.0	210.0	241.0	619.0
Acquire-EHT_B5_60_2	408	13843	240.0	211.0	241.0	619.0
Acquire-EHT_B5_60_2	409	13874	240.0	211.0	241.0	619.0
Acquire-EHT_B5_60_2	410	13905	240.0	211.0	241.0	619.0
Acquire-EHT_B5_60_2	411	13936	240.0	212.0	241.0	618.0
Acquire-EHT_B5_60_2	412	13983	240.0	213.0	241.0	617.0
Acquire-EHT_B5_60_2	413	14014	240.0	213.0	241.0	616.0
Acquire-EHT_B5_60_2	414	14046	240.0	214.0	241.0	615.0
Acquire-EHT_B5_60_2	415	14077	240.0	214.0	241.0	615.0
Acquire-EHT_B5_60_2	416	14108	240.0	214.0	241.0	615.0
Acquire-EHT_B5_60_2	417	14139	240.0	214.0	241.0	615.0
Acquire-EHT_B5_60_2	418	14171	240.0	214.0	241.0	615.0
Acquire-EHT_B5_60_2	419	14218	240.0	214.0	241.0	616.0
Acquire-EHT_B5_60_2	420	14249	240.0	213.0	241.0	616.0
Acquire-EHT_B5_60_2	421	14280	240.0	213.0	241.0	617.0
Acquire-EHT_B5_60_2	422	14311	239.0	211.0	241.0	618.0
Acquire-EHT_B5_60_2	423	14343	240.0	211.0	241.0	619.0
Acquire-EHT_B5_60_2	424	14374	240.0	211.0	241.0	619.0
Acquire-EHT_B5_60_2	425	14405	239.0	211.0	241.0	619.0
Acquire-EHT_B5_60_2	426	14452	240.0	211.0	241.0	619.0
Acquire-EHT_B5_60_2	427	14483	239.0	211.0	241.0	619.0
Acquire-EHT_B5_60_2	428	14514	239.0	211.0	241.0	619.0
Acquire-EHT_B5_60_2	429	14546	240.0	211.0	241.0	619.0
Acquire-EHT_B5_60_2	430	14577	239.0	211.0	241.0	619.0
Acquire-EHT_B5_60_2	431	14608	239.0	211.0	241.0	619.0
Acquire-EHT_B5_60_2	432	14639	240.0	211.0	241.0	620.0
Acquire-EHT_B5_60_2	433	14671	239.0	211.0	241.0	619.0
Acquire-EHT_B5_60_2	434	14717	240.0	211.0	241.0	619.0
Acquire-EHT_B5_60_2	435	14749	239.0	211.0	241.0	618.0
Acquire-EHT_B5_60_2	436	14780	240.0	213.0	241.0	617.0
Acquire-EHT_B5_60_2	437	14811	240.0	213.0	241.0	616.0
Acquire-EHT_B5_60_2	438	14842	240.0	214.0	241.0	615.0
Acquire-EHT_B5_60_2	439	14874	240.0	214.0	241.0	615.0
Acquire-EHT_B5_60_2	440	14905	240.0	214.0	241.0	615.0
Acquire-EHT_B5_60_2	441	14952	240.0	214.0	241.0	615.0
Acquire-EHT_B5_60_2	442	14983	240.0	214.0	241.0	615.0
Acquire-EHT_B5_60_2	443	15014	240.0	214.0	241.0	615.0
Acquire-EHT_B5_60_2	444	15046	240.0	213.0	241.0	616.0
Acquire-EHT_B5_60_2	445	15077	240.0	213.0	241.0	617.0
Acquire-EHT_B5_60_2	446	15108	240.0	212.0	241.0	618.0
Acquire-EHT_B5_60_2	447	15139	240.0	212.0	241.0	619.0
Acquire-EHT_B5_60_2	448	15171	240.0	211.0	241.0	619.0
Acquire-EHT_B5_60_2	449	15217	239.0	211.0	241.0	619.0
Acquire-EHT_B5_60_2	450	15249	239.0	210.0	241.0	619.0
Acquire-EHT_B5_60_2	451	15280	240.0	211.0	241.0	619.0
Acquire-EHT_B5_60_2	452	15311	240.0	211.0	241.0	619.0
Acquire-EHT_B5_60_2	453	15342	240.0	211.0	241.0	620.0
Acquire-EHT_B5_60_2	454	15374	240.0	210.0	241.0	619.0
Acquire-EHT_B5_60_2	455	15405	240.0	211.0	241.0	620.0
Acquire-EHT_B5_60_2	456	15452	240.0	211.0	241.0	619.0
Acquire-EHT_B5_60_2	457	15483	239.0	211.0	241.0	619.0
Acquire-EHT_B5_60_2	458	15514	240.0	212.0	241.0	618.0
Acquire-EHT_B5_60_2	459	15546	240.0	213.0	241.0	616.0
Acquire-EHT_B5_60_2	460	15577	240.0	214.0	241.0	616.0
Acquire-EHT_B5_60_2	461	15608	240.0	214.0	241.0	615.0
Acquire-EHT_B5_60_2	462	15639	240.0	214.0	241.0	615.0
Acquire-EHT_B5_60_2	463	15671	240.0	214.0	241.0	615.0
Acquire-EHT_B5_60_2	464	15717	240.0	214.0	241.0	615.0
Acquire-EHT_B5_60_2	465	15749	240.0	213.0	241.0	615.0
Acquire-EHT_B5_60_2	466	15780	240.0	213.0	241.0	616.0
Acquire-EHT_B5_60_2	467	15811	240.0	213.0	241.0	617.0
Acquire-EHT_B5_60_2	468	15842	240.0	212.0	241.0	618.0
Acquire-EHT_B5_60_2	469	15874	240.0	211.0	241.0	619.0
Acquire-EHT_B5_60_2	470	15905	240.0	211.0	241.0	619.0
Acquire-EHT_B5_60_2	471	15952	240.0	211.0	241.0	619.0
Acquire-EHT_B5_60_2	472	15983	240.0	210.0	241.0	619.0
Acquire-EHT_B5_60_2	473	16014	239.0	211.0	241.0	619.0
Acquire-EHT_B5_60_2	474	16046	239.0	210.0	241.0	619.0
Acquire-EHT_B5_60_2	475	16077	240.0	211.0	241.0	619.0
Acquire-EHT_B5_60_2	476	16108	239.0	211.0	241.0	619.0
Acquire-EHT_B5_60_2	477	16139	240.0	211.0	242.0	620.0
Acquire-EHT_B5_60_2	478	16171	239.0	210.0	241.0	619.0
Acquire-EHT_B5_60_2	479	16217	240.0	211.0	241.0	619.0
Acquire-EHT_B5_60_2	480	16249	239.0	212.0	241.0	618.0
Acquire-EHT_B5_60_2	481	16280	240.0	213.0	241.0	617.0
Acquire-EHT_B5_60_2	482	16311	240.0	213.0	241.0	616.0
Acquire-EHT_B5_60_2	483	16342	240.0	214.0	241.0	615.0
Acquire-EHT_B5_60_2	484	16374	240.0	214.0	241.0	615.0
Acquire-EHT_B5_60_2	485	16405	240.0	214.0	241.0	615.0
Acquire-EHT_B5_60_2	486	16452	240.0	214.0	241.0	615.0
Acquire-EHT_B5_60_2	487	16483	240.0	214.0	241.0	615.0
Acquire-EHT_B5_60_2	488	16514	240.0	213.0	241.0	616.0
Acquire-EHT_B5_60_2	489	16577	240.0	213.0	241.0	617.0
Acquire-EHT_B5_60_2	490	16608	240.0	212.0	241.0	618.0
Acquire-EHT_B5_60_2	491	16639	239.0	211.0	241.0	619.0
Acquire-EHT_B5_60_2	492	16670	240.0	211.0	241.0	619.0
Acquire-EHT_B5_60_2	493	16717	239.0	211.0	241.0	619.0
Acquire-EHT_B5_60_2	494	16749	240.0	211.0	241.0	619.0
Acquire-EHT_B5_60_2	495	16780	239.0	211.0	241.0	619.0
Acquire-EHT_B5_60_2	496	16811	240.0	211.0	241.0	619.0
Acquire-EHT_B5_60_2	497	16842	239.0	211.0	241.0	619.0
Acquire-EHT_B5_60_2	498	16874	240.0	211.0	241.0	620.0
Acquire-EHT_B5_60_2	499	16905	239.0	211.0	241.0	619.0
Acquire-EHT_B5_60_2	500	16952	239.0	211.0	241.0	619.0
Acquire-EHT_B5_60_2	501	16983	240.0	211.0	241.0	618.0
Acquire-EHT_B5_60_2	502	17014	240.0	213.0	241.0	617.0
Acquire-EHT_B5_60_2	503	17045	240.0	213.0	241.0	616.0
Acquire-EHT_B5_60_2	504	17077	240.0	214.0	241.0	615.0
Acquire-EHT_B5_60_2	505	17108	240.0	214.0	241.0	615.0
Acquire-EHT_B5_60_2	506	17139	240.0	214.0	241.0	615.0
Acquire-EHT_B5_60_2	507	17170	240.0	214.0	241.0	615.0
Acquire-EHT_B5_60_2	508	17217	240.0	214.0	241.0	615.0
Acquire-EHT_B5_60_2	509	17249	240.0	214.0	241.0	616.0
Acquire-EHT_B5_60_2	510	17280	240.0	213.0	241.0	616.0
Acquire-EHT_B5_60_2	511	17311	240.0	213.0	241.0	617.0
Acquire-EHT_B5_60_2	512	17342	240.0	212.0	241.0	618.0
Acquire-EHT_B5_60_2	513	17374	240.0	212.0	241.0	619.0
Acquire-EHT_B5_60_2	514	17405	239.0	211.0	241.0	619.0
Acquire-EHT_B5_60_2	515	17452	240.0	211.0	241.0	619.0
Acquire-EHT_B5_60_2	516	17483	239.0	210.0	241.0	619.0
Acquire-EHT_B5_60_2	517	17514	239.0	211.0	241.0	619.0
Acquire-EHT_B5_60_2	518	17545	240.0	211.0	241.0	619.0
Acquire-EHT_B5_60_2	519	17577	239.0	211.0	241.0	620.0
Acquire-EHT_B5_60_2	520	17608	239.0	211.0	241.0	620.0
Acquire-EHT_B5_60_2	521	17639	239.0	210.0	241.0	619.0
Acquire-EHT_B5_60_2	522	17670	239.0	211.0	241.0	619.0
Acquire-EHT_B5_60_2	523	17717	239.0	211.0	241.0	618.0
Acquire-EHT_B5_60_2	524	17749	240.0	212.0	241.0	618.0
Acquire-EHT_B5_60_2	525	17780	240.0	213.0	241.0	616.0
Acquire-EHT_B5_60_2	526	17811	240.0	214.0	241.0	616.0
Acquire-EHT_B5_60_2	527	17842	240.0	214.0	241.0	615.0
Acquire-EHT_B5_60_2	528	17874	240.0	214.0	241.0	615.0
Acquire-EHT_B5_60_2	529	17905	240.0	214.0	241.0	615.0
Acquire-EHT_B5_60_2	530	17952	240.0	214.0	241.0	615.0
Acquire-EHT_B5_60_2	531	17983	240.0	214.0	241.0	615.0
Acquire-EHT_B5_60_2	532	18014	240.0	213.0	241.0	616.0
Acquire-EHT_B5_60_2	533	18045	240.0	213.0	241.0	617.0
Acquire-EHT_B5_60_2	534	18077	240.0	212.0	241.0	618.0
Acquire-EHT_B5_60_2	535	18108	240.0	212.0	241.0	619.0
Acquire-EHT_B5_60_2	536	18139	239.0	211.0	241.0	619.0
Acquire-EHT_B5_60_2	537	18170	240.0	211.0	241.0	619.0
Acquire-EHT_B5_60_2	538	18217	240.0	211.0	241.0	619.0
Acquire-EHT_B5_60_2	539	18248	240.0	211.0	241.0	619.0
Acquire-EHT_B5_60_2	540	18280	239.0	210.0	241.0	619.0
Acquire-EHT_B5_60_2	541	18311	239.0	211.0	241.0	620.0
Acquire-EHT_B5_60_2	542	18342	240.0	211.0	241.0	619.0
Acquire-EHT_B5_60_2	543	18373	239.0	211.0	241.0	619.0
Acquire-EHT_B5_60_2	544	18405	240.0	211.0	241.0	619.0
Acquire-EHT_B5_60_2	545	18452	239.0	210.0	241.0	619.0
Acquire-EHT_B5_60_2	546	18483	240.0	211.0	241.0	619.0
Acquire-EHT_B5_60_2	547	18514	240.0	212.0	241.0	618.0
Acquire-EHT_B5_60_2	548	18545	240.0	213.0	241.0	617.0
Acquire-EHT_B5_60_2	549	18577	240.0	213.0	241.0	615.0
Acquire-EHT_B5_60_2	550	18608	240.0	214.0	241.0	615.0
Acquire-EHT_B5_60_2	551	18639	240.0	214.0	241.0	615.0
Acquire-EHT_B5_60_2	552	18670	240.0	214.0	241.0	615.0
Acquire-EHT_B5_60_2	553	18717	240.0	214.0	241.0	615.0
Acquire-EHT_B5_60_2	554	18748	240.0	214.0	241.0	615.0
Acquire-EHT_B5_60_2	555	18780	240.0	214.0	241.0	615.0
Acquire-EHT_B5_60_2	556	18811	240.0	213.0	241.0	616.0
Acquire-EHT_B5_60_2	557	18842	239.0	212.0	241.0	617.0
Acquire-EHT_B5_60_2	558	18873	240.0	212.0	241.0	618.0
Acquire-EHT_B5_60_2	559	18905	239.0	211.0	241.0	619.0
Acquire-EHT_B5_60_2	560	18952	239.0	211.0	241.0	619.0
Acquire-EHT_B5_60_2	561	18983	240.0	211.0	241.0	619.0
Acquire-EHT_B5_60_2	562	19014	239.0	211.0	241.0	619.0
Acquire-EHT_B5_60_2	563	19045	239.0	211.0	241.0	619.0
Acquire-EHT_B5_60_2	564	19077	239.0	211.0	241.0	619.0
Acquire-EHT_B5_60_2	565	19108	239.0	211.0	241.0	619.0
Acquire-EHT_B5_60_2	566	19139	239.0	210.0	241.0	619.0
Acquire-EHT_B5_60_2	567	19170	239.0	211.0	241.0	620.0
Acquire-EHT_B5_60_2	568	19217	240.0	211.0	241.0	618.0
Acquire-EHT_B5_60_2	569	19248	240.0	213.0	241.0	617.0
Acquire-EHT_B5_60_2	570	19280	240.0	213.0	241.0	616.0
Acquire-EHT_B5_60_2	571	19311	240.0	214.0	241.0	615.0
Acquire-EHT_B5_60_2	572	19342	240.0	214.0	241.0	615.0
Acquire-EHT_B5_60_2	573	19373	240.0	214.0	241.0	615.0
Acquire-EHT_B5_60_2	574	19405	240.0	214.0	241.0	615.0
Acquire-EHT_B5_60_2	575	19452	240.0	214.0	241.0	615.0
Acquire-EHT_B5_60_2	576	19483	240.0	214.0	241.0	615.0
Acquire-EHT_B5_60_2	577	19514	240.0	213.0	241.0	616.0
Acquire-EHT_B5_60_2	578	19545	240.0	213.0	241.0	617.0
Acquire-EHT_B5_60_2	579	19577	239.0	211.0	241.0	618.0
Acquire-EHT_B5_60_2	580	19608	240.0	212.0	241.0	619.0
Acquire-EHT_B5_60_2	581	19639	239.0	211.0	241.0	619.0
Acquire-EHT_B5_60_2	582	19670	240.0	211.0	241.0	619.0
Acquire-EHT_B5_60_2	583	19717	239.0	211.0	241.0	619.0
Acquire-EHT_B5_60_2	584	19748	239.0	211.0	241.0	619.0
Acquire-EHT_B5_60_2	585	19780	239.0	211.0	241.0	619.0
Acquire-EHT_B5_60_2	586	19811	240.0	210.0	241.0	619.0
Acquire-EHT_B5_60_2	587	19842	239.0	211.0	241.0	620.0
Acquire-EHT_B5_60_2	588	19873	240.0	211.0	241.0	619.0
Acquire-EHT_B5_60_2	589	19905	240.0	211.0	241.0	620.0
Acquire-EHT_B5_60_2	590	19951	240.0	210.0	241.0	619.0
Acquire-EHT_B5_60_2	591	19983	239.0	211.0	241.0	620.0
Acquire-EHT_B5_60_2	592	20014	239.0	211.0	241.0	619.0
Acquire-EHT_B5_60_2	593	20045	239.0	212.0	241.0	618.0
Acquire-EHT_B5_60_2	594	20076	240.0	213.0	241.0	617.0
Acquire-EHT_B5_60_2	595	20108	240.0	214.0	241.0	616.0
Acquire-EHT_B5_60_2	596	20139	240.0	214.0	241.0	615.0
Acquire-EHT_B5_60_2	597	20170	240.0	214.0	241.0	615.0
Acquire-EHT_B5_60_2	598	20217	240.0	214.0	241.0	615.0
Acquire-EHT_B5_60_2	599	20248	240.0	214.0	241.0	615.0
Acquire-EHT_B5_60_2	600	20280	240.0	214.0	241.0	615.0
Acquire-EHT_B5_60_2	601	20311	240.0	213.0	241.0	615.0
Acquire-EHT_B5_60_2	602	20342	240.0	213.0	241.0	617.0
Acquire-EHT_B5_60_2	603	20373	240.0	212.0	241.0	617.0
Acquire-EHT_B5_60_2	604	20405	240.0	212.0	241.0	619.0
Acquire-EHT_B5_60_2	605	20451	239.0	211.0	241.0	619.0
Acquire-EHT_B5_60_2	606	20483	240.0	211.0	242.0	619.0
Acquire-EHT_B5_60_2	607	20514	240.0	211.0	241.0	619.0
Acquire-EHT_B5_60_2	608	20545	239.0	211.0	241.0	619.0
Acquire-EHT_B5_60_2	609	20576	239.0	211.0	241.0	619.0
Acquire-EHT_B5_60_2	610	20608	239.0	211.0	241.0	619.0
Acquire-EHT_B5_60_2	611	20639	239.0	211.0	241.0	619.0
Acquire-EHT_B5_60_2	612	20670	239.0	210.0	241.0	619.0
Acquire-EHT_B5_60_2	613	20717	239.0	211.0	241.0	619.0
Acquire-EHT_B5_60_2	614	20748	240.0	211.0	241.0	618.0
Acquire-EHT_B5_60_2	615	20780	240.0	213.0	241.0	617.0
Acquire-EHT_B5_60_2	616	20811	240.0	213.0	241.0	616.0
Acquire-EHT_B5_60_2	617	20842	240.0	214.0	241.0	615.0
Acquire-EHT_B5_60_2	618	20873	240.0	214.0	241.0	615.0
Acquire-EHT_B5_60_2	619	20905	240.0	214.0	241.0	615.0
Acquire-EHT_B5_60_2	620	20951	240.0	214.0	241.0	615.0
Acquire-EHT_B5_60_2	621	20983	240.0	214.0	241.0	615.0
Acquire-EHT_B5_60_2	622	21014	240.0	214.0	241.0	615.0
Acquire-EHT_B5_60_2	623	21045	240.0	213.0	241.0	616.0
Acquire-EHT_B5_60_2	624	21076	240.0	213.0	241.0	617.0
Acquire-EHT_B5_60_2	625	21108	240.0	211.0	241.0	618.0
Acquire-EHT_B5_60_2	626	21139	239.0	212.0	241.0	619.0
Acquire-EHT_B5_60_2	627	21170	240.0	211.0	241.0	619.0
Acquire-EHT_B5_60_2	628	21217	240.0	211.0	241.0	619.0
Acquire-EHT_B5_60_2	629	21248	239.0	211.0	241.0	619.0
Acquire-EHT_B5_60_2	630	21280	240.0	211.0	241.0	619.0
Acquire-EHT_B5_60_2	631	21311	240.0	210.0	241.0	619.0
Acquire-EHT_B5_60_2	632	21342	239.0	211.0	241.0	620.0
Acquire-EHT_B5_60_2	633	21373	239.0	211.0	241.0	619.0
Acquire-EHT_B5_60_2	634	21405	239.0	211.0	241.0	619.0
Acquire-EHT_B5_60_2	635	21451	240.0	211.0	241.0	619.0
Acquire-EHT_B5_60_2	636	21483	239.0	211.0	241.0	619.0
Acquire-EHT_B5_60_2	637	21514	239.0	212.0	241.0	618.0
Acquire-EHT_B5_60_2	638	21545	240.0	213.0	241.0	617.0
Acquire-EHT_B5_60_2	639	21576	240.0	214.0	241.0	616.0
Acquire-EHT_B5_60_2	640	21608	240.0	214.0	241.0	615.0
Acquire-EHT_B5_60_2	641	21639	240.0	214.0	241.0	615.0
Acquire-EHT_B5_60_2	642	21670	240.0	214.0	241.0	615.0
Acquire-EHT_B5_60_2	643	21717	240.0	214.0	241.0	615.0
Acquire-EHT_B5_60_2	644	21748	240.0	214.0	241.0	615.0
Acquire-EHT_B5_60_2	645	21779	240.0	214.0	241.0	616.0
Acquire-EHT_B5_60_2	646	21811	240.0	213.0	241.0	616.0
Acquire-EHT_B5_60_2	647	21842	240.0	213.0	241.0	618.0
Acquire-EHT_B5_60_2	648	21873	239.0	211.0	241.0	618.0
Acquire-EHT_B5_60_2	649	21904	239.0	211.0	241.0	619.0
Acquire-EHT_B5_60_2	650	21951	239.0	211.0	241.0	619.0
Acquire-EHT_B5_60_2	651	21983	240.0	211.0	241.0	619.0
Acquire-EHT_B5_60_2	652	22014	239.0	211.0	241.0	619.0
Acquire-EHT_B5_60_2	653	22045	239.0	211.0	241.0	619.0
Acquire-EHT_B5_60_2	654	22076	239.0	211.0	241.0	619.0
Acquire-EHT_B5_60_2	655	22108	239.0	210.0	241.0	619.0
Acquire-EHT_B5_60_2	656	22139	239.0	211.0	241.0	619.0
Acquire-EHT_B5_60_2	657	22170	240.0	211.0	241.0	619.0
Acquire-EHT_B5_60_2	658	22217	239.0	211.0	241.0	620.0
Acquire-EHT_B5_60_2	659	22248	239.0	211.0	241.0	619.0
Acquire-EHT_B5_60_2	660	22279	239.0	211.0	241.0	620.0
Acquire-EHT_B5_60_2	661	22311	240.0	211.0	241.0	619.0
Acquire-EHT_B5_60_2	662	22342	240.0	212.0	241.0	617.0
Acquire-EHT_B5_60_2	663	22373	240.0	213.0	241.0	616.0
Acquire-EHT_B5_60_2	664	22404	240.0	214.0	241.0	615.0
Acquire-EHT_B5_60_2	665	22451	240.0	214.0	241.0	615.0
Acquire-EHT_B5_60_2	666	22483	240.0	214.0	241.0	615.0
Acquire-EHT_B5_60_2	667	22514	240.0	214.0	241.0	615.0
Acquire-EHT_B5_60_2	668	22545	240.0	214.0	241.0	615.0
Acquire-EHT_B5_60_2	669	22576	240.0	214.0	241.0	615.0
Acquire-EHT_B5_60_2	670	22608	240.0	213.0	241.0	616.0
Acquire-EHT_B5_60_2	671	22639	240.0	213.0	241.0	617.0
Acquire-EHT_B5_60_2	672	22670	240.0	212.0	241.0	618.0
Acquire-EHT_B5_60_2	673	22717	239.0	212.0	241.0	619.0
Acquire-EHT_B5_60_2	674	22748	239.0	211.0	241.0	619.0
Acquire-EHT_B5_60_2	675	22779	240.0	211.0	241.0	619.0
Acquire-EHT_B5_60_2	676	22811	240.0	211.0	241.0	619.0
Acquire-EHT_B5_60_2	677	22842	240.0	211.0	241.0	619.0
Acquire-EHT_B5_60_2	678	22873	239.0	210.0	241.0	619.0
Acquire-EHT_B5_60_2	679	22904	240.0	211.0	241.0	619.0
Acquire-EHT_B5_60_2	680	22951	240.0	211.0	241.0	620.0
Acquire-EHT_B5_60_2	681	22983	239.0	210.0	241.0	619.0
Acquire-EHT_B5_60_2	682	23014	240.0	211.0	241.0	620.0
Acquire-EHT_B5_60_2	683	23045	239.0	211.0	241.0	619.0
Acquire-EHT_B5_60_2	684	23076	240.0	211.0	241.0	619.0
Acquire-EHT_B5_60_2	685	23108	240.0	212.0	241.0	618.0
Acquire-EHT_B5_60_2	686	23139	240.0	213.0	241.0	617.0
Acquire-EHT_B5_60_2	687	23170	240.0	213.0	241.0	616.0
Acquire-EHT_B5_60_2	688	23217	240.0	214.0	241.0	615.0
Acquire-EHT_B5_60_2	689	23248	240.0	214.0	241.0	615.0
Acquire-EHT_B5_60_2	690	23279	240.0	214.0	241.0	615.0
Acquire-EHT_B5_60_2	691	23311	240.0	214.0	241.0	615.0
Acquire-EHT_B5_60_2	692	23342	240.0	214.0	241.0	615.0
Acquire-EHT_B5_60_2	693	23373	240.0	214.0	241.0	616.0
Acquire-EHT_B5_60_2	694	23404	240.0	213.0	241.0	616.0
Acquire-EHT_B5_60_2	695	23451	240.0	212.0	241.0	618.0
Acquire-EHT_B5_60_2	696	23482	239.0	211.0	241.0	618.0
Acquire-EHT_B5_60_2	697	23514	239.0	211.0	241.0	619.0
Acquire-EHT_B5_60_2	698	23545	240.0	211.0	241.0	619.0
Acquire-EHT_B5_60_2	699	23576	239.0	211.0	241.0	619.0
Acquire-EHT_B5_60_2	700	23607	239.0	211.0	241.0	619.0
Acquire-EHT_B5_60_2	701	23639	239.0	211.0	241.0	619.0
Acquire-EHT_B5_60_2	702	23670	239.0	211.0	241.0	619.0
Acquire-EHT_B5_60_2	703	23717	239.0	210.0	241.0	619.0
Acquire-EHT_B5_60_2	704	23748	239.0	211.0	241.0	620.0
Acquire-EHT_B5_60_2	705	23779	239.0	211.0	241.0	620.0
Acquire-EHT_B5_60_2	706	23811	240.0	211.0	241.0	620.0
Acquire-EHT_B5_60_2	707	23842	239.0	211.0	241.0	618.0
Acquire-EHT_B5_60_2	708	23873	240.0	212.0	241.0	618.0
Acquire-EHT_B5_60_2	709	23904	240.0	213.0	241.0	616.0
Acquire-EHT_B5_60_2	710	23951	240.0	214.0	241.0	616.0
Acquire-EHT_B5_60_2	711	23982	240.0	214.0	241.0	615.0
Acquire-EHT_B5_60_2	712	24014	240.0	214.0	241.0	615.0
Acquire-EHT_B5_60_2	713	24045	240.0	214.0	241.0	615.0
Acquire-EHT_B5_60_2	714	24076	240.0	214.0	241.0	615.0
Acquire-EHT_B5_60_2	715	24107	240.0	214.0	241.0	615.0
Acquire-EHT_B5_60_2	716	24139	240.0	213.0	241.0	616.0
Acquire-EHT_B5_60_2	717	24170	240.0	213.0	241.0	617.0
Acquire-EHT_B5_60_2	718	24217	240.0	212.0	241.0	618.0
Acquire-EHT_B5_60_2	719	24248	239.0	212.0	241.0	619.0
Acquire-EHT_B5_60_2	720	24279	240.0	211.0	241.0	619.0
Acquire-EHT_B5_60_2	721	24311	239.0	211.0	241.0	619.0
Acquire-EHT_B5_60_2	722	24342	239.0	210.0	241.0	619.0
Acquire-EHT_B5_60_2	723	24373	239.0	211.0	241.0	619.0
Acquire-EHT_B5_60_2	724	24404	239.0	210.0	241.0	619.0
Acquire-EHT_B5_60_2	725	24451	239.0	211.0	241.0	620.0
Acquire-EHT_B5_60_2	726	24482	239.0	211.0	241.0	619.0
Acquire-EHT_B5_60_2	727	24514	240.0	211.0	241.0	619.0
Acquire-EHT_B5_60_2	728	24545	239.0	211.0	241.0	619.0
Acquire-EHT_B5_60_2	729	24576	239.0	211.0	241.0	619.0
Acquire-EHT_B5_60_2	730	24607	240.0	212.0	241.0	618.0
Acquire-EHT_B5_60_2	731	24639	240.0	212.0	241.0	617.0
Acquire-EHT_B5_60_2	732	24670	240.0	213.0	241.0	616.0
Acquire-EHT_B5_60_2	733	24717	240.0	213.0	241.0	615.0
Acquire-EHT_B5_60_2	734	24748	240.0	214.0	241.0	615.0
Acquire-EHT_B5_60_2	735	24779	240.0	214.0	241.0	615.0
Acquire-EHT_B5_60_2	736	24811	240.0	214.0	241.0	615.0
Acquire-EHT_B5_60_2	737	24842	240.0	214.0	241.0	615.0
Acquire-EHT_B5_60_2	738	24873	240.0	214.0	241.0	615.0
Acquire-EHT_B5_60_2	739	24904	240.0	213.0	241.0	616.0
Acquire-EHT_B5_60_2	740	24951	240.0	213.0	241.0	617.0
Acquire-EHT_B5_60_2	741	24982	240.0	212.0	241.0	618.0
Acquire-EHT_B5_60_2	742	25014	239.0	211.0	241.0	619.0
Acquire-EHT_B5_60_2	743	25045	240.0	211.0	241.0	619.0
Acquire-EHT_B5_60_2	744	25076	240.0	211.0	241.0	619.0
Acquire-EHT_B5_60_2	745	25107	239.0	211.0	241.0	619.0
Acquire-EHT_B5_60_2	746	25139	239.0	210.0	241.0	619.0
Acquire-EHT_B5_60_2	747	25170	239.0	211.0	241.0	620.0
Acquire-EHT_B5_60_2	748	25217	240.0	211.0	241.0	619.0
Acquire-EHT_B5_60_2	749	25248	239.0	211.0	241.0	619.0
Acquire-EHT_B5_60_2	750	25279	239.0	210.0	241.0	619.0
Acquire-EHT_B5_60_2	751	25310	239.0	211.0	241.0	619.0
Acquire-EHT_B5_60_2	752	25342	240.0	211.0	241.0	619.0
Acquire-EHT_B5_60_2	753	25373	240.0	211.0	241.0	619.0
Acquire-EHT_B5_60_2	754	25404	239.0	211.0	241.0	618.0
Acquire-EHT_B5_60_2	755	25451	240.0	212.0	241.0	618.0
Acquire-EHT_B5_60_2	756	25482	240.0	213.0	241.0	616.0
Acquire-EHT_B5_60_2	757	25514	240.0	213.0	241.0	615.0
Acquire-EHT_B5_60_2	758	25545	240.0	214.0	241.0	615.0
Acquire-EHT_B5_60_2	759	25576	240.0	214.0	241.0	615.0
Acquire-EHT_B5_60_2	760	25607	240.0	214.0	241.0	615.0
Acquire-EHT_B5_60_2	761	25639	240.0	214.0	241.0	615.0
Acquire-EHT_B5_60_2	762	25670	240.0	214.0	241.0	615.0
Acquire-EHT_B5_60_2	763	25717	240.0	213.0	241.0	616.0
Acquire-EHT_B5_60_2	764	25748	240.0	213.0	241.0	617.0
Acquire-EHT_B5_60_2	765	25779	240.0	212.0	241.0	618.0
Acquire-EHT_B5_60_2	766	25810	240.0	212.0	241.0	619.0
Acquire-EHT_B5_60_2	767	25842	240.0	211.0	241.0	619.0
Acquire-EHT_B5_60_2	768	25873	239.0	211.0	241.0	619.0
Acquire-EHT_B5_60_2	769	25904	239.0	211.0	241.0	619.0
Acquire-EHT_B5_60_2	770	25951	240.0	211.0	241.0	619.0
Acquire-EHT_B5_60_2	771	25982	239.0	211.0	241.0	620.0
Acquire-EHT_B5_60_2	772	26014	240.0	211.0	241.0	619.0
Acquire-EHT_B5_60_2	773	26045	240.0	211.0	241.0	620.0
Acquire-EHT_B5_60_2	774	26076	239.0	210.0	241.0	620.0
Acquire-EHT_B5_60_2	775	26107	239.0	211.0	241.0	620.0
Acquire-EHT_B5_60_2	776	26139	239.0	210.0	241.0	619.0
Acquire-EHT_B5_60_2	777	26170	240.0	211.0	241.0	620.0
Acquire-EHT_B5_60_2	778	26217	239.0	211.0	241.0	619.0
Acquire-EHT_B5_60_2	779	26248	240.0	212.0	241.0	618.0
Acquire-EHT_B5_60_2	780	26279	240.0	213.0	241.0	617.0
Acquire-EHT_B5_60_2	781	26310	240.0	214.0	241.0	616.0
Acquire-EHT_B5_60_2	782	26342	240.0	214.0	241.0	615.0
Acquire-EHT_B5_60_2	783	26373	240.0	214.0	241.0	615.0
Acquire-EHT_B5_60_2	784	26404	240.0	214.0	241.0	615.0
Acquire-EHT_B5_60_2	785	26451	240.0	214.0	241.0	615.0
Acquire-EHT_B5_60_2	786	26482	240.0	214.0	241.0	615.0
Acquire-EHT_B5_60_2	787	26514	240.0	213.0	241.0	616.0
Acquire-EHT_B5_60_2	788	26545	240.0	213.0	241.0	617.0
Acquire-EHT_B5_60_2	789	26576	240.0	212.0	241.0	618.0
Acquire-EHT_B5_60_2	790	26607	240.0	212.0	241.0	619.0
Acquire-EHT_B5_60_2	791	26639	239.0	211.0	241.0	619.0
Acquire-EHT_B5_60_2	792	26670	240.0	211.0	241.0	619.0
Acquire-EHT_B5_60_2	793	26717	239.0	211.0	241.0	619.0
Acquire-EHT_B5_60_2	794	26748	239.0	211.0	241.0	619.0
Acquire-EHT_B5_60_2	795	26779	239.0	211.0	241.0	619.0
Acquire-EHT_B5_60_2	796	26810	239.0	211.0	241.0	619.0
Acquire-EHT_B5_60_2	797	26842	240.0	211.0	241.0	620.0
Acquire-EHT_B5_60_2	798	26873	239.0	210.0	241.0	619.0
Acquire-EHT_B5_60_2	799	26904	239.0	211.0	241.0	619.0
Acquire-EHT_B5_60_2	800	26951	239.0	211.0	241.0	618.0
Acquire-EHT_B5_60_2	801	26982	240.0	212.0	241.0	617.0
Acquire-EHT_B5_60_2	802	27014	240.0	213.0	241.0	616.0
Acquire-EHT_B5_60_2	803	27045	240.0	214.0	241.0	615.0
Acquire-EHT_B5_60_2	804	27076	240.0	214.0	241.0	615.0
Acquire-EHT_B5_60_2	805	27107	240.0	214.0	241.0	615.0
Acquire-EHT_B5_60_2	806	27138	240.0	214.0	241.0	615.0
Acquire-EHT_B5_60_2	807	27170	240.0	214.0	241.0	615.0
Acquire-EHT_B5_60_2	808	27217	240.0	214.0	241.0	615.0
Acquire-EHT_B5_60_2	809	27248	240.0	213.0	241.0	616.0
Acquire-EHT_B5_60_2	810	27279	240.0	213.0	241.0	617.0
Acquire-EHT_B5_60_2	811	27310	240.0	212.0	241.0	618.0
Acquire-EHT_B5_60_2	812	27342	239.0	211.0	241.0	619.0
Acquire-EHT_B5_60_2	813	27373	239.0	211.0	241.0	619.0
Acquire-EHT_B5_60_2	814	27404	239.0	211.0	241.0	619.0
Acquire-EHT_B5_60_2	815	27451	240.0	211.0	241.0	619.0
Acquire-EHT_B5_60_2	816	27482	239.0	211.0	241.0	619.0
Acquire-EHT_B5_60_2	817	27513	239.0	210.0	241.0	619.0
Acquire-EHT_B5_60_2	818	27545	239.0	211.0	241.0	619.0
Acquire-EHT_B5_60_2	819	27576	240.0	211.0	241.0	619.0
Acquire-EHT_B5_60_2	820	27607	239.0	210.0	241.0	619.0
Acquire-EHT_B5_60_2	821	27638	239.0	211.0	241.0	618.0
Acquire-EHT_B5_60_2	822	27670	240.0	213.0	241.0	617.0
Acquire-EHT_B5_60_2	823	27717	240.0	213.0	241.0	616.0
Acquire-EHT_B5_60_2	824	27748	240.0	214.0	241.0	615.0
Acquire-EHT_B5_60_2	825	27779	240.0	214.0	241.0	615.0
Acquire-EHT_B5_60_2	826	27810	240.0	214.0	241.0	615.0
Acquire-EHT_B5_60_2	827	27842	240.0	214.0	241.0	615.0
Acquire-EHT_B5_60_2	828	27873	240.0	214.0	241.0	615.0
Acquire-EHT_B5_60_2	829	27904	240.0	214.0	241.0	616.0
Acquire-EHT_B5_60_2	830	27951	240.0	213.0	241.0	616.0
Acquire-EHT_B5_60_2	831	27982	240.0	213.0	241.0	617.0
Acquire-EHT_B5_60_2	832	28013	239.0	211.0	241.0	618.0
Acquire-EHT_B5_60_2	833	28045	239.0	211.0	241.0	619.0
Acquire-EHT_B5_60_2	834	28076	240.0	211.0	241.0	619.0
Acquire-EHT_B5_60_2	835	28107	239.0	211.0	241.0	619.0
Acquire-EHT_B5_60_2	836	28138	239.0	211.0	241.0	620.0
Acquire-EHT_B5_60_2	837	28170	240.0	211.0	241.0	619.0
Acquire-EHT_B5_60_2	838	28217	239.0	211.0	241.0	620.0
Acquire-EHT_B5_60_2	839	28248	239.0	211.0	241.0	619.0
Acquire-EHT_B5_60_2	840	28279	239.0	211.0	241.0	620.0
Acquire-EHT_B5_60_2	841	28310	239.0	210.0	241.0	619.0
Acquire-EHT_B5_60_2	842	28342	239.0	211.0	241.0	620.0
Acquire-EHT_B5_60_2	843	28373	239.0	211.0	241.0	619.0
Acquire-EHT_B5_60_2	844	28404	240.0	212.0	241.0	617.0
Acquire-EHT_B5_60_2	845	28451	240.0	213.0	241.0	616.0
Acquire-EHT_B5_60_2	846	28482	240.0	214.0	241.0	615.0
Acquire-EHT_B5_60_2	847	28513	240.0	214.0	241.0	615.0
Acquire-EHT_B5_60_2	848	28545	240.0	214.0	241.0	615.0
Acquire-EHT_B5_60_2	849	28576	240.0	214.0	241.0	615.0
Acquire-EHT_B5_60_2	850	28607	240.0	214.0	241.0	615.0
Acquire-EHT_B5_60_2	851	28638	240.0	214.0	241.0	615.0
Acquire-EHT_B5_60_2	852	28670	240.0	213.0	241.0	616.0
Acquire-EHT_B5_60_2	853	28717	240.0	213.0	241.0	617.0
Acquire-EHT_B5_60_2	854	28748	239.0	212.0	241.0	618.0
Acquire-EHT_B5_60_2	855	28779	239.0	211.0	241.0	619.0
Acquire-EHT_B5_60_2	856	28810	239.0	211.0	241.0	619.0
Acquire-EHT_B5_60_2	857	28841	239.0	211.0	241.0	619.0
Acquire-EHT_B5_60_2	858	28873	240.0	211.0	241.0	619.0
Acquire-EHT_B5_60_2	859	28904	239.0	210.0	241.0	619.0
Acquire-EHT_B5_60_2	860	28951	240.0	211.0	241.0	619.0
Acquire-EHT_B5_60_2	861	28982	239.0	211.0	241.0	619.0
Acquire-EHT_B5_60_2	862	29013	239.0	211.0	241.0	619.0
Acquire-EHT_B5_60_2	863	29045	239.0	211.0	241.0	619.0
Acquire-EHT_B5_60_2	864	29076	239.0	211.0	241.0	620.0
Acquire-EHT_B5_60_2	865	29107	240.0	210.0	241.0	619.0
Acquire-EHT_B5_60_2	866	29138	239.0	211.0	241.0	619.0
Acquire-EHT_B5_60_2	867	29170	240.0	211.0	241.0	618.0
Acquire-EHT_B5_60_2	868	29216	240.0	213.0	241.0	617.0
Acquire-EHT_B5_60_2	869	29248	240.0	213.0	241.0	616.0
Acquire-EHT_B5_60_2	870	29279	240.0	214.0	241.0	615.0
Acquire-EHT_B5_60_2	871	29310	240.0	214.0	241.0	615.0
Acquire-EHT_B5_60_2	872	29341	240.0	214.0	241.0	615.0
Acquire-EHT_B5_60_2	873	29373	240.0	214.0	241.0	615.0
Acquire-EHT_B5_60_2	874	29404	240.0	214.0	241.0	615.0
Acquire-EHT_B5_60_2	875	29451	240.0	214.0	241.0	615.0
Acquire-EHT_B5_60_2	876	29482	240.0	213.0	241.0	616.0
Acquire-EHT_B5_60_2	877	29513	240.0	213.0	241.0	617.0
Acquire-EHT_B5_60_2	878	29545	239.0	211.0	241.0	618.0
Acquire-EHT_B5_60_2	879	29576	240.0	212.0	241.0	619.0
Acquire-EHT_B5_60_2	880	29607	240.0	211.0	241.0	619.0
Acquire-EHT_B5_60_2	881	29638	240.0	211.0	241.0	619.0
Acquire-EHT_B5_60_2	882	29670	240.0	211.0	241.0	619.0
Acquire-EHT_B5_60_2	883	29716	239.0	211.0	241.0	619.0
Acquire-EHT_B5_60_2	884	29748	239.0	211.0	241.0	619.0
Acquire-EHT_B5_60_2	885	29779	239.0	210.0	241.0	619.0
Acquire-EHT_B5_60_2	886	29810	240.0	211.0	241.0	620.0
Acquire-EHT_B5_60_2	887	29841	239.0	210.0	241.0	619.0
Acquire-EHT_B5_60_2	888	29873	240.0	211.0	241.0	620.0
Acquire-EHT_B5_60_2	889	29904	239.0	211.0	241.0	619.0
Acquire-EHT_B5_60_2	890	29951	239.0	211.0	241.0	619.0
Acquire-EHT_B3_60	0	0	287.0	686.0	302.0	217.0
Acquire-EHT_B3_60	1	16	287.0	686.0	302.0	217.0
Acquire-EHT_B3_60	2	47	287.0	686.0	302.0	217.0
Acquire-EHT_B3_60	3	78	287.0	686.0	302.0	217.0
Acquire-EHT_B3_60	4	110	287.0	686.0	302.0	217.0
Acquire-EHT_B3_60	5	141	287.0	686.0	302.0	217.0
Acquire-EHT_B3_60	6	172	287.0	686.0	302.0	217.0
Acquire-EHT_B3_60	7	219	287.0	686.0	302.0	217.0
Acquire-EHT_B3_60	8	250	287.0	686.0	302.0	217.0
Acquire-EHT_B3_60	9	282	287.0	686.0	302.0	217.0
Acquire-EHT_B3_60	10	313	287.0	684.0	302.0	217.0
Acquire-EHT_B3_60	11	344	287.0	683.0	302.0	217.0
Acquire-EHT_B3_60	12	375	287.0	682.0	303.0	220.0
Acquire-EHT_B3_60	13	406	287.0	682.0	302.0	220.0
Acquire-EHT_B3_60	14	438	287.0	683.0	303.0	220.0
Acquire-EHT_B3_60	15	485	287.0	683.0	302.0	217.0
Acquire-EHT_B3_60	16	516	287.0	683.0	302.0	218.0
Acquire-EHT_B3_60	17	547	287.0	684.0	302.0	217.0
Acquire-EHT_B3_60	18	578	287.0	685.0	302.0	217.0
Acquire-EHT_B3_60	19	610	287.0	686.0	302.0	217.0
Acquire-EHT_B3_60	20	641	287.0	686.0	302.0	217.0
Acquire-EHT_B3_60	21	672	287.0	686.0	302.0	217.0
Acquire-EHT_B3_60	22	719	287.0	686.0	302.0	217.0
Acquire-EHT_B3_60	23	750	287.0	686.0	302.0	217.0
Acquire-EHT_B3_60	24	781	287.0	686.0	302.0	217.0
Acquire-EHT_B3_60	25	813	287.0	686.0	302.0	217.0
Acquire-EHT_B3_60	26	844	287.0	686.0	302.0	217.0
Acquire-EHT_B3_60	27	875	287.0	686.0	302.0	217.0
Acquire-EHT_B3_60	28	906	287.0	686.0	302.0	217.0
Acquire-EHT_B3_60	29	938	287.0	685.0	302.0	217.0
Acquire-EHT_B3_60	30	985	287.0	683.0	302.0	217.0
Acquire-EHT_B3_60	31	1016	287.0	683.0	302.0	217.0
Acquire-EHT_B3_60	32	1047	286.0	682.0	302.0	220.0
Acquire-EHT_B3_60	33	1078	287.0	682.0	302.0	221.0
Acquire-EHT_B3_60	34	1110	287.0	682.0	302.0	219.0
Acquire-EHT_B3_60	35	1141	286.0	683.0	302.0	220.0
Acquire-EHT_B3_60	36	1172	287.0	684.0	302.0	217.0
Acquire-EHT_B3_60	37	1219	287.0	685.0	302.0	218.0
Acquire-EHT_B3_60	38	1250	287.0	685.0	302.0	217.0
Acquire-EHT_B3_60	39	1281	287.0	686.0	302.0	217.0
Acquire-EHT_B3_60	40	1313	287.0	686.0	302.0	217.0
Acquire-EHT_B3_60	41	1344	287.0	686.0	302.0	217.0
Acquire-EHT_B3_60	42	1375	287.0	686.0	302.0	217.0
Acquire-EHT_B3_60	43	1406	287.0	686.0	302.0	217.0
Acquire-EHT_B3_60	44	1438	287.0	686.0	302.0	217.0
Acquire-EHT_B3_60	45	1485	287.0	686.0	302.0	217.0
Acquire-EHT_B3_60	46	1516	287.0	686.0	302.0	217.0
Acquire-EHT_B3_60	47	1547	287.0	686.0	302.0	217.0
Acquire-EHT_B3_60	48	1578	287.0	686.0	302.0	217.0
Acquire-EHT_B3_60	49	1610	286.0	684.0	302.0	217.0
Acquire-EHT_B3_60	50	1641	287.0	683.0	302.0	217.0
Acquire-EHT_B3_60	51	1672	286.0	683.0	302.0	219.0
Acquire-EHT_B3_60	52	1719	287.0	682.0	303.0	220.0
Acquire-EHT_B3_60	53	1750	287.0	682.0	302.0	220.0
Acquire-EHT_B3_60	54	1781	287.0	683.0	302.0	217.0
Acquire-EHT_B3_60	55	1813	287.0	683.0	302.0	217.0
Acquire-EHT_B3_60	56	1844	287.0	684.0	302.0	217.0
Acquire-EHT_B3_60	57	1875	287.0	685.0	302.0	217.0
Acquire-EHT_B3_60	58	1906	287.0	686.0	302.0	217.0
Acquire-EHT_B3_60	59	1938	287.0	686.0	302.0	217.0
Acquire-EHT_B3_60	60	1985	287.0	686.0	302.0	217.0
Acquire-EHT_B3_60	61	2016	287.0	686.0	302.0	217.0
Acquire-EHT_B3_60	62	2047	287.0	686.0	302.0	217.0
Acquire-EHT_B3_60	63	2078	287.0	686.0	302.0	217.0
Acquire-EHT_B3_60	64	2110	287.0	686.0	302.0	217.0
Acquire-EHT_B3_60	65	2141	287.0	686.0	302.0	216.0
Acquire-EHT_B3_60	66	2172	287.0	686.0	302.0	217.0
Acquire-EHT_B3_60	67	2219	287.0	686.0	302.0	217.0
Acquire-EHT_B3_60	68	2250	287.0	686.0	302.0	217.0
Acquire-EHT_B3_60	69	2281	287.0	684.0	302.0	217.0
Acquire-EHT_B3_60	70	2313	287.0	683.0	302.0	217.0
Acquire-EHT_B3_60	71	2344	287.0	682.0	302.0	218.0
Acquire-EHT_B3_60	72	2375	286.0	682.0	303.0	220.0
Acquire-EHT_B3_60	73	2406	287.0	682.0	302.0	220.0
Acquire-EHT_B3_60	74	2438	287.0	682.0	302.0	217.0
Acquire-EHT_B3_60	75	2484	287.0	683.0	302.0	218.0
Acquire-EHT_B3_60	76	2516	287.0	684.0	302.0	217.0
Acquire-EHT_B3_60	77	2547	287.0	685.0	302.0	217.0
Acquire-EHT_B3_60	78	2578	287.0	686.0	302.0	217.0
Acquire-EHT_B3_60	79	2609	287.0	686.0	302.0	217.0
Acquire-EHT_B3_60	80	2641	287.0	686.0	302.0	217.0
Acquire-EHT_B3_60	81	2672	287.0	686.0	302.0	217.0
Acquire-EHT_B3_60	82	2719	287.0	686.0	302.0	217.0
Acquire-EHT_B3_60	83	2750	287.0	686.0	302.0	217.0
Acquire-EHT_B3_60	84	2781	287.0	686.0	302.0	217.0
Acquire-EHT_B3_60	85	2813	287.0	686.0	302.0	217.0
Acquire-EHT_B3_60	86	2844	287.0	686.0	302.0	217.0
Acquire-EHT_B3_60	87	2875	287.0	686.0	302.0	217.0
Acquire-EHT_B3_60	88	2906	287.0	686.0	302.0	217.0
Acquire-EHT_B3_60	89	2938	287.0	684.0	302.0	217.0
Acquire-EHT_B3_60	90	2984	287.0	683.0	302.0	217.0
Acquire-EHT_B3_60	91	3016	287.0	683.0	302.0	218.0
Acquire-EHT_B3_60	92	3047	287.0	682.0	302.0	220.0
Acquire-EHT_B3_60	93	3078	286.0	683.0	302.0	219.0
Acquire-EHT_B3_60	94	3109	287.0	683.0	303.0	220.0
Acquire-EHT_B3_60	95	3141	287.0	683.0	302.0	217.0
Acquire-EHT_B3_60	96	3172	286.0	684.0	302.0	217.0
Acquire-EHT_B3_60	97	3219	287.0	685.0	302.0	217.0
Acquire-EHT_B3_60	98	3250	287.0	686.0	302.0	217.0
Acquire-EHT_B3_60	99	3281	287.0	686.0	302.0	217.0
Acquire-EHT_B3_60	100	3313	287.0	686.0	302.0	217.0
Acquire-EHT_B3_60	101	3344	287.0	686.0	302.0	217.0
Acquire-EHT_B3_60	102	3375	287.0	686.0	302.0	217.0
Acquire-EHT_B3_60	103	3406	287.0	686.0	302.0	217.0
Acquire-EHT_B3_60	104	3438	287.0	686.0	302.0	217.0
Acquire-EHT_B3_60	105	3484	287.0	686.0	302.0	217.0
Acquire-EHT_B3_60	106	3516	287.0	686.0	302.0	217.0
Acquire-EHT_B3_60	107	3547	287.0	686.0	302.0	217.0
Acquire-EHT_B3_60	108	3578	287.0	686.0	302.0	217.0
Acquire-EHT_B3_60	109	3609	287.0	684.0	302.0	217.0
Acquire-EHT_B3_60	110	3641	287.0	683.0	302.0	218.0
Acquire-EHT_B3_60	111	3672	286.0	683.0	302.0	218.0
Acquire-EHT_B3_60	112	3719	286.0	683.0	303.0	219.0
Acquire-EHT_B3_60	113	3750	287.0	682.0	302.0	218.0
Acquire-EHT_B3_60	114	3781	287.0	683.0	302.0	218.0
Acquire-EHT_B3_60	115	3813	287.0	683.0	302.0	217.0
Acquire-EHT_B3_60	116	3844	287.0	684.0	302.0	217.0
Acquire-EHT_B3_60	117	3875	287.0	685.0	302.0	217.0
Acquire-EHT_B3_60	118	3906	287.0	686.0	302.0	217.0
Acquire-EHT_B3_60	119	3937	287.0	686.0	302.0	217.0
Acquire-EHT_B3_60	120	3984	287.0	686.0	302.0	217.0
Acquire-EHT_B3_60	121	4016	287.0	686.0	302.0	217.0
Acquire-EHT_B3_60	122	4047	287.0	686.0	302.0	217.0
Acquire-EHT_B3_60	123	4078	287.0	686.0	302.0	217.0
Acquire-EHT_B3_60	124	4109	287.0	686.0	302.0	217.0
Acquire-EHT_B3_60	125	4141	287.0	686.0	302.0	217.0
Acquire-EHT_B3_60	126	4172	287.0	686.0	302.0	217.0
Acquire-EHT_B3_60	127	4219	287.0	686.0	302.0	217.0
Acquire-EHT_B3_60	128	4250	287.0	686.0	302.0	217.0
Acquire-EHT_B3_60	129	4281	287.0	684.0	302.0	217.0
Acquire-EHT_B3_60	130	4312	287.0	683.0	302.0	217.0
Acquire-EHT_B3_60	131	4344	287.0	682.0	303.0	219.0
Acquire-EHT_B3_60	132	4375	287.0	682.0	303.0	220.0
Acquire-EHT_B3_60	133	4406	286.0	682.0	302.0	220.0
Acquire-EHT_B3_60	134	4437	286.0	683.0	302.0	217.0
Acquire-EHT_B3_60	135	4484	287.0	683.0	302.0	218.0
Acquire-EHT_B3_60	136	4516	287.0	684.0	302.0	217.0
Acquire-EHT_B3_60	137	4547	287.0	685.0	302.0	217.0
Acquire-EHT_B3_60	138	4578	287.0	686.0	302.0	217.0
Acquire-EHT_B3_60	139	4609	287.0	686.0	302.0	217.0
Acquire-EHT_B3_60	140	4641	287.0	686.0	302.0	217.0
Acquire-EHT_B3_60	141	4672	287.0	686.0	302.0	217.0
Acquire-EHT_B3_60	142	4719	287.0	686.0	302.0	217.0
Acquire-EHT_B3_60	143	4750	287.0	686.0	302.0	217.0
Acquire-EHT_B3_60	144	4781	287.0	686.0	302.0	217.0
Acquire-EHT_B3_60	145	4812	287.0	686.0	302.0	217.0
Acquire-EHT_B3_60	146	4844	287.0	686.0	302.0	217.0
Acquire-EHT_B3_60	147	4875	287.0	686.0	302.0	217.0
Acquire-EHT_B3_60	148	4906	287.0	685.0	302.0	217.0
Acquire-EHT_B3_60	149	4937	287.0	684.0	302.0	217.0
Acquire-EHT_B3_60	150	4984	286.0	683.0	302.0	217.0
Acquire-EHT_B3_60	151	5016	287.0	682.0	303.0	220.0
Acquire-EHT_B3_60	152	5047	287.0	682.0	302.0	220.0
Acquire-EHT_B3_60	153	5078	287.0	682.0	303.0	219.0
Acquire-EHT_B3_60	154	5109	287.0	682.0	302.0	218.0
Acquire-EHT_B3_60	155	5141	287.0	683.0	302.0	217.0
Acquire-EHT_B3_60	156	5172	287.0	684.0	302.0	217.0
Acquire-EHT_B3_60	157	5219	287.0	685.0	302.0	217.0
Acquire-EHT_B3_60	158	5250	287.0	686.0	302.0	217.0
Acquire-EHT_B3_60	159	5281	287.0	686.0	302.0	217.0
Acquire-EHT_B3_60	160	5312	287.0	686.0	302.0	217.0
Acquire-EHT_B3_60	161	5344	287.0	686.0	302.0	217.0
Acquire-EHT_B3_60	162	5375	287.0	686.0	302.0	217.0
Acquire-EHT_B3_60	163	5406	287.0	686.0	302.0	217.0
Acquire-EHT_B3_60	164	5437	287.0	686.0	302.0	217.0
Acquire-EHT_B3_60	165	5484	287.0	686.0	302.0	217.0
Acquire-EHT_B3_60	166	5516	287.0	686.0	302.0	217.0
Acquire-EHT_B3_60	167	5547	287.0	686.0	302.0	217.0
Acquire-EHT_B3_60	168	5578	287.0	685.0	302.0	217.0
Acquire-EHT_B3_60	169	5609	287.0	684.0	302.0	217.0
Acquire-EHT_B3_60	170	5641	287.0	683.0	302.0	217.0
Acquire-EHT_B3_60	171	5672	286.0	683.0	302.0	217.0
Acquire-EHT_B3_60	172	5719	286.0	683.0	302.0	217.0
Acquire-EHT_B3_60	173	5750	287.0	683.0	302.0	220.0
Acquire-EHT_B3_60	174	5781	287.0	683.0	302.0	218.0
Acquire-EHT_B3_60	175	5812	286.0	684.0	302.0	217.0
Acquire-EHT_B3_60	176	5844	287.0	685.0	302.0	217.0
Acquire-EHT_B3_60	177	5875	287.0	686.0	302.0	217.0
Acquire-EHT_B3_60	178	5906	287.0	686.0	302.0	217.0
Acquire-EHT_B3_60	179	5937	287.0	686.0	302.0	217.0
Acquire-EHT_B3_60	180	5984	287.0	686.0	302.0	217.0
Acquire-EHT_B3_60	181	6015	287.0	686.0	302.0	217.0
Acquire-EHT_B3_60	182	6047	287.0	686.0	302.0	217.0
Acquire-EHT_B3_60	183	6078	287.0	686.0	302.0	217.0
Acquire-EHT_B3_60	184	6109	287.0	686.0	302.0	217.0
Acquire-EHT_B3_60	185	6140	287.0	686.0	302.0	217.0
Acquire-EHT_B3_60	186	6172	287.0	686.0	302.0	217.0
Acquire-EHT_B3_60	187	6219	287.0	686.0	302.0	217.0
Acquire-EHT_B3_60	188	6250	287.0	684.0	302.0	217.0
Acquire-EHT_B3_60	189	6281	287.0	683.0	302.0	217.0
Acquire-EHT_B3_60	190	6312	286.0	683.0	302.0	217.0
Acquire-EHT_B3_60	191	6344	287.0	682.0	303.0	220.0
Acquire-EHT_B3_60	192	6375	287.0	682.0	303.0	220.0
Acquire-EHT_B3_60	193	6406	287.0	683.0	303.0	219.0
Acquire-EHT_B3_60	194	6437	287.0	683.0	303.0	219.0
Acquire-EHT_B3_60	195	6484	287.0	684.0	302.0	217.0
Acquire-EHT_B3_60	196	6515	287.0	685.0	302.0	217.0
Acquire-EHT_B3_60	197	6547	287.0	686.0	302.0	217.0
Acquire-EHT_B3_60	198	6578	287.0	686.0	302.0	217.0
Acquire-EHT_B3_60	199	6609	287.0	686.0	302.0	217.0
Acquire-EHT_B3_60	200	6640	287.0	686.0	302.0	217.0
Acquire-EHT_B3_60	201	6672	287.0	686.0	302.0	217.0
Acquire-EHT_B3_60	202	6719	287.0	686.0	302.0	217.0
Acquire-EHT_B3_60	203	6750	287.0	686.0	302.0	217.0
Acquire-EHT_B3_60	204	6781	287.0	686.0	302.0	217.0
Acquire-EHT_B3_60	205	6812	287.0	686.0	302.0	217.0
Acquire-EHT_B3_60	206	6844	287.0	686.0	302.0	217.0
Acquire-EHT_B3_60	207	6875	287.0	685.0	302.0	217.0
Acquire-EHT_B3_60	208	6906	287.0	684.0	302.0	217.0
Acquire-EHT_B3_60	209	6937	287.0	683.0	302.0	218.0
Acquire-EHT_B3_60	210	6984	287.0	682.0	302.0	219.0
Acquire-EHT_B3_60	211	7015	287.0	682.0	303.0	220.0
Acquire-EHT_B3_60	212	7047	287.0	683.0	303.0	219.0
Acquire-EHT_B3_60	213	7078	286.0	683.0	302.0	217.0
Acquire-EHT_B3_60	214	7109	286.0	684.0	302.0	218.0
Acquire-EHT_B3_60	215	7140	287.0	685.0	302.0	217.0
Acquire-EHT_B3_60	216	7172	287.0	686.0	302.0	217.0
Acquire-EHT_B3_60	217	7219	287.0	686.0	302.0	217.0
Acquire-EHT_B3_60	218	7250	287.0	686.0	302.0	217.0
Acquire-EHT_B3_60	219	7281	287.0	686.0	302.0	217.0
Acquire-EHT_B3_60	220	7312	287.0	686.0	302.0	217.0
Acquire-EHT_B3_60	221	7344	287.0	686.0	302.0	217.0
Acquire-EHT_B3_60	222	7375	287.0	686.0	302.0	217.0
Acquire-EHT_B3_60	223	7406	287.0	686.0	302.0	217.0
Acquire-EHT_B3_60	224	7453	287.0	686.0	302.0	217.0
Acquire-EHT_B3_60	225	7484	287.0	686.0	302.0	217.0
Acquire-EHT_B3_60	226	7515	287.0	685.0	302.0	217.0
Acquire-EHT_B3_60	227	7547	286.0	684.0	302.0	217.0
Acquire-EHT_B3_60	228	7578	286.0	683.0	302.0	217.0
Acquire-EHT_B3_60	229	7609	286.0	683.0	302.0	218.0
Acquire-EHT_B3_60	230	7640	287.0	682.0	302.0	220.0
Acquire-EHT_B3_60	231	7672	286.0	683.0	302.0	219.0
Acquire-EHT_B3_60	232	7718	287.0	682.0	302.0	217.0
Acquire-EHT_B3_60	233	7750	286.0	683.0	302.0	217.0
Acquire-EHT_B3_60	234	7781	287.0	684.0	302.0	217.0
Acquire-EHT_B3_60	235	7812	287.0	685.0	302.0	217.0
Acquire-EHT_B3_60	236	7843	287.0	686.0	302.0	217.0
Acquire-EHT_B3_60	237	7875	287.0	686.0	302.0	217.0
Acquire-EHT_B3_60	238	7906	287.0	686.0	302.0	217.0
Acquire-EHT_B3_60	239	7937	287.0	686.0	302.0	217.0
Acquire-EHT_B3_60	240	7984	287.0	686.0	302.0	217.0
Acquire-EHT_B3_60	241	8015	287.0	686.0	302.0	217.0
Acquire-EHT_B3_60	242	8047	287.0	686.0	302.0	217.0
Acquire-EHT_B3_60	243	8078	287.0	686.0	302.0	217.0
Acquire-EHT_B3_60	244	8109	287.0	686.0	302.0	217.0
Acquire-EHT_B3_60	245	8140	287.0	686.0	302.0	217.0
Acquire-EHT_B3_60	246	8172	287.0	686.0	302.0	217.0
Acquire-EHT_B3_60	247	8218	287.0	685.0	302.0	217.0
Acquire-EHT_B3_60	248	8250	286.0	683.0	302.0	217.0
Acquire-EHT_B3_60	249	8281	286.0	683.0	302.0	218.0
Acquire-EHT_B3_60	250	8312	287.0	682.0	302.0	220.0
Acquire-EHT_B3_60	251	8343	287.0	682.0	302.0	220.0
Acquire-EHT_B3_60	252	8375	287.0	682.0	303.0	219.0
Acquire-EHT_B3_60	253	8406	287.0	683.0	302.0	217.0
Acquire-EHT_B3_60	254	8453	287.0	684.0	302.0	218.0
Acquire-EHT_B3_60	255	8484	287.0	685.0	302.0	217.0
Acquire-EHT_B3_60	256	8515	287.0	686.0	302.0	217.0
Acquire-EHT_B3_60	257	8547	287.0	686.0	302.0	217.0
Acquire-EHT_B3_60	258	8578	287.0	686.0	302.0	217.0
Acquire-EHT_B3_60	259	8609	287.0	686.0	302.0	217.0
Acquire-EHT_B3_60	260	8640	287.0	686.0	302.0	217.0
Acquire-EHT_B3_60	261	8672	287.0	686.0	302.0	217.0
Acquire-EHT_B3_60	262	8718	287.0	686.0	302.0	217.0
Acquire-EHT_B3_60	263	8750	287.0	686.0	302.0	217.0
Acquire-EHT_B3_60	264	8781	287.0	686.0	302.0	217.0
Acquire-EHT_B3_60	265	8812	287.0	686.0	302.0	217.0
Acquire-EHT_B3_60	266	8843	287.0	686.0	302.0	217.0
Acquire-EHT_B3_60	267	8875	287.0	684.0	302.0	217.0
Acquire-EHT_B3_60	268	8906	287.0	683.0	302.0	217.0
Acquire-EHT_B3_60	269	8953	286.0	683.0	303.0	219.0
Acquire-EHT_B3_60	270	8984	287.0	682.0	302.0	218.0
Acquire-EHT_B3_60	271	9015	287.0	682.0	302.0	218.0
Acquire-EHT_B3_60	272	9047	287.0	682.0	302.0	217.0
Acquire-EHT_B3_60	273	9078	287.0	683.0	302.0	217.0
Acquire-EHT_B3_60	274	9109	286.0	684.0	302.0	217.0
Acquire-EHT_B3_60	275	9140	287.0	685.0	302.0	217.0
Acquire-EHT_B3_60	276	9172	287.0	686.0	302.0	217.0
Acquire-EHT_B3_60	277	9218	287.0	686.0	302.0	217.0
Acquire-EHT_B3_60	278	9250	287.0	686.0	302.0	217.0
Acquire-EHT_B3_60	279	9281	287.0	686.0	302.0	217.0
Acquire-EHT_B3_60	280	9312	287.0	686.0	302.0	217.0
Acquire-EHT_B3_60	281	9343	287.0	686.0	302.0	217.0
Acquire-EHT_B3_60	282	9375	287.0	686.0	302.0	217.0
Acquire-EHT_B3_60	283	9406	287.0	686.0	302.0	217.0
Acquire-EHT_B3_60	284	9453	287.0	686.0	302.0	217.0
Acquire-EHT_B3_60	285	9484	287.0	686.0	302.0	217.0
Acquire-EHT_B3_60	286	9515	287.0	686.0	302.0	217.0
Acquire-EHT_B3_60	287	9546	287.0	685.0	302.0	217.0
Acquire-EHT_B3_60	288	9578	287.0	684.0	302.0	218.0
Acquire-EHT_B3_60	289	9609	286.0	683.0	302.0	218.0
Acquire-EHT_B3_60	290	9640	287.0	682.0	302.0	220.0
Acquire-EHT_B3_60	291	9671	286.0	682.0	302.0	220.0
Acquire-EHT_B3_60	292	9718	287.0	682.0	303.0	219.0
Acquire-EHT_B3_60	293	9750	286.0	683.0	302.0	217.0
Acquire-EHT_B3_60	294	9781	287.0	683.0	302.0	217.0
Acquire-EHT_B3_60	295	9812	287.0	684.0	302.0	218.0
Acquire-EHT_B3_60	296	9843	287.0	685.0	302.0	217.0
Acquire-EHT_B3_60	297	9875	287.0	686.0	302.0	217.0
Acquire-EHT_B3_60	298	9906	287.0	686.0	302.0	217.0
Acquire-EHT_B3_60	299	9953	287.0	686.0	302.0	217.0
Acquire-EHT_B3_60	300	9984	287.0	686.0	302.0	217.0
Acquire-EHT_B3_60	301	10015	287.0	686.0	302.0	217.0
Acquire-EHT_B3_60	302	10046	287.0	686.0	302.0	217.0
Acquire-EHT_B3_60	303	10078	287.0	686.0	302.0	217.0
Acquire-EHT_B3_60	304	10109	287.0	686.0	302.0	217.0
Acquire-EHT_B3_60	305	10140	287.0	686.0	302.0	217.0
Acquire-EHT_B3_60	306	10171	287.0	686.0	302.0	217.0
Acquire-EHT_B3_60	307	10218	287.0	686.0	302.0	217.0
Acquire-EHT_B3_60	308	10250	287.0	684.0	302.0	217.0
Acquire-EHT_B3_60	309	10281	287.0	683.0	302.0	217.0
Acquire-EHT_B3_60	310	10312	286.0	683.0	302.0	220.0
Acquire-EHT_B3_60	311	10343	287.0	682.0	302.0	220.0
Acquire-EHT_B3_60	312	10375	286.0	682.0	302.0	220.0
Acquire-EHT_B3_60	313	10406	286.0	683.0	302.0	218.0
Acquire-EHT_B3_60	314	10453	287.0	683.0	302.0	217.0
Acquire-EHT_B3_60	315	10484	287.0	684.0	302.0	217.0
Acquire-EHT_B3_60	316	10515	287.0	685.0	302.0	217.0
Acquire-EHT_B3_60	317	10546	287.0	686.0	302.0	217.0
Acquire-EHT_B3_60	318	10578	287.0	686.0	302.0	217.0
Acquire-EHT_B3_60	319	10609	287.0	686.0	302.0	217.0
Acquire-EHT_B3_60	320	10640	287.0	686.0	302.0	217.0
Acquire-EHT_B3_60	321	10687	287.0	686.0	302.0	217.0
Acquire-EHT_B3_60	322	10718	287.0	686.0	302.0	217.0
Acquire-EHT_B3_60	323	10750	287.0	686.0	302.0	217.0
Acquire-EHT_B3_60	324	10781	287.0	686.0	302.0	217.0
Acquire-EHT_B3_60	325	10812	287.0	686.0	302.0	217.0
Acquire-EHT_B3_60	326	10843	287.0	686.0	302.0	217.0
Acquire-EHT_B3_60	327	10875	287.0	685.0	302.0	217.0
Acquire-EHT_B3_60	328	10906	287.0	683.0	302.0	218.0
Acquire-EHT_B3_60	329	10953	286.0	683.0	303.0	220.0
Acquire-EHT_B3_60	330	10984	286.0	682.0	303.0	219.0
Acquire-EHT_B3_60	331	11015	286.0	683.0	303.0	220.0
Acquire-EHT_B3_60	332	11046	286.0	683.0	302.0	218.0
Acquire-EHT_B3_60	333	11078	287.0	683.0	302.0	218.0
Acquire-EHT_B3_60	334	11109	287.0	684.0	302.0	218.0
Acquire-EHT_B3_60	335	11140	287.0	685.0	302.0	217.0
Acquire-EHT_B3_60	336	11171	287.0	686.0	302.0	217.0
Acquire-EHT_B3_60	337	11218	287.0	686.0	302.0	217.0
Acquire-EHT_B3_60	338	11249	287.0	686.0	302.0	217.0
Acquire-EHT_B3_60	339	11281	287.0	686.0	302.0	217.0
Acquire-EHT_B3_60	340	11312	287.0	686.0	302.0	217.0
Acquire-EHT_B3_60	341	11343	287.0	686.0	302.0	217.0
Acquire-EHT_B3_60	342	11374	287.0	686.0	302.0	217.0
Acquire-EHT_B3_60	343	11406	287.0	686.0	302.0	217.0
Acquire-EHT_B3_60	344	11453	287.0	686.0	302.0	217.0
Acquire-EHT_B3_60	345	11484	287.0	686.0	302.0	217.0
Acquire-EHT_B3_60	346	11515	287.0	685.0	302.0	217.0
Acquire-EHT_B3_60	347	11546	287.0	684.0	302.0	217.0
Acquire-EHT_B3_60	348	11578	286.0	683.0	302.0	217.0
Acquire-EHT_B3_60	349	11609	287.0	682.0	303.0	220.0
Acquire-EHT_B3_60	350	11640	287.0	682.0	302.0	220.0
Acquire-EHT_B3_60	351	11671	287.0	683.0	302.0	218.0
Acquire-EHT_B3_60	352	11718	287.0	683.0	302.0	217.0
Acquire-EHT_B3_60	353	11749	287.0	684.0	302.0	217.0
Acquire-EHT_B3_60	354	11781	287.0	685.0	302.0	217.0
Acquire-EHT_B3_60	355	11812	287.0	686.0	302.0	217.0
Acquire-EHT_B3_60	356	11843	287.0	686.0	302.0	217.0
Acquire-EHT_B3_60	357	11874	287.0	686.0	302.0	217.0
Acquire-EHT_B3_60	358	11906	287.0	686.0	302.0	217.0
Acquire-EHT_B3_60	359	11953	287.0	686.0	302.0	217.0
Acquire-EHT_B3_60	360	11984	287.0	686.0	302.0	217.0
Acquire-EHT_B3_60	361	12015	287.0	686.0	302.0	217.0
Acquire-EHT_B3_60	362	12046	287.0	686.0	302.0	217.0
Acquire-EHT_B3_60	363	12078	287.0	686.0	302.0	217.0
Acquire-EHT_B3_60	364	12109	287.0	686.0	302.0	217.0
Acquire-EHT_B3_60	365	12140	287.0	686.0	302.0	217.0
Acquire-EHT_B3_60	366	12171	287.0	685.0	302.0	217.0
Acquire-EHT_B3_60	367	12218	286.0	684.0	302.0	217.0
Acquire-EHT_B3_60	368	12249	286.0	683.0	302.0	219.0
Acquire-EHT_B3_60	369	12281	287.0	682.0	302.0	218.0
Acquire-EHT_B3_60	370	12312	287.0	682.0	302.0	220.0
Acquire-EHT_B3_60	371	12343	287.0	682.0	302.0	218.0
Acquire-EHT_B3_60	372	12374	287.0	683.0	302.0	218.0
Acquire-EHT_B3_60	373	12406	287.0	683.0	302.0	217.0
Acquire-EHT_B3_60	374	12453	287.0	685.0	302.0	217.0
Acquire-EHT_B3_60	375	12484	287.0	686.0	302.0	217.0
Acquire-EHT_B3_60	376	12515	287.0	686.0	302.0	217.0
Acquire-EHT_B3_60	377	12546	287.0	686.0	302.0	217.0
Acquire-EHT_B3_60	378	12578	287.0	686.0	302.0	217.0
Acquire-EHT_B3_60	379	12609	287.0	686.0	302.0	217.0
Acquire-EHT_B3_60	380	12640	287.0	686.0	302.0	217.0
Acquire-EHT_B3_60	381	12671	287.0	686.0	302.0	217.0
Acquire-EHT_B3_60	382	12718	287.0	686.0	302.0	217.0
Acquire-EHT_B3_60	383	12749	287.0	686.0	302.0	217.0
Acquire-EHT_B3_60	384	12781	287.0	686.0	302.0	217.0
Acquire-EHT_B3_60	385	12812	287.0	686.0	302.0	217.0
Acquire-EHT_B3_60	386	12843	287.0	685.0	302.0	217.0
Acquire-EHT_B3_60	387	12874	286.0	684.0	302.0	217.0
Acquire-EHT_B3_60	388	12906	287.0	683.0	302.0	217.0
Acquire-EHT_B3_60	389	12953	287.0	682.0	302.0	220.0
Acquire-EHT_B3_60	390	12984	287.0	682.0	302.0	220.0
Acquire-EHT_B3_60	391	13015	287.0	682.0	302.0	217.0
Acquire-EHT_B3_60	392	13046	287.0	683.0	302.0	217.0
Acquire-EHT_B3_60	393	13077	287.0	684.0	302.0	217.0
Acquire-EHT_B3_60	394	13109	287.0	684.0	302.0	217.0
Acquire-EHT_B3_60	395	13140	287.0	685.0	302.0	217.0
Acquire-EHT_B3_60	396	13171	287.0	686.0	302.0	217.0
Acquire-EHT_B3_60	397	13218	287.0	686.0	302.0	217.0
Acquire-EHT_B3_60	398	13249	287.0	686.0	302.0	217.0
Acquire-EHT_B3_60	399	13281	287.0	686.0	302.0	217.0
Acquire-EHT_B3_60	400	13312	287.0	686.0	302.0	217.0
Acquire-EHT_B3_60	401	13343	287.0	686.0	302.0	217.0
Acquire-EHT_B3_60	402	13374	287.0	686.0	302.0	217.0
Acquire-EHT_B3_60	403	13406	287.0	686.0	302.0	217.0
Acquire-EHT_B3_60	404	13452	287.0	686.0	302.0	217.0
Acquire-EHT_B3_60	405	13484	287.0	686.0	302.0	217.0
Acquire-EHT_B3_60	406	13515	287.0	684.0	302.0	217.0
Acquire-EHT_B3_60	407	13546	287.0	683.0	302.0	217.0
Acquire-EHT_B3_60	408	13577	287.0	682.0	302.0	218.0
Acquire-EHT_B3_60	409	13609	287.0	682.0	302.0	220.0
Acquire-EHT_B3_60	410	13640	287.0	682.0	302.0	219.0
Acquire-EHT_B3_60	411	13671	287.0	683.0	302.0	220.0
Acquire-EHT_B3_60	412	13718	287.0	683.0	302.0	217.0
Acquire-EHT_B3_60	413	13749	287.0	684.0	302.0	217.0
Acquire-EHT_B3_60	414	13781	287.0	685.0	302.0	217.0
Acquire-EHT_B3_60	415	13812	287.0	686.0	302.0	217.0
Acquire-EHT_B3_60	416	13843	287.0	686.0	302.0	217.0
Acquire-EHT_B3_60	417	13874	287.0	686.0	302.0	217.0
Acquire-EHT_B3_60	418	13906	287.0	686.0	302.0	217.0
Acquire-EHT_B3_60	419	13952	287.0	686.0	302.0	217.0
Acquire-EHT_B3_60	420	13984	287.0	686.0	302.0	217.0
Acquire-EHT_B3_60	421	14015	287.0	686.0	302.0	217.0
Acquire-EHT_B3_60	422	14046	287.0	686.0	302.0	217.0
Acquire-EHT_B3_60	423	14077	287.0	686.0	302.0	217.0
Acquire-EHT_B3_60	424	14109	287.0	686.0	302.0	217.0
Acquire-EHT_B3_60	425	14140	287.0	686.0	302.0	217.0
Acquire-EHT_B3_60	426	14171	286.0	684.0	302.0	218.0
Acquire-EHT_B3_60	427	14218	287.0	683.0	302.0	218.0
Acquire-EHT_B3_60	428	14249	286.0	683.0	302.0	220.0
Acquire-EHT_B3_60	429	14281	286.0	682.0	302.0	220.0
Acquire-EHT_B3_60	430	14312	287.0	682.0	302.0	220.0
Acquire-EHT_B3_60	431	14343	287.0	683.0	303.0	220.0
Acquire-EHT_B3_60	432	14374	286.0	683.0	302.0	218.0
Acquire-EHT_B3_60	433	14406	287.0	684.0	302.0	217.0
Acquire-EHT_B3_60	434	14452	287.0	685.0	302.0	217.0
Acquire-EHT_B3_60	435	14484	287.0	686.0	302.0	217.0
Acquire-EHT_B3_60	436	14515	287.0	686.0	302.0	217.0
Acquire-EHT_B3_60	437	14546	287.0	686.0	302.0	217.0
Acquire-EHT_B3_60	438	14577	287.0	686.0	302.0	217.0
Acquire-EHT_B3_60	439	14609	287.0	686.0	302.0	217.0
Acquire-EHT_B3_60	440	14640	287.0	686.0	302.0	217.0
Acquire-EHT_B3_60	441	14671	287.0	686.0	302.0	217.0
Acquire-EHT_B3_60	442	14718	287.0	686.0	302.0	217.0
Acquire-EHT_B3_60	443	14749	287.0	686.0	302.0	217.0
Acquire-EHT_B3_60	444	14781	287.0	686.0	302.0	217.0
Acquire-EHT_B3_60	445	14812	287.0	685.0	302.0	217.0
Acquire-EHT_B3_60	446	14843	287.0	683.0	302.0	217.0
Acquire-EHT_B3_60	447	14874	286.0	683.0	302.0	220.0
Acquire-EHT_B3_60	448	14905	287.0	682.0	302.0	220.0
Acquire-EHT_B3_60	449	14952	287.0	682.0	302.0	220.0
Acquire-EHT_B3_60	450	14984	286.0	683.0	302.0	217.0
Acquire-EHT_B3_60	451	15015	287.0	683.0	302.0	218.0
Acquire-EHT_B3_60	452	15046	287.0	684.0	302.0	217.0
Acquire-EHT_B3_60	453	15077	287.0	685.0	302.0	217.0
Acquire-EHT_B3_60	454	15109	287.0	686.0	302.0	217.0
Acquire-EHT_B3_60	455	15140	287.0	686.0	302.0	217.0
Acquire-EHT_B3_60	456	15171	287.0	686.0	302.0	217.0
Acquire-EHT_B3_60	457	15218	287.0	686.0	302.0	217.0
Acquire-EHT_B3_60	458	15452	287.0	684.0	302.0	217.0
Acquire-EHT_B3_60	459	15484	286.0	683.0	302.0	217.0
Acquire-EHT_B3_60	460	15515	286.0	683.0	302.0	218.0
Acquire-EHT_B3_60	461	15546	287.0	682.0	302.0	218.0
Acquire-EHT_B3_60	462	15577	286.0	683.0	302.0	220.0
Acquire-EHT_B3_60	463	15609	287.0	683.0	302.0	217.0
Acquire-EHT_B3_60	464	15640	287.0	683.0	302.0	217.0
Acquire-EHT_B3_60	465	15671	287.0	684.0	302.0	217.0
Acquire-EHT_B3_60	466	15718	287.0	685.0	302.0	217.0
Acquire-EHT_B3_60	467	15749	287.0	686.0	302.0	217.0
Acquire-EHT_B3_60	468	15780	287.0	686.0	302.0	217.0
Acquire-EHT_B3_60	469	15812	287.0	686.0	302.0	217.0
Acquire-EHT_B3_60	470	15843	287.0	686.0	302.0	217.0
Acquire-EHT_B3_60	471	15874	287.0	686.0	302.0	217.0
Acquire-EHT_B3_60	472	15905	287.0	686.0	302.0	217.0
Acquire-EHT_B3_60	473	15952	287.0	686.0	302.0	217.0
Acquire-EHT_B3_60	474	15984	287.0	686.0	302.0	217.0
Acquire-EHT_B3_60	475	16015	287.0	686.0	302.0	217.0
Acquire-EHT_B3_60	476	16046	287.0	686.0	302.0	217.0
Acquire-EHT_B3_60	477	16077	287.0	685.0	302.0	217.0
Acquire-EHT_B3_60	478	16109	287.0	683.0	302.0	218.0
Acquire-EHT_B3_60	479	16140	287.0	683.0	302.0	217.0
Acquire-EHT_B3_60	480	16171	287.0	682.0	303.0	219.0
Acquire-EHT_B3_60	481	16218	287.0	682.0	303.0	220.0
Acquire-EHT_B3_60	482	16249	287.0	682.0	302.0	219.0
Acquire-EHT_B3_60	483	16280	287.0	683.0	302.0	217.0
Acquire-EHT_B3_60	484	16312	287.0	684.0	302.0	217.0
Acquire-EHT_B3_60	485	16343	287.0	684.0	302.0	217.0
Acquire-EHT_B3_60	486	16374	287.0	685.0	302.0	217.0
Acquire-EHT_B3_60	487	16405	287.0	686.0	302.0	217.0
Acquire-EHT_B3_60	488	16452	287.0	686.0	302.0	217.0
Acquire-EHT_B3_60	489	16484	287.0	686.0	302.0	217.0
Acquire-EHT_B3_60	490	16515	287.0	686.0	302.0	217.0
Acquire-EHT_B3_60	491	16546	287.0	686.0	302.0	217.0
Acquire-EHT_B3_60	492	16577	287.0	686.0	302.0	217.0
Acquire-EHT_B3_60	493	16608	287.0	686.0	302.0	217.0
Acquire-EHT_B3_60	494	16640	287.0	686.0	302.0	217.0
Acquire-EHT_B3_60	495	16671	287.0	686.0	302.0	217.0
Acquire-EHT_B3_60	496	16718	287.0	686.0	302.0	217.0
Acquire-EHT_B3_60	497	16749	287.0	684.0	302.0	217.0
Acquire-EHT_B3_60	498	16780	286.0	683.0	302.0	217.0
Acquire-EHT_B3_60	499	16812	286.0	683.0	302.0	220.0
Acquire-EHT_B3_60	500	16843	287.0	682.0	302.0	220.0
Acquire-EHT_B3_60	501	16874	286.0	683.0	302.0	220.0
Acquire-EHT_B3_60	502	16905	286.0	683.0	302.0	220.0
Acquire-EHT_B3_60	503	16952	287.0	683.0	302.0	218.0
Acquire-EHT_B3_60	504	16983	287.0	684.0	302.0	217.0
Acquire-EHT_B3_60	505	17015	287.0	685.0	302.0	217.0
Acquire-EHT_B3_60	506	17046	287.0	686.0	302.0	217.0
Acquire-EHT_B3_60	507	17077	287.0	686.0	302.0	217.0
Acquire-EHT_B3_60	508	17108	287.0	686.0	302.0	217.0
Acquire-EHT_B3_60	509	17140	287.0	686.0	302.0	217.0
Acquire-EHT_B3_60	510	17171	287.0	686.0	302.0	217.0
Acquire-EHT_B3_60	511	17218	287.0	686.0	302.0	217.0
Acquire-EHT_B3_60	512	17249	287.0	686.0	302.0	217.0
Acquire-EHT_B3_60	513	17280	287.0	686.0	302.0	217.0
Acquire-EHT_B3_60	514	17312	287.0	686.0	302.0	217.0
Acquire-EHT_B3_60	515	17343	287.0	686.0	302.0	217.0
Acquire-EHT_B3_60	516	17374	287.0	684.0	302.0	217.0
Acquire-EHT_B3_60	517	17405	286.0	683.0	302.0	217.0
Acquire-EHT_B3_60	518	17452	286.0	683.0	302.0	218.0
Acquire-EHT_B3_60	519	17483	287.0	682.0	302.0	218.0
Acquire-EHT_B3_60	520	17515	287.0	682.0	302.0	220.0
Acquire-EHT_B3_60	521	17546	287.0	682.0	302.0	217.0
Acquire-EHT_B3_60	522	17577	287.0	683.0	302.0	217.0
Acquire-EHT_B3_60	523	17608	287.0	684.0	302.0	217.0
Acquire-EHT_B3_60	524	17640	287.0	685.0	302.0	217.0
Acquire-EHT_B3_60	525	17671	287.0	686.0	302.0	217.0
Acquire-EHT_B3_60	526	17718	287.0	686.0	302.0	217.0
Acquire-EHT_B3_60	527	17749	287.0	686.0	302.0	217.0
Acquire-EHT_B3_60	528	17780	287.0	686.0	302.0	217.0
Acquire-EHT_B3_60	529	17812	287.0	686.0	302.0	217.0
Acquire-EHT_B3_60	530	17843	287.0	686.0	302.0	217.0
Acquire-EHT_B3_60	531	17874	287.0	686.0	302.0	217.0
Acquire-EHT_B3_60	532	17905	287.0	686.0	302.0	217.0
Acquire-EHT_B3_60	533	17952	287.0	686.0	302.0	217.0
Acquire-EHT_B3_60	534	17983	287.0	686.0	302.0	216.0
Acquire-EHT_B3_60	535	18015	287.0	686.0	302.0	217.0
Acquire-EHT_B3_60	536	18046	287.0	685.0	302.0	217.0
Acquire-EHT_B3_60	537	18077	287.0	684.0	302.0	217.0
Acquire-EHT_B3_60	538	18108	287.0	683.0	302.0	217.0
Acquire-EHT_B3_60	539	18140	287.0	682.0	302.0	218.0
Acquire-EHT_B3_60	540	18171	286.0	682.0	302.0	220.0
Acquire-EHT_B3_60	541	18218	287.0	682.0	302.0	219.0
Acquire-EHT_B3_60	542	18249	287.0	683.0	302.0	217.0
Acquire-EHT_B3_60	543	18280	287.0	683.0	302.0	218.0
Acquire-EHT_B3_60	544	18312	287.0	684.0	302.0	217.0
Acquire-EHT_B3_60	545	18343	287.0	685.0	302.0	217.0
Acquire-EHT_B3_60	546	18374	287.0	686.0	302.0	217.0
Acquire-EHT_B3_60	547	18405	287.0	686.0	302.0	217.0
Acquire-EHT_B3_60	548	18452	287.0	686.0	302.0	217.0
Acquire-EHT_B3_60	549	18483	287.0	686.0	302.0	217.0
Acquire-EHT_B3_60	550	18515	287.0	686.0	302.0	217.0
Acquire-EHT_B3_60	551	18546	287.0	686.0	302.0	217.0
Acquire-EHT_B3_60	552	18577	287.0	686.0	302.0	217.0
Acquire-EHT_B3_60	553	18608	287.0	686.0	302.0	217.0
Acquire-EHT_B3_60	554	18640	287.0	686.0	302.0	217.0
Acquire-EHT_B3_60	555	18671	287.0	686.0	302.0	217.0
Acquire-EHT_B3_60	556	18718	287.0	685.0	302.0	217.0
Acquire-EHT_B3_60	557	18749	287.0	683.0	302.0	217.0
Acquire-EHT_B3_60	558	18780	287.0	683.0	302.0	217.0
Acquire-EHT_B3_60	559	18811	287.0	682.0	303.0	219.0
Acquire-EHT_B3_60	560	18843	287.0	682.0	303.0	220.0
Acquire-EHT_B3_60	561	18874	286.0	683.0	302.0	220.0
Acquire-EHT_B3_60	562	18905	287.0	683.0	302.0	218.0
Acquire-EHT_B3_60	563	18952	287.0	683.0	302.0	217.0
Acquire-EHT_B3_60	564	18983	287.0	685.0	302.0	217.0
Acquire-EHT_B3_60	565	19015	287.0	686.0	302.0	217.0
Acquire-EHT_B3_60	566	19046	287.0	686.0	302.0	217.0
Acquire-EHT_B3_60	567	19077	287.0	686.0	302.0	217.0
Acquire-EHT_B3_60	568	19108	287.0	686.0	302.0	217.0
Acquire-EHT_B3_60	569	19140	287.0	686.0	302.0	217.0
Acquire-EHT_B3_60	570	19171	287.0	686.0	302.0	217.0
Acquire-EHT_B3_60	571	19218	287.0	686.0	302.0	217.0
Acquire-EHT_B3_60	572	19249	287.0	686.0	302.0	217.0
Acquire-EHT_B3_60	573	19280	287.0	686.0	302.0	217.0
Acquire-EHT_B3_60	574	19311	287.0	686.0	302.0	217.0
Acquire-EHT_B3_60	575	19343	287.0	685.0	302.0	217.0
Acquire-EHT_B3_60	576	19374	287.0	684.0	302.0	217.0
Acquire-EHT_B3_60	577	19405	286.0	683.0	302.0	217.0
Acquire-EHT_B3_60	578	19452	286.0	683.0	302.0	220.0
Acquire-EHT_B3_60	579	19483	287.0	682.0	302.0	220.0
Acquire-EHT_B3_60	580	19515	287.0	682.0	302.0	218.0
Acquire-EHT_B3_60	581	19546	287.0	683.0	302.0	217.0
Acquire-EHT_B3_60	582	19577	287.0	683.0	302.0	217.0
Acquire-EHT_B3_60	583	19608	287.0	685.0	302.0	217.0
Acquire-EHT_B3_60	584	19640	287.0	685.0	302.0	217.0
Acquire-EHT_B3_60	585	19671	287.0	686.0	302.0	217.0
Acquire-EHT_B3_60	586	19718	287.0	686.0	302.0	217.0
Acquire-EHT_B3_60	587	19749	287.0	686.0	302.0	217.0
Acquire-EHT_B3_60	588	19780	287.0	686.0	302.0	217.0
Acquire-EHT_B3_60	589	19811	287.0	686.0	302.0	217.0
Acquire-EHT_B3_60	590	19843	287.0	686.0	302.0	217.0
Acquire-EHT_B3_60	591	19874	287.0	686.0	302.0	217.0
Acquire-EHT_B3_60	592	19905	287.0	686.0	302.0	216.0
Acquire-EHT_B3_60	593	19952	287.0	686.0	302.0	217.0
Acquire-EHT_B3_60	594	19983	287.0	686.0	302.0	217.0
Acquire-EHT_B3_60	595	20015	287.0	685.0	302.0	217.0
Acquire-EHT_B3_60	596	20046	287.0	684.0	302.0	217.0
Acquire-EHT_B3_60	597	20077	286.0	683.0	302.0	218.0
Acquire-EHT_B3_60	598	20108	287.0	682.0	302.0	217.0
Acquire-EHT_B3_60	599	20140	287.0	682.0	302.0	220.0
Acquire-EHT_B3_60	600	20171	287.0	682.0	302.0	218.0
Acquire-EHT_B3_60	601	20218	287.0	683.0	302.0	218.0
Acquire-EHT_B3_60	602	20249	287.0	683.0	302.0	217.0
Acquire-EHT_B3_60	603	20280	287.0	685.0	302.0	217.0
Acquire-EHT_B3_60	604	20311	287.0	685.0	302.0	217.0
Acquire-EHT_B3_60	605	20343	287.0	686.0	302.0	217.0
Acquire-EHT_B3_60	606	20374	287.0	686.0	302.0	217.0
Acquire-EHT_B3_60	607	20405	287.0	686.0	302.0	217.0
Acquire-EHT_B3_60	608	20452	287.0	686.0	302.0	217.0
Acquire-EHT_B3_60	609	20483	287.0	686.0	302.0	217.0
Acquire-EHT_B3_60	610	20514	287.0	686.0	302.0	217.0
Acquire-EHT_B3_60	611	20546	287.0	686.0	302.0	217.0
Acquire-EHT_B3_60	612	20577	287.0	686.0	302.0	217.0
Acquire-EHT_B3_60	613	20608	287.0	686.0	302.0	217.0
Acquire-EHT_B3_60	614	20639	287.0	686.0	302.0	217.0
Acquire-EHT_B3_60	615	20671	287.0	684.0	302.0	218.0
Acquire-EHT_B3_60	616	20718	287.0	683.0	302.0	217.0
Acquire-EHT_B3_60	617	20749	287.0	683.0	302.0	220.0
Acquire-EHT_B3_60	618	20780	287.0	682.0	302.0	218.0
Acquire-EHT_B3_60	619	20811	287.0	682.0	302.0	220.0
Acquire-EHT_B3_60	620	20843	286.0	683.0	303.0	220.0
Acquire-EHT_B3_60	621	20874	287.0	683.0	302.0	217.0
Acquire-EHT_B3_60	622	20905	287.0	684.0	302.0	217.0
Acquire-EHT_B3_60	623	20952	287.0	685.0	302.0	217.0
Acquire-EHT_B3_60	624	20983	287.0	686.0	302.0	217.0
Acquire-EHT_B3_60	625	21014	287.0	686.0	302.0	217.0
Acquire-EHT_B3_60	626	21046	287.0	686.0	302.0	217.0
Acquire-EHT_B3_60	627	21077	287.0	686.0	302.0	217.0
Acquire-EHT_B3_60	628	21108	287.0	686.0	302.0	217.0
Acquire-EHT_B3_60	629	21139	287.0	686.0	302.0	217.0
Acquire-EHT_B3_60	630	21171	287.0	686.0	302.0	217.0
Acquire-EHT_B3_60	631	21218	287.0	686.0	302.0	217.0
Acquire-EHT_B3_60	632	21249	287.0	686.0	302.0	217.0
Acquire-EHT_B3_60	633	21280	287.0	686.0	302.0	217.0
Acquire-EHT_B3_60	634	21311	287.0	685.0	302.0	217.0
Acquire-EHT_B3_60	635	21343	287.0	684.0	302.0	217.0
Acquire-EHT_B3_60	636	21374	286.0	683.0	302.0	218.0
Acquire-EHT_B3_60	637	21405	287.0	682.0	302.0	217.0
Acquire-EHT_B3_60	638	21452	286.0	683.0	303.0	220.0
Acquire-EHT_B3_60	639	21483	287.0	682.0	303.0	220.0
Acquire-EHT_B3_60	640	21514	287.0	683.0	302.0	220.0
Acquire-EHT_B3_60	641	21546	287.0	683.0	302.0	218.0
Acquire-EHT_B3_60	642	21577	287.0	684.0	302.0	217.0
Acquire-EHT_B3_60	643	21608	287.0	685.0	302.0	217.0
Acquire-EHT_B3_60	644	21639	287.0	686.0	302.0	217.0
Acquire-EHT_B3_60	645	21671	287.0	686.0	302.0	217.0
Acquire-EHT_B3_60	646	21718	287.0	686.0	302.0	217.0
Acquire-EHT_B3_60	647	21749	287.0	686.0	302.0	217.0
Acquire-EHT_B3_60	648	21780	287.0	686.0	302.0	217.0
Acquire-EHT_B3_60	649	21811	287.0	686.0	302.0	217.0
Acquire-EHT_B3_60	650	21843	287.0	686.0	302.0	217.0
Acquire-EHT_B3_60	651	21874	287.0	686.0	302.0	217.0
Acquire-EHT_B3_60	652	21905	287.0	686.0	302.0	217.0
Acquire-EHT_B3_60	653	21952	287.0	686.0	302.0	217.0
Acquire-EHT_B3_60	654	21983	287.0	685.0	302.0	217.0
Acquire-EHT_B3_60	655	22014	287.0	684.0	302.0	217.0
Acquire-EHT_B3_60	656	22046	286.0	683.0	302.0	217.0
Acquire-EHT_B3_60	657	22077	287.0	682.0	302.0	220.0
Acquire-EHT_B3_60	658	22108	287.0	682.0	302.0	219.0
Acquire-EHT_B3_60	659	22139	287.0	682.0	302.0	220.0
Acquire-EHT_B3_60	660	22171	287.0	683.0	302.0	217.0
Acquire-EHT_B3_60	661	22217	287.0	684.0	302.0	218.0
Acquire-EHT_B3_60	662	22249	287.0	685.0	302.0	217.0
Acquire-EHT_B3_60	663	22280	287.0	686.0	302.0	217.0
Acquire-EHT_B3_60	664	22311	287.0	686.0	302.0	217.0
Acquire-EHT_B3_60	665	22342	287.0	686.0	302.0	217.0
Acquire-EHT_B3_60	666	22374	287.0	686.0	302.0	217.0
Acquire-EHT_B3_60	667	22405	287.0	686.0	302.0	217.0
Acquire-EHT_B3_60	668	22452	287.0	686.0	302.0	217.0
Acquire-EHT_B3_60	669	22483	287.0	686.0	302.0	217.0
Acquire-EHT_B3_60	670	22514	287.0	686.0	302.0	217.0
Acquire-EHT_B3_60	671	22546	287.0	686.0	302.0	217.0
Acquire-EHT_B3_60	672	22577	287.0	686.0	302.0	217.0
Acquire-EHT_B3_60	673	22608	287.0	686.0	302.0	217.0
Acquire-EHT_B3_60	674	22639	287.0	685.0	302.0	217.0
Acquire-EHT_B3_60	675	22671	287.0	683.0	302.0	218.0
Acquire-EHT_B3_60	676	22717	286.0	683.0	303.0	219.0
Acquire-EHT_B3_60	677	22749	287.0	682.0	302.0	220.0
Acquire-EHT_B3_60	678	22780	287.0	682.0	303.0	220.0
Acquire-EHT_B3_60	679	22811	286.0	683.0	302.0	217.0
Acquire-EHT_B3_60	680	22842	287.0	683.0	302.0	217.0
Acquire-EHT_B3_60	681	22874	287.0	684.0	302.0	217.0
Acquire-EHT_B3_60	682	22905	287.0	685.0	302.0	217.0
Acquire-EHT_B3_60	683	22952	287.0	686.0	302.0	217.0
Acquire-EHT_B3_60	684	22983	287.0	686.0	302.0	217.0
Acquire-EHT_B3_60	685	23014	287.0	686.0	302.0	217.0
Acquire-EHT_B3_60	686	23046	287.0	686.0	302.0	217.0
Acquire-EHT_B3_60	687	23077	287.0	686.0	302.0	217.0
Acquire-EHT_B3_60	688	23108	287.0	686.0	302.0	217.0
Acquire-EHT_B3_60	689	23139	287.0	686.0	302.0	217.0
Acquire-EHT_B3_60	690	23171	287.0	686.0	302.0	217.0
Acquire-EHT_B3_60	691	23217	287.0	686.0	302.0	217.0
Acquire-EHT_B3_60	692	23249	287.0	686.0	302.0	217.0
Acquire-EHT_B3_60	693	23280	287.0	686.0	302.0	217.0
Acquire-EHT_B3_60	694	23311	287.0	684.0	302.0	217.0
Acquire-EHT_B3_60	695	23342	287.0	683.0	302.0	217.0
Acquire-EHT_B3_60	696	23374	286.0	683.0	303.0	219.0
Acquire-EHT_B3_60	697	23405	286.0	682.0	303.0	220.0
Acquire-EHT_B3_60	698	23452	287.0	682.0	302.0	217.0
Acquire-EHT_B3_60	699	23483	286.0	683.0	302.0	220.0
Acquire-EHT_B3_60	700	23514	287.0	683.0	302.0	218.0
Acquire-EHT_B3_60	701	23546	286.0	684.0	302.0	217.0
Acquire-EHT_B3_60	702	23577	287.0	685.0	302.0	217.0
Acquire-EHT_B3_60	703	23608	287.0	686.0	302.0	217.0
Acquire-EHT_B3_60	704	23639	287.0	686.0	302.0	217.0
Acquire-EHT_B3_60	705	23671	287.0	686.0	302.0	217.0
Acquire-EHT_B3_60	706	23717	287.0	686.0	302.0	217.0
Acquire-EHT_B3_60	707	23749	287.0	686.0	302.0	217.0
Acquire-EHT_B3_60	708	23780	287.0	686.0	302.0	217.0
Acquire-EHT_B3_60	709	23811	287.0	686.0	302.0	217.0
Acquire-EHT_B3_60	710	23842	287.0	686.0	302.0	217.0
Acquire-EHT_B3_60	711	23874	287.0	686.0	302.0	217.0
Acquire-EHT_B3_60	712	23905	287.0	686.0	302.0	217.0
Acquire-EHT_B3_60	713	23952	287.0	686.0	302.0	217.0
Acquire-EHT_B3_60	714	23983	287.0	685.0	302.0	217.0
Acquire-EHT_B3_60	715	24014	287.0	683.0	302.0	217.0
Acquire-EHT_B3_60	716	24045	287.0	682.0	303.0	220.0
Acquire-EHT_B3_60	717	24108	287.0	682.0	302.0	217.0
Acquire-EHT_B3_60	718	24139	287.0	682.0	302.0	220.0
Acquire-EHT_B3_60	719	24170	286.0	683.0	302.0	218.0
Acquire-EHT_B3_60	720	24217	287.0	683.0	302.0	217.0
Acquire-EHT_B3_60	721	24249	287.0	684.0	302.0	217.0
Acquire-EHT_B3_60	722	24280	287.0	685.0	302.0	217.0
Acquire-EHT_B3_60	723	24311	287.0	686.0	302.0	217.0
Acquire-EHT_B3_60	724	24342	287.0	686.0	302.0	217.0
Acquire-EHT_B3_60	725	24374	287.0	686.0	302.0	217.0
Acquire-EHT_B3_60	726	24405	287.0	686.0	302.0	217.0
Acquire-EHT_B3_60	727	24452	287.0	686.0	302.0	217.0
Acquire-EHT_B3_60	728	24483	287.0	686.0	302.0	217.0
Acquire-EHT_B3_60	729	24514	287.0	686.0	302.0	217.0
Acquire-EHT_B3_60	730	24545	287.0	686.0	302.0	217.0
Acquire-EHT_B3_60	731	24577	287.0	686.0	302.0	217.0
Acquire-EHT_B3_60	732	24608	287.0	685.0	302.0	217.0
Acquire-EHT_B3_60	733	24639	287.0	684.0	302.0	218.0
Acquire-EHT_B3_60	734	24670	287.0	683.0	302.0	218.0
Acquire-EHT_B3_60	735	24717	287.0	682.0	303.0	220.0
Acquire-EHT_B3_60	736	24749	287.0	682.0	302.0	220.0
Acquire-EHT_B3_60	737	24780	286.0	682.0	302.0	218.0
Acquire-EHT_B3_60	738	24811	287.0	683.0	302.0	220.0
Acquire-EHT_B3_60	739	24842	287.0	683.0	302.0	217.0
Acquire-EHT_B3_60	740	24874	287.0	684.0	302.0	217.0
Acquire-EHT_B3_60	741	24905	287.0	685.0	302.0	217.0
Acquire-EHT_B3_60	742	24952	287.0	686.0	302.0	217.0
Acquire-EHT_B3_60	743	24983	287.0	686.0	302.0	217.0
Acquire-EHT_B3_60	744	25014	287.0	686.0	302.0	217.0
Acquire-EHT_B3_60	745	25045	287.0	686.0	302.0	217.0
Acquire-EHT_B3_60	746	25077	287.0	686.0	302.0	217.0
Acquire-EHT_B3_60	747	25108	287.0	686.0	302.0	217.0
Acquire-EHT_B3_60	748	25139	287.0	686.0	302.0	217.0
Acquire-EHT_B3_60	749	25170	287.0	686.0	302.0	217.0
Acquire-EHT_B3_60	750	25217	287.0	686.0	302.0	217.0
Acquire-EHT_B3_60	751	25249	287.0	686.0	302.0	217.0
Acquire-EHT_B3_60	752	25280	287.0	686.0	302.0	217.0
Acquire-EHT_B3_60	753	25311	287.0	685.0	302.0	218.0
Acquire-EHT_B3_60	754	25342	287.0	683.0	302.0	217.0
Acquire-EHT_B3_60	755	25374	287.0	683.0	302.0	218.0
Acquire-EHT_B3_60	756	25405	286.0	682.0	302.0	220.0
Acquire-EHT_B3_60	757	25452	287.0	682.0	302.0	220.0
Acquire-EHT_B3_60	758	25483	286.0	683.0	302.0	220.0
Acquire-EHT_B3_60	759	25514	286.0	683.0	302.0	217.0
Acquire-EHT_B3_60	760	25545	287.0	684.0	302.0	217.0
Acquire-EHT_B3_60	761	25577	287.0	685.0	302.0	217.0
Acquire-EHT_B3_60	762	25608	287.0	686.0	302.0	217.0
Acquire-EHT_B3_60	763	25639	287.0	686.0	302.0	217.0
Acquire-EHT_B3_60	764	25670	287.0	686.0	302.0	217.0
Acquire-EHT_B3_60	765	25717	287.0	686.0	302.0	217.0
Acquire-EHT_B3_60	766	25748	287.0	686.0	302.0	217.0
Acquire-EHT_B3_60	767	25780	287.0	686.0	302.0	217.0
Acquire-EHT_B3_60	768	25811	287.0	686.0	302.0	217.0
Acquire-EHT_B3_60	769	25842	287.0	686.0	302.0	217.0
Acquire-EHT_B3_60	770	25873	287.0	686.0	302.0	217.0
Acquire-EHT_B3_60	771	25905	287.0	686.0	302.0	217.0
Acquire-EHT_B3_60	772	25952	287.0	686.0	302.0	217.0
Acquire-EHT_B3_60	773	25983	287.0	685.0	302.0	217.0
Acquire-EHT_B3_60	774	26014	286.0	684.0	302.0	218.0
Acquire-EHT_B3_60	775	26045	286.0	683.0	302.0	217.0
Acquire-EHT_B3_60	776	26077	286.0	682.0	302.0	217.0
Acquire-EHT_B3_60	777	26108	287.0	682.0	302.0	220.0
Acquire-EHT_B3_60	778	26139	287.0	682.0	302.0	220.0
Acquire-EHT_B3_60	779	26170	287.0	683.0	302.0	218.0
Acquire-EHT_B3_60	780	26217	287.0	683.0	302.0	217.0
Acquire-EHT_B3_60	781	26248	287.0	684.0	302.0	217.0
Acquire-EHT_B3_60	782	26280	287.0	685.0	302.0	217.0
Acquire-EHT_B3_60	783	26311	287.0	686.0	302.0	217.0
Acquire-EHT_B3_60	784	26342	287.0	686.0	302.0	217.0
Acquire-EHT_B3_60	785	26373	287.0	686.0	302.0	217.0
Acquire-EHT_B3_60	786	26405	287.0	686.0	302.0	217.0
Acquire-EHT_B3_60	787	26452	287.0	686.0	302.0	217.0
Acquire-EHT_B3_60	788	26483	287.0	686.0	302.0	217.0
Acquire-EHT_B3_60	789	26514	287.0	686.0	302.0	217.0
Acquire-EHT_B3_60	790	26545	287.0	686.0	302.0	217.0
Acquire-EHT_B3_60	791	26577	287.0	686.0	302.0	216.0
Acquire-EHT_B3_60	792	26608	287.0	686.0	302.0	217.0
Acquire-EHT_B3_60	793	26639	287.0	685.0	302.0	217.0
Acquire-EHT_B3_60	794	26670	287.0	685.0	302.0	217.0
Acquire-EHT_B3_60	795	26717	287.0	683.0	302.0	218.0
Acquire-EHT_B3_60	796	26748	287.0	682.0	302.0	217.0
Acquire-EHT_B3_60	797	26780	286.0	683.0	302.0	220.0
Acquire-EHT_B3_60	798	26811	287.0	682.0	302.0	220.0
Acquire-EHT_B3_60	799	26842	287.0	682.0	302.0	217.0
Acquire-EHT_B3_60	800	26873	287.0	683.0	302.0	217.0
Acquire-EHT_B3_60	801	26905	287.0	684.0	302.0	217.0
Acquire-EHT_B3_60	802	26952	287.0	685.0	302.0	217.0
Acquire-EHT_B3_60	803	26983	287.0	686.0	302.0	217.0
Acquire-EHT_B3_60	804	27014	287.0	686.0	302.0	217.0
Acquire-EHT_B3_60	805	27045	287.0	686.0	302.0	217.0
Acquire-EHT_B3_60	806	27077	287.0	686.0	302.0	217.0
Acquire-EHT_B3_60	807	27108	287.0	686.0	302.0	217.0
Acquire-EHT_B3_60	808	27139	287.0	686.0	302.0	217.0
Acquire-EHT_B3_60	809	27170	287.0	686.0	302.0	217.0
Acquire-EHT_B3_60	810	27217	287.0	686.0	302.0	217.0
Acquire-EHT_B3_60	811	27248	287.0	686.0	302.0	217.0
Acquire-EHT_B3_60	812	27280	287.0	686.0	302.0	217.0
Acquire-EHT_B3_60	813	27311	287.0	685.0	302.0	217.0
Acquire-EHT_B3_60	814	27342	287.0	684.0	302.0	217.0
Acquire-EHT_B3_60	815	27373	287.0	683.0	302.0	217.0
Acquire-EHT_B3_60	816	27405	286.0	683.0	302.0	217.0
Acquire-EHT_B3_60	817	27452	287.0	682.0	303.0	220.0
Acquire-EHT_B3_60	818	27483	286.0	683.0	302.0	219.0
Acquire-EHT_B3_60	819	27514	287.0	683.0	302.0	218.0
Acquire-EHT_B3_60	820	27545	286.0	683.0	302.0	218.0
Acquire-EHT_B3_60	821	27576	287.0	684.0	302.0	217.0
Acquire-EHT_B3_60	822	27608	287.0	685.0	302.0	217.0
Acquire-EHT_B3_60	823	27639	287.0	686.0	302.0	217.0
Acquire-EHT_B3_60	824	27670	287.0	686.0	302.0	217.0
Acquire-EHT_B3_60	825	27717	287.0	686.0	302.0	217.0
Acquire-EHT_B3_60	826	27748	287.0	686.0	302.0	217.0
Acquire-EHT_B3_60	827	27780	287.0	686.0	302.0	217.0
Acquire-EHT_B3_60	828	27811	287.0	686.0	302.0	217.0
Acquire-EHT_B3_60	829	27842	287.0	686.0	302.0	217.0
Acquire-EHT_B3_60	830	27873	287.0	686.0	302.0	217.0
Acquire-EHT_B3_60	831	27905	287.0	686.0	302.0	217.0
Acquire-EHT_B3_60	832	27951	287.0	686.0	302.0	217.0
Acquire-EHT_B3_60	833	27983	287.0	686.0	302.0	217.0
Acquire-EHT_B3_60	834	28014	287.0	685.0	302.0	217.0
Acquire-EHT_B3_60	835	28045	287.0	683.0	302.0	217.0
Acquire-EHT_B3_60	836	28076	286.0	683.0	303.0	219.0
Acquire-EHT_B3_60	837	28108	287.0	682.0	303.0	220.0
Acquire-EHT_B3_60	838	28139	287.0	682.0	303.0	219.0
Acquire-EHT_B3_60	839	28170	287.0	682.0	302.0	219.0
Acquire-EHT_B3_60	840	28217	286.0	683.0	302.0	217.0
Acquire-EHT_B3_60	841	28248	287.0	684.0	302.0	217.0
Acquire-EHT_B3_60	842	28280	287.0	685.0	302.0	217.0
Acquire-EHT_B3_60	843	28311	287.0	686.0	302.0	217.0
Acquire-EHT_B3_60	844	28342	287.0	686.0	302.0	217.0
Acquire-EHT_B3_60	845	28373	287.0	686.0	302.0	217.0
Acquire-EHT_B3_60	846	28405	287.0	686.0	302.0	217.0
Acquire-EHT_B3_60	847	28451	287.0	686.0	302.0	217.0
Acquire-EHT_B3_60	848	28483	287.0	686.0	302.0	217.0
Acquire-EHT_B3_60	849	28514	287.0	686.0	302.0	217.0
Acquire-EHT_B3_60	850	28545	287.0	686.0	302.0	217.0
Acquire-EHT_B3_60	851	28576	287.0	686.0	302.0	216.0
Acquire-EHT_B3_60	852	28608	287.0	686.0	302.0	217.0
Acquire-EHT_B3_60	853	28639	287.0	686.0	302.0	217.0
Acquire-EHT_B3_60	854	28686	287.0	685.0	302.0	217.0
Acquire-EHT_B3_60	855	28717	287.0	684.0	302.0	218.0
Acquire-EHT_B3_60	856	28748	287.0	683.0	303.0	220.0
Acquire-EHT_B3_60	857	28780	287.0	682.0	303.0	219.0
Acquire-EHT_B3_60	858	28811	287.0	682.0	302.0	220.0
Acquire-EHT_B3_60	859	28842	287.0	683.0	302.0	218.0
Acquire-EHT_B3_60	860	28873	287.0	683.0	302.0	217.0
Acquire-EHT_B3_60	861	28905	287.0	683.0	302.0	217.0
Acquire-EHT_B3_60	862	28951	287.0	685.0	302.0	217.0
Acquire-EHT_B3_60	863	28983	287.0	686.0	302.0	217.0
Acquire-EHT_B3_60	864	29014	287.0	686.0	302.0	217.0
Acquire-EHT_B3_60	865	29045	287.0	686.0	302.0	217.0
Acquire-EHT_B3_60	866	29108	287.0	686.0	302.0	217.0
Acquire-EHT_B3_60	867	29139	287.0	686.0	302.0	217.0
Acquire-EHT_B3_60	868	29170	287.0	686.0	302.0	217.0
Acquire-EHT_B3_60	869	29217	287.0	686.0	302.0	217.0
Acquire-EHT_B3_60	870	29248	287.0	686.0	302.0	217.0
Acquire-EHT_B3_60	871	29280	287.0	686.0	302.0	217.0
Acquire-EHT_B3_60	872	29311	287.0	685.0	302.0	217.0
Acquire-EHT_B3_60	873	29342	287.0	684.0	302.0	217.0
Acquire-EHT_B3_60	874	29373	287.0	683.0	302.0	217.0
Acquire-EHT_B3_60	875	29404	286.0	683.0	302.0	220.0
Acquire-EHT_B3_60	876	29451	287.0	682.0	302.0	220.0
Acquire-EHT_B3_60	877	29483	286.0	682.0	302.0	220.0
Acquire-EHT_B3_60	878	29514	286.0	683.0	303.0	219.0
Acquire-EHT_B3_60	879	29545	287.0	683.0	302.0	217.0
Acquire-EHT_B3_60	880	29576	287.0	684.0	302.0	217.0
Acquire-EHT_B3_60	881	29608	287.0	685.0	302.0	217.0
Acquire-EHT_B3_60	882	29639	287.0	686.0	302.0	217.0
Acquire-EHT_B3_60	883	29686	287.0	686.0	302.0	217.0
Acquire-EHT_B3_60	884	29717	287.0	686.0	302.0	217.0
Acquire-EHT_B3_60	885	29748	287.0	686.0	302.0	217.0
Acquire-EHT_B3_60	886	29779	287.0	686.0	302.0	217.0
Acquire-EHT_B3_60	887	29811	287.0	686.0	302.0	217.0
Acquire-EHT_B3_60	888	29842	287.0	686.0	302.0	217.0
Acquire-EHT_B3_60	889	29873	287.0	686.0	302.0	217.0
Acquire-EHT_B3_60	890	29904	287.0	686.0	302.0	217.0
Acquire-EHT_B3_60	891	29951	287.0	686.0	302.0	217.0
Acquire-EHT_D1_60	0	0	403.0	266.0	384.0	687.0
Acquire-EHT_D1_60	1	15	403.0	266.0	384.0	687.0
Acquire-EHT_D1_60	2	78	403.0	266.0	384.0	687.0
Acquire-EHT_D1_60	3	109	403.0	266.0	384.0	687.0
Acquire-EHT_D1_60	4	140	403.0	266.0	384.0	687.0
Acquire-EHT_D1_60	5	171	403.0	266.0	384.0	687.0
Acquire-EHT_D1_60	6	218	403.0	265.0	384.0	687.0
Acquire-EHT_D1_60	7	250	403.0	265.0	384.0	688.0
Acquire-EHT_D1_60	8	281	403.0	264.0	384.0	689.0
Acquire-EHT_D1_60	9	312	403.0	263.0	384.0	689.0
Acquire-EHT_D1_60	10	343	403.0	263.0	384.0	689.0
Acquire-EHT_D1_60	11	375	403.0	263.0	385.0	689.0
Acquire-EHT_D1_60	12	406	403.0	263.0	385.0	689.0
Acquire-EHT_D1_60	13	453	403.0	263.0	384.0	689.0
Acquire-EHT_D1_60	14	484	403.0	263.0	385.0	689.0
Acquire-EHT_D1_60	15	515	403.0	263.0	385.0	689.0
Acquire-EHT_D1_60	16	546	403.0	263.0	384.0	689.0
Acquire-EHT_D1_60	17	578	403.0	264.0	384.0	689.0
Acquire-EHT_D1_60	18	609	403.0	265.0	384.0	688.0
Acquire-EHT_D1_60	19	640	403.0	266.0	384.0	687.0
Acquire-EHT_D1_60	20	671	403.0	266.0	384.0	687.0
Acquire-EHT_D1_60	21	718	403.0	266.0	384.0	687.0
Acquire-EHT_D1_60	22	750	403.0	266.0	384.0	687.0
Acquire-EHT_D1_60	23	781	403.0	266.0	384.0	687.0
Acquire-EHT_D1_60	24	812	403.0	266.0	384.0	687.0
Acquire-EHT_D1_60	25	843	403.0	266.0	384.0	687.0
Acquire-EHT_D1_60	26	875	403.0	266.0	384.0	687.0
Acquire-EHT_D1_60	27	906	403.0	265.0	384.0	687.0
Acquire-EHT_D1_60	28	937	403.0	264.0	384.0	688.0
Acquire-EHT_D1_60	29	984	403.0	264.0	384.0	689.0
Acquire-EHT_D1_60	30	1015	403.0	264.0	384.0	689.0
Acquire-EHT_D1_60	31	1046	403.0	263.0	384.0	689.0
Acquire-EHT_D1_60	32	1078	403.0	263.0	384.0	689.0
Acquire-EHT_D1_60	33	1109	403.0	263.0	385.0	689.0
Acquire-EHT_D1_60	34	1140	403.0	263.0	385.0	689.0
Acquire-EHT_D1_60	35	1171	403.0	263.0	385.0	689.0
Acquire-EHT_D1_60	36	1218	403.0	263.0	385.0	689.0
Acquire-EHT_D1_60	37	1250	403.0	263.0	384.0	689.0
Acquire-EHT_D1_60	38	1281	403.0	264.0	384.0	688.0
Acquire-EHT_D1_60	39	1312	403.0	265.0	384.0	688.0
Acquire-EHT_D1_60	40	1343	403.0	265.0	384.0	687.0
Acquire-EHT_D1_60	41	1375	403.0	266.0	384.0	687.0
Acquire-EHT_D1_60	42	1406	403.0	266.0	384.0	687.0
Acquire-EHT_D1_60	43	1437	403.0	266.0	384.0	687.0
Acquire-EHT_D1_60	44	1484	403.0	266.0	384.0	687.0
Acquire-EHT_D1_60	45	1515	403.0	266.0	384.0	687.0
Acquire-EHT_D1_60	46	1546	403.0	266.0	384.0	687.0
Acquire-EHT_D1_60	47	1578	403.0	266.0	384.0	687.0
Acquire-EHT_D1_60	48	1609	403.0	265.0	384.0	687.0
Acquire-EHT_D1_60	49	1640	403.0	265.0	384.0	688.0
Acquire-EHT_D1_60	50	1671	403.0	264.0	384.0	689.0
Acquire-EHT_D1_60	51	1718	403.0	264.0	384.0	689.0
Acquire-EHT_D1_60	52	1750	403.0	263.0	384.0	689.0
Acquire-EHT_D1_60	53	1781	403.0	263.0	384.0	689.0
Acquire-EHT_D1_60	54	1812	403.0	263.0	384.0	690.0
Acquire-EHT_D1_60	55	1843	403.0	263.0	384.0	689.0
Acquire-EHT_D1_60	56	1875	403.0	263.0	384.0	690.0
Acquire-EHT_D1_60	57	1906	403.0	263.0	384.0	689.0
Acquire-EHT_D1_60	58	1937	403.0	263.0	384.0	689.0
Acquire-EHT_D1_60	59	1984	403.0	264.0	384.0	688.0
Acquire-EHT_D1_60	60	2015	403.0	265.0	384.0	687.0
Acquire-EHT_D1_60	61	2046	403.0	266.0	384.0	687.0
Acquire-EHT_D1_60	62	2078	403.0	266.0	384.0	687.0
Acquire-EHT_D1_60	63	2109	403.0	266.0	384.0	687.0
Acquire-EHT_D1_60	64	2140	403.0	266.0	384.0	687.0
Acquire-EHT_D1_60	65	2171	403.0	266.0	384.0	687.0
Acquire-EHT_D1_60	66	2218	403.0	266.0	384.0	687.0
Acquire-EHT_D1_60	67	2249	403.0	266.0	384.0	687.0
Acquire-EHT_D1_60	68	2281	403.0	266.0	384.0	687.0
Acquire-EHT_D1_60	69	2312	403.0	265.0	384.0	688.0
Acquire-EHT_D1_60	70	2343	403.0	264.0	384.0	688.0
Acquire-EHT_D1_60	71	2374	403.0	264.0	384.0	689.0
Acquire-EHT_D1_60	72	2406	403.0	264.0	384.0	689.0
Acquire-EHT_D1_60	73	2437	403.0	263.0	384.0	689.0
Acquire-EHT_D1_60	74	2484	403.0	263.0	384.0	689.0
Acquire-EHT_D1_60	75	2515	403.0	263.0	384.0	690.0
Acquire-EHT_D1_60	76	2546	403.0	263.0	384.0	689.0
Acquire-EHT_D1_60	77	2578	403.0	263.0	384.0	690.0
Acquire-EHT_D1_60	78	2609	403.0	263.0	384.0	689.0
Acquire-EHT_D1_60	79	2640	403.0	264.0	384.0	689.0
Acquire-EHT_D1_60	80	2671	403.0	264.0	384.0	688.0
Acquire-EHT_D1_60	81	2718	403.0	265.0	384.0	688.0
Acquire-EHT_D1_60	82	2749	403.0	266.0	384.0	687.0
Acquire-EHT_D1_60	83	2781	403.0	266.0	384.0	687.0
Acquire-EHT_D1_60	84	2812	403.0	266.0	384.0	687.0
Acquire-EHT_D1_60	85	2843	403.0	266.0	384.0	686.0
Acquire-EHT_D1_60	86	2874	403.0	266.0	384.0	687.0
Acquire-EHT_D1_60	87	2906	403.0	266.0	384.0	687.0
Acquire-EHT_D1_60	88	2937	403.0	266.0	384.0	687.0
Acquire-EHT_D1_60	89	2984	403.0	266.0	384.0	687.0
Acquire-EHT_D1_60	90	3015	403.0	265.0	384.0	688.0
Acquire-EHT_D1_60	91	3046	403.0	264.0	384.0	688.0
Acquire-EHT_D1_60	92	3078	403.0	264.0	384.0	689.0
Acquire-EHT_D1_60	93	3109	403.0	263.0	384.0	689.0
Acquire-EHT_D1_60	94	3140	403.0	263.0	384.0	689.0
Acquire-EHT_D1_60	95	3171	403.0	263.0	384.0	689.0
Acquire-EHT_D1_60	96	3218	403.0	263.0	384.0	690.0
Acquire-EHT_D1_60	97	3249	403.0	263.0	384.0	689.0
Acquire-EHT_D1_60	98	3281	403.0	263.0	384.0	689.0
Acquire-EHT_D1_60	99	3312	403.0	263.0	385.0	689.0
Acquire-EHT_D1_60	100	3343	403.0	264.0	384.0	689.0
Acquire-EHT_D1_60	101	3374	403.0	265.0	384.0	688.0
Acquire-EHT_D1_60	102	3406	403.0	266.0	384.0	687.0
Acquire-EHT_D1_60	103	3453	403.0	266.0	384.0	687.0
Acquire-EHT_D1_60	104	3484	403.0	266.0	384.0	687.0
Acquire-EHT_D1_60	105	3515	403.0	266.0	384.0	687.0
Acquire-EHT_D1_60	106	3546	403.0	266.0	384.0	687.0
Acquire-EHT_D1_60	107	3578	403.0	266.0	384.0	687.0
Acquire-EHT_D1_60	108	3609	403.0	266.0	384.0	687.0
Acquire-EHT_D1_60	109	3640	403.0	266.0	384.0	687.0
Acquire-EHT_D1_60	110	3671	403.0	265.0	384.0	687.0
Acquire-EHT_D1_60	111	3718	403.0	265.0	384.0	688.0
Acquire-EHT_D1_60	112	3749	403.0	264.0	384.0	688.0
Acquire-EHT_D1_60	113	3781	402.0	264.0	384.0	689.0
Acquire-EHT_D1_60	114	3812	403.0	263.0	384.0	689.0
Acquire-EHT_D1_60	115	3843	403.0	263.0	384.0	689.0
Acquire-EHT_D1_60	116	3874	403.0	263.0	384.0	689.0
Acquire-EHT_D1_60	117	3906	403.0	263.0	384.0	690.0
Acquire-EHT_D1_60	118	3952	403.0	263.0	384.0	689.0
Acquire-EHT_D1_60	119	3984	403.0	263.0	384.0	690.0
Acquire-EHT_D1_60	120	4015	403.0	263.0	384.0	689.0
Acquire-EHT_D1_60	121	4046	403.0	264.0	384.0	689.0
Acquire-EHT_D1_60	122	4077	403.0	265.0	384.0	688.0
Acquire-EHT_D1_60	123	4109	403.0	266.0	384.0	687.0
Acquire-EHT_D1_60	124	4140	403.0	266.0	384.0	687.0
Acquire-EHT_D1_60	125	4171	403.0	266.0	384.0	687.0
Acquire-EHT_D1_60	126	4218	403.0	266.0	384.0	687.0
Acquire-EHT_D1_60	127	4249	403.0	266.0	384.0	687.0
Acquire-EHT_D1_60	128	4281	403.0	266.0	384.0	687.0
Acquire-EHT_D1_60	129	4312	403.0	266.0	384.0	687.0
Acquire-EHT_D1_60	130	4343	403.0	266.0	384.0	687.0
Acquire-EHT_D1_60	131	4374	403.0	265.0	384.0	688.0
Acquire-EHT_D1_60	132	4406	403.0	264.0	384.0	688.0
Acquire-EHT_D1_60	133	4452	403.0	264.0	384.0	689.0
Acquire-EHT_D1_60	134	4484	403.0	264.0	384.0	689.0
Acquire-EHT_D1_60	135	4515	403.0	263.0	384.0	689.0
Acquire-EHT_D1_60	136	4546	403.0	263.0	384.0	690.0
Acquire-EHT_D1_60	137	4577	403.0	263.0	384.0	690.0
Acquire-EHT_D1_60	138	4609	403.0	263.0	384.0	690.0
Acquire-EHT_D1_60	139	4640	403.0	263.0	384.0	690.0
Acquire-EHT_D1_60	140	4671	403.0	263.0	384.0	689.0
Acquire-EHT_D1_60	141	4718	403.0	263.0	384.0	689.0
Acquire-EHT_D1_60	142	4749	403.0	265.0	384.0	688.0
Acquire-EHT_D1_60	143	4781	403.0	265.0	384.0	687.0
Acquire-EHT_D1_60	144	4812	403.0	266.0	384.0	687.0
Acquire-EHT_D1_60	145	4843	403.0	266.0	384.0	687.0
Acquire-EHT_D1_60	146	4874	403.0	266.0	384.0	687.0
Acquire-EHT_D1_60	147	4906	403.0	266.0	384.0	687.0
Acquire-EHT_D1_60	148	4952	403.0	266.0	384.0	687.0
Acquire-EHT_D1_60	149	4984	403.0	266.0	384.0	687.0
Acquire-EHT_D1_60	150	5015	403.0	266.0	384.0	687.0
Acquire-EHT_D1_60	151	5046	403.0	265.0	384.0	687.0
Acquire-EHT_D1_60	152	5077	403.0	265.0	384.0	688.0
Acquire-EHT_D1_60	153	5109	403.0	264.0	384.0	689.0
Acquire-EHT_D1_60	154	5140	403.0	263.0	384.0	689.0
Acquire-EHT_D1_60	155	5171	403.0	263.0	384.0	689.0
Acquire-EHT_D1_60	156	5218	403.0	263.0	384.0	689.0
Acquire-EHT_D1_60	157	5249	403.0	263.0	384.0	690.0
Acquire-EHT_D1_60	158	5281	403.0	263.0	385.0	689.0
Acquire-EHT_D1_60	159	5312	403.0	263.0	384.0	689.0
Acquire-EHT_D1_60	160	5343	403.0	263.0	385.0	689.0
Acquire-EHT_D1_60	161	5374	403.0	264.0	385.0	688.0
Acquire-EHT_D1_60	162	5406	403.0	265.0	384.0	688.0
Acquire-EHT_D1_60	163	5452	403.0	265.0	384.0	687.0
Acquire-EHT_D1_60	164	5484	403.0	266.0	384.0	687.0
Acquire-EHT_D1_60	165	5515	403.0	266.0	384.0	687.0
Acquire-EHT_D1_60	166	5546	403.0	266.0	384.0	687.0
Acquire-EHT_D1_60	167	5577	403.0	266.0	384.0	687.0
Acquire-EHT_D1_60	168	5609	403.0	266.0	384.0	687.0
Acquire-EHT_D1_60	169	5640	403.0	266.0	384.0	687.0
Acquire-EHT_D1_60	170	5671	403.0	266.0	384.0	687.0
Acquire-EHT_D1_60	171	5718	403.0	265.0	384.0	687.0
Acquire-EHT_D1_60	172	5749	403.0	265.0	384.0	688.0
Acquire-EHT_D1_60	173	5780	403.0	264.0	384.0	689.0
Acquire-EHT_D1_60	174	5812	403.0	264.0	384.0	689.0
Acquire-EHT_D1_60	175	5843	403.0	264.0	384.0	689.0
Acquire-EHT_D1_60	176	5874	403.0	263.0	385.0	689.0
Acquire-EHT_D1_60	177	5905	403.0	263.0	384.0	689.0
Acquire-EHT_D1_60	178	5952	403.0	263.0	384.0	690.0
Acquire-EHT_D1_60	179	5984	403.0	263.0	384.0	689.0
Acquire-EHT_D1_60	180	6015	403.0	263.0	384.0	689.0
Acquire-EHT_D1_60	181	6046	403.0	264.0	384.0	689.0
Acquire-EHT_D1_60	182	6077	403.0	265.0	384.0	688.0
Acquire-EHT_D1_60	183	6109	403.0	266.0	384.0	687.0
Acquire-EHT_D1_60	184	6140	403.0	266.0	384.0	687.0
Acquire-EHT_D1_60	185	6171	403.0	266.0	384.0	687.0
Acquire-EHT_D1_60	186	6218	403.0	266.0	384.0	687.0
Acquire-EHT_D1_60	187	6249	403.0	266.0	384.0	687.0
Acquire-EHT_D1_60	188	6280	403.0	266.0	384.0	687.0
Acquire-EHT_D1_60	189	6312	403.0	266.0	384.0	687.0
Acquire-EHT_D1_60	190	6343	403.0	266.0	384.0	687.0
Acquire-EHT_D1_60	191	6374	403.0	265.0	384.0	687.0
Acquire-EHT_D1_60	192	6405	403.0	265.0	384.0	688.0
Acquire-EHT_D1_60	193	6452	403.0	264.0	384.0	689.0
Acquire-EHT_D1_60	194	6484	403.0	263.0	384.0	689.0
Acquire-EHT_D1_60	195	6515	403.0	263.0	384.0	689.0
Acquire-EHT_D1_60	196	6546	403.0	264.0	384.0	690.0
Acquire-EHT_D1_60	197	6577	403.0	263.0	384.0	689.0
Acquire-EHT_D1_60	198	6609	403.0	263.0	384.0	690.0
Acquire-EHT_D1_60	199	6640	403.0	263.0	384.0	689.0
Acquire-EHT_D1_60	200	6671	403.0	263.0	384.0	690.0
Acquire-EHT_D1_60	201	6718	403.0	263.0	384.0	689.0
Acquire-EHT_D1_60	202	6749	403.0	265.0	384.0	688.0
Acquire-EHT_D1_60	203	6780	403.0	266.0	384.0	687.0
Acquire-EHT_D1_60	204	6812	403.0	266.0	384.0	687.0
Acquire-EHT_D1_60	205	6843	403.0	266.0	384.0	687.0
Acquire-EHT_D1_60	206	6874	403.0	266.0	384.0	687.0
Acquire-EHT_D1_60	207	6905	403.0	266.0	384.0	687.0
Acquire-EHT_D1_60	208	6952	403.0	266.0	384.0	686.0
Acquire-EHT_D1_60	209	6984	403.0	266.0	384.0	687.0
Acquire-EHT_D1_60	210	7015	403.0	266.0	384.0	687.0
Acquire-EHT_D1_60	211	7046	403.0	266.0	384.0	687.0
Acquire-EHT_D1_60	212	7077	403.0	265.0	384.0	688.0
Acquire-EHT_D1_60	213	7109	403.0	264.0	384.0	688.0
Acquire-EHT_D1_60	214	7140	403.0	264.0	384.0	689.0
Acquire-EHT_D1_60	215	7171	403.0	263.0	384.0	689.0
Acquire-EHT_D1_60	216	7218	403.0	263.0	384.0	689.0
Acquire-EHT_D1_60	217	7249	403.0	263.0	384.0	689.0
Acquire-EHT_D1_60	218	7280	403.0	263.0	384.0	689.0
Acquire-EHT_D1_60	219	7312	403.0	263.0	384.0	689.0
Acquire-EHT_D1_60	220	7343	403.0	263.0	385.0	689.0
Acquire-EHT_D1_60	221	7374	403.0	264.0	384.0	689.0
Acquire-EHT_D1_60	222	7405	403.0	264.0	384.0	688.0
Acquire-EHT_D1_60	223	7452	403.0	265.0	384.0	687.0
Acquire-EHT_D1_60	224	7483	403.0	266.0	384.0	687.0
Acquire-EHT_D1_60	225	7515	403.0	266.0	384.0	687.0
Acquire-EHT_D1_60	226	7546	403.0	266.0	384.0	687.0
Acquire-EHT_D1_60	227	7577	403.0	266.0	384.0	687.0
Acquire-EHT_D1_60	228	7608	403.0	266.0	384.0	687.0
Acquire-EHT_D1_60	229	7640	403.0	266.0	384.0	687.0
Acquire-EHT_D1_60	230	7671	403.0	266.0	384.0	687.0
Acquire-EHT_D1_60	231	7718	403.0	265.0	384.0	687.0
Acquire-EHT_D1_60	232	7749	403.0	265.0	384.0	688.0
Acquire-EHT_D1_60	233	7780	403.0	264.0	384.0	688.0
Acquire-EHT_D1_60	234	7812	403.0	264.0	384.0	689.0
Acquire-EHT_D1_60	235	7843	403.0	263.0	384.0	689.0
Acquire-EHT_D1_60	236	7874	403.0	263.0	384.0	689.0
Acquire-EHT_D1_60	237	7905	403.0	263.0	384.0	689.0
Acquire-EHT_D1_60	238	7952	403.0	263.0	384.0	690.0
Acquire-EHT_D1_60	239	7983	403.0	263.0	384.0	689.0
Acquire-EHT_D1_60	240	8015	403.0	263.0	384.0	689.0
Acquire-EHT_D1_60	241	8046	403.0	263.0	384.0	689.0
Acquire-EHT_D1_60	242	8077	403.0	264.0	384.0	689.0
Acquire-EHT_D1_60	243	8108	403.0	265.0	384.0	688.0
Acquire-EHT_D1_60	244	8140	403.0	266.0	384.0	687.0
Acquire-EHT_D1_60	245	8171	403.0	266.0	384.0	687.0
Acquire-EHT_D1_60	246	8218	403.0	266.0	384.0	687.0
Acquire-EHT_D1_60	247	8249	403.0	266.0	384.0	687.0
Acquire-EHT_D1_60	248	8280	403.0	266.0	384.0	687.0
Acquire-EHT_D1_60	249	8312	403.0	266.0	384.0	687.0
Acquire-EHT_D1_60	250	8343	403.0	266.0	384.0	687.0
Acquire-EHT_D1_60	251	8374	403.0	266.0	384.0	687.0
Acquire-EHT_D1_60	252	8405	403.0	265.0	384.0	688.0
Acquire-EHT_D1_60	253	8452	403.0	264.0	384.0	688.0
Acquire-EHT_D1_60	254	8483	403.0	264.0	384.0	688.0
Acquire-EHT_D1_60	255	8515	403.0	263.0	384.0	689.0
Acquire-EHT_D1_60	256	8546	403.0	263.0	384.0	689.0
Acquire-EHT_D1_60	257	8577	403.0	263.0	384.0	689.0
Acquire-EHT_D1_60	258	8608	403.0	263.0	384.0	690.0
Acquire-EHT_D1_60	259	8640	403.0	263.0	384.0	689.0
Acquire-EHT_D1_60	260	8671	403.0	263.0	384.0	689.0
Acquire-EHT_D1_60	261	8718	403.0	263.0	384.0	690.0
Acquire-EHT_D1_60	262	8749	403.0	263.0	384.0	689.0
Acquire-EHT_D1_60	263	8780	403.0	265.0	384.0	688.0
Acquire-EHT_D1_60	264	8812	403.0	265.0	384.0	687.0
Acquire-EHT_D1_60	265	8843	403.0	266.0	384.0	687.0
Acquire-EHT_D1_60	266	8874	403.0	266.0	384.0	687.0
Acquire-EHT_D1_60	267	8905	403.0	266.0	384.0	687.0
Acquire-EHT_D1_60	268	8952	403.0	266.0	384.0	687.0
Acquire-EHT_D1_60	269	8983	403.0	266.0	384.0	687.0
Acquire-EHT_D1_60	270	9015	403.0	266.0	384.0	687.0
Acquire-EHT_D1_60	271	9046	403.0	266.0	384.0	687.0
Acquire-EHT_D1_60	272	9077	403.0	266.0	384.0	687.0
Acquire-EHT_D1_60	273	9108	403.0	265.0	384.0	688.0
Acquire-EHT_D1_60	274	9140	403.0	264.0	384.0	688.0
Acquire-EHT_D1_60	275	9171	403.0	264.0	384.0	689.0
Acquire-EHT_D1_60	276	9218	403.0	263.0	384.0	689.0
Acquire-EHT_D1_60	277	9249	403.0	263.0	384.0	689.0
Acquire-EHT_D1_60	278	9280	403.0	263.0	384.0	689.0
Acquire-EHT_D1_60	279	9311	403.0	263.0	384.0	689.0
Acquire-EHT_D1_60	280	9343	403.0	263.0	384.0	689.0
Acquire-EHT_D1_60	281	9374	403.0	263.0	384.0	690.0
Acquire-EHT_D1_60	282	9405	403.0	263.0	384.0	689.0
Acquire-EHT_D1_60	283	9452	403.0	264.0	384.0	689.0
Acquire-EHT_D1_60	284	9483	403.0	265.0	384.0	688.0
Acquire-EHT_D1_60	285	9515	403.0	266.0	384.0	687.0
Acquire-EHT_D1_60	286	9546	403.0	266.0	384.0	687.0
Acquire-EHT_D1_60	287	9577	403.0	266.0	384.0	687.0
Acquire-EHT_D1_60	288	9608	403.0	266.0	384.0	687.0
Acquire-EHT_D1_60	289	9640	403.0	266.0	384.0	687.0
Acquire-EHT_D1_60	290	9671	403.0	266.0	384.0	687.0
Acquire-EHT_D1_60	291	9718	403.0	266.0	384.0	687.0
Acquire-EHT_D1_60	292	9749	403.0	266.0	384.0	687.0
Acquire-EHT_D1_60	293	9780	403.0	265.0	384.0	687.0
Acquire-EHT_D1_60	294	9811	403.0	265.0	384.0	688.0
Acquire-EHT_D1_60	295	9843	403.0	264.0	384.0	689.0
Acquire-EHT_D1_60	296	9874	403.0	263.0	384.0	689.0
Acquire-EHT_D1_60	297	9905	403.0	263.0	384.0	689.0
Acquire-EHT_D1_60	298	9952	403.0	263.0	384.0	689.0
Acquire-EHT_D1_60	299	9983	403.0	263.0	385.0	689.0
Acquire-EHT_D1_60	300	10015	403.0	263.0	385.0	689.0
Acquire-EHT_D1_60	301	10046	403.0	263.0	384.0	689.0
Acquire-EHT_D1_60	302	10077	403.0	263.0	384.0	689.0
Acquire-EHT_D1_60	303	10108	403.0	264.0	384.0	689.0
Acquire-EHT_D1_60	304	10140	403.0	265.0	384.0	688.0
Acquire-EHT_D1_60	305	10171	403.0	265.0	384.0	687.0
Acquire-EHT_D1_60	306	10218	403.0	266.0	384.0	687.0
Acquire-EHT_D1_60	307	10249	403.0	266.0	384.0	687.0
Acquire-EHT_D1_60	308	10280	403.0	266.0	384.0	687.0
Acquire-EHT_D1_60	309	10311	403.0	266.0	384.0	687.0
Acquire-EHT_D1_60	310	10343	403.0	266.0	384.0	687.0
Acquire-EHT_D1_60	311	10374	403.0	266.0	384.0	687.0
Acquire-EHT_D1_60	312	10405	403.0	266.0	384.0	687.0
Acquire-EHT_D1_60	313	10452	403.0	265.0	384.0	687.0
Acquire-EHT_D1_60	314	10483	403.0	265.0	384.0	688.0
Acquire-EHT_D1_60	315	10515	403.0	264.0	384.0	688.0
Acquire-EHT_D1_60	316	10546	403.0	264.0	384.0	689.0
Acquire-EHT_D1_60	317	10577	403.0	263.0	384.0	689.0
Acquire-EHT_D1_60	318	10608	403.0	263.0	384.0	689.0
Acquire-EHT_D1_60	319	10640	403.0	263.0	384.0	689.0
Acquire-EHT_D1_60	320	10671	403.0	263.0	384.0	689.0
Acquire-EHT_D1_60	321	10718	403.0	263.0	384.0	690.0
Acquire-EHT_D1_60	322	10749	403.0	263.0	384.0	689.0
Acquire-EHT_D1_60	323	10780	403.0	263.0	384.0	689.0
Acquire-EHT_D1_60	324	10811	403.0	264.0	384.0	689.0
Acquire-EHT_D1_60	325	10843	403.0	265.0	384.0	688.0
Acquire-EHT_D1_60	326	10874	403.0	266.0	384.0	687.0
Acquire-EHT_D1_60	327	10905	403.0	266.0	384.0	687.0
Acquire-EHT_D1_60	328	10952	403.0	266.0	384.0	687.0
Acquire-EHT_D1_60	329	10983	403.0	266.0	384.0	687.0
Acquire-EHT_D1_60	330	11015	403.0	266.0	384.0	687.0
Acquire-EHT_D1_60	331	11046	403.0	266.0	384.0	687.0
Acquire-EHT_D1_60	332	11077	403.0	266.0	384.0	687.0
Acquire-EHT_D1_60	333	11108	403.0	266.0	384.0	687.0
Acquire-EHT_D1_60	334	11139	403.0	265.0	384.0	688.0
Acquire-EHT_D1_60	335	11171	403.0	264.0	384.0	688.0
Acquire-EHT_D1_60	336	11218	403.0	264.0	384.0	689.0
Acquire-EHT_D1_60	337	11249	403.0	264.0	384.0	689.0
Acquire-EHT_D1_60	338	11280	403.0	263.0	384.0	689.0
Acquire-EHT_D1_60	339	11311	403.0	263.0	384.0	689.0
Acquire-EHT_D1_60	340	11343	403.0	263.0	385.0	689.0
Acquire-EHT_D1_60	341	11374	403.0	263.0	384.0	690.0
Acquire-EHT_D1_60	342	11405	403.0	263.0	384.0	689.0
Acquire-EHT_D1_60	343	11452	403.0	263.0	384.0	689.0
Acquire-EHT_D1_60	344	11483	403.0	264.0	384.0	689.0
Acquire-EHT_D1_60	345	11514	403.0	264.0	384.0	688.0
Acquire-EHT_D1_60	346	11546	403.0	265.0	384.0	687.0
Acquire-EHT_D1_60	347	11577	403.0	266.0	384.0	687.0
Acquire-EHT_D1_60	348	11608	403.0	266.0	384.0	687.0
Acquire-EHT_D1_60	349	11639	403.0	266.0	384.0	687.0
Acquire-EHT_D1_60	350	11671	403.0	266.0	384.0	687.0
Acquire-EHT_D1_60	351	11718	403.0	266.0	384.0	687.0
Acquire-EHT_D1_60	352	11749	403.0	266.0	384.0	687.0
Acquire-EHT_D1_60	353	11780	403.0	266.0	384.0	687.0
Acquire-EHT_D1_60	354	11811	403.0	265.0	384.0	687.0
Acquire-EHT_D1_60	355	11843	403.0	265.0	384.0	688.0
Acquire-EHT_D1_60	356	11874	403.0	264.0	384.0	688.0
Acquire-EHT_D1_60	357	11905	403.0	264.0	385.0	689.0
Acquire-EHT_D1_60	358	11952	403.0	263.0	384.0	689.0
Acquire-EHT_D1_60	359	11983	403.0	263.0	384.0	689.0
Acquire-EHT_D1_60	360	12014	403.0	263.0	385.0	689.0
Acquire-EHT_D1_60	361	12046	403.0	263.0	385.0	689.0
Acquire-EHT_D1_60	362	12077	403.0	263.0	384.0	690.0
Acquire-EHT_D1_60	363	12108	403.0	263.0	384.0	689.0
Acquire-EHT_D1_60	364	12139	403.0	263.0	385.0	689.0
Acquire-EHT_D1_60	365	12171	403.0	264.0	384.0	689.0
Acquire-EHT_D1_60	366	12218	403.0	265.0	384.0	688.0
Acquire-EHT_D1_60	367	12249	403.0	265.0	384.0	687.0
Acquire-EHT_D1_60	368	12280	403.0	266.0	384.0	687.0
Acquire-EHT_D1_60	369	12311	403.0	266.0	384.0	687.0
Acquire-EHT_D1_60	370	12343	403.0	266.0	384.0	687.0
Acquire-EHT_D1_60	371	12374	403.0	266.0	384.0	686.0
Acquire-EHT_D1_60	372	12405	403.0	266.0	384.0	687.0
Acquire-EHT_D1_60	373	12452	403.0	266.0	384.0	687.0
Acquire-EHT_D1_60	374	12483	403.0	266.0	384.0	687.0
Acquire-EHT_D1_60	375	12514	403.0	265.0	384.0	687.0
Acquire-EHT_D1_60	376	12546	403.0	265.0	384.0	688.0
Acquire-EHT_D1_60	377	12577	403.0	264.0	384.0	689.0
Acquire-EHT_D1_60	378	12608	403.0	263.0	384.0	689.0
Acquire-EHT_D1_60	379	12639	403.0	263.0	384.0	689.0
Acquire-EHT_D1_60	380	12671	403.0	263.0	384.0	689.0
Acquire-EHT_D1_60	381	12718	403.0	263.0	384.0	690.0
Acquire-EHT_D1_60	382	12749	403.0	263.0	384.0	690.0
Acquire-EHT_D1_60	383	12780	403.0	263.0	384.0	689.0
Acquire-EHT_D1_60	384	12811	403.0	263.0	384.0	690.0
Acquire-EHT_D1_60	385	12843	403.0	263.0	384.0	690.0
Acquire-EHT_D1_60	386	12874	403.0	264.0	384.0	689.0
Acquire-EHT_D1_60	387	12905	403.0	265.0	384.0	688.0
Acquire-EHT_D1_60	388	12952	403.0	265.0	384.0	687.0
Acquire-EHT_D1_60	389	12983	403.0	266.0	384.0	687.0
Acquire-EHT_D1_60	390	13014	403.0	266.0	384.0	687.0
Acquire-EHT_D1_60	391	13046	403.0	266.0	384.0	687.0
Acquire-EHT_D1_60	392	13077	403.0	266.0	384.0	687.0
Acquire-EHT_D1_60	393	13108	403.0	266.0	384.0	687.0
Acquire-EHT_D1_60	394	13139	403.0	266.0	384.0	687.0
Acquire-EHT_D1_60	395	13171	403.0	266.0	384.0	687.0
Acquire-EHT_D1_60	396	13217	403.0	265.0	384.0	687.0
Acquire-EHT_D1_60	397	13249	403.0	265.0	384.0	688.0
Acquire-EHT_D1_60	398	13280	403.0	264.0	384.0	688.0
Acquire-EHT_D1_60	399	13311	403.0	264.0	384.0	689.0
Acquire-EHT_D1_60	400	13342	403.0	263.0	384.0	689.0
Acquire-EHT_D1_60	401	13374	403.0	263.0	384.0	689.0
Acquire-EHT_D1_60	402	13405	403.0	264.0	384.0	690.0
Acquire-EHT_D1_60	403	13452	403.0	263.0	384.0	689.0
Acquire-EHT_D1_60	404	13483	403.0	263.0	384.0	690.0
Acquire-EHT_D1_60	405	13514	403.0	263.0	385.0	689.0
Acquire-EHT_D1_60	406	13546	403.0	263.0	384.0	690.0
Acquire-EHT_D1_60	407	13577	403.0	263.0	384.0	689.0
Acquire-EHT_D1_60	408	13608	403.0	265.0	384.0	688.0
Acquire-EHT_D1_60	409	13639	403.0	265.0	384.0	687.0
Acquire-EHT_D1_60	410	13671	403.0	266.0	384.0	687.0
Acquire-EHT_D1_60	411	13717	403.0	266.0	384.0	687.0
Acquire-EHT_D1_60	412	13749	403.0	266.0	384.0	687.0
Acquire-EHT_D1_60	413	13780	403.0	266.0	384.0	687.0
Acquire-EHT_D1_60	414	13811	403.0	266.0	384.0	687.0
Acquire-EHT_D1_60	415	13842	403.0	266.0	384.0	687.0
Acquire-EHT_D1_60	416	13874	403.0	266.0	384.0	687.0
Acquire-EHT_D1_60	417	13905	403.0	265.0	384.0	687.0
Acquire-EHT_D1_60	418	13952	403.0	265.0	384.0	688.0
Acquire-EHT_D1_60	419	13983	403.0	264.0	384.0	688.0
Acquire-EHT_D1_60	420	14014	403.0	264.0	384.0	689.0
Acquire-EHT_D1_60	421	14046	403.0	263.0	384.0	689.0
Acquire-EHT_D1_60	422	14077	403.0	263.0	385.0	689.0
Acquire-EHT_D1_60	423	14108	403.0	263.0	384.0	689.0
Acquire-EHT_D1_60	424	14139	403.0	263.0	385.0	689.0
Acquire-EHT_D1_60	425	14171	403.0	263.0	385.0	689.0
Acquire-EHT_D1_60	426	14217	403.0	263.0	385.0	689.0
Acquire-EHT_D1_60	427	14249	403.0	263.0	384.0	689.0
Acquire-EHT_D1_60	428	14280	403.0	263.0	384.0	689.0
Acquire-EHT_D1_60	429	14311	403.0	265.0	384.0	688.0
Acquire-EHT_D1_60	430	14342	403.0	265.0	384.0	687.0
Acquire-EHT_D1_60	431	14374	403.0	266.0	384.0	687.0
Acquire-EHT_D1_60	432	14405	403.0	266.0	384.0	686.0
Acquire-EHT_D1_60	433	14452	403.0	266.0	384.0	687.0
Acquire-EHT_D1_60	434	14483	403.0	266.0	384.0	687.0
Acquire-EHT_D1_60	435	14514	403.0	266.0	384.0	687.0
Acquire-EHT_D1_60	436	14546	403.0	266.0	384.0	687.0
Acquire-EHT_D1_60	437	14577	403.0	266.0	384.0	687.0
Acquire-EHT_D1_60	438	14608	403.0	265.0	384.0	687.0
Acquire-EHT_D1_60	439	14639	403.0	265.0	384.0	688.0
Acquire-EHT_D1_60	440	14671	403.0	264.0	384.0	689.0
Acquire-EHT_D1_60	441	14717	403.0	264.0	384.0	689.0
Acquire-EHT_D1_60	442	14749	403.0	263.0	384.0	689.0
Acquire-EHT_D1_60	443	14780	403.0	263.0	384.0	689.0
Acquire-EHT_D1_60	444	14811	403.0	263.0	384.0	689.0
Acquire-EHT_D1_60	445	14842	403.0	263.0	384.0	689.0
Acquire-EHT_D1_60	446	14874	403.0	263.0	384.0	690.0
Acquire-EHT_D1_60	447	14905	403.0	263.0	384.0	690.0
Acquire-EHT_D1_60	448	14952	403.0	263.0	384.0	689.0
Acquire-EHT_D1_60	449	14983	403.0	264.0	384.0	689.0
Acquire-EHT_D1_60	450	15014	403.0	265.0	384.0	688.0
Acquire-EHT_D1_60	451	15045	403.0	266.0	384.0	687.0
Acquire-EHT_D1_60	452	15077	403.0	266.0	384.0	687.0
Acquire-EHT_D1_60	453	15108	403.0	266.0	384.0	687.0
Acquire-EHT_D1_60	454	15139	403.0	266.0	384.0	686.0
Acquire-EHT_D1_60	455	15170	403.0	266.0	384.0	687.0
Acquire-EHT_D1_60	456	15217	403.0	266.0	384.0	687.0
Acquire-EHT_D1_60	457	15249	403.0	266.0	384.0	687.0
Acquire-EHT_D1_60	458	15280	403.0	266.0	384.0	687.0
Acquire-EHT_D1_60	459	15311	403.0	265.0	384.0	687.0
Acquire-EHT_D1_60	460	15342	403.0	265.0	384.0	688.0
Acquire-EHT_D1_60	461	15374	403.0	264.0	384.0	688.0
Acquire-EHT_D1_60	462	15405	403.0	264.0	384.0	689.0
Acquire-EHT_D1_60	463	15452	403.0	263.0	384.0	689.0
Acquire-EHT_D1_60	464	15483	403.0	263.0	384.0	689.0
Acquire-EHT_D1_60	465	15514	403.0	263.0	384.0	690.0
Acquire-EHT_D1_60	466	15545	403.0	263.0	384.0	689.0
Acquire-EHT_D1_60	467	15577	403.0	263.0	384.0	690.0
Acquire-EHT_D1_60	468	15608	403.0	263.0	384.0	690.0
Acquire-EHT_D1_60	469	15639	403.0	263.0	384.0	689.0
Acquire-EHT_D1_60	470	15670	403.0	264.0	384.0	689.0
Acquire-EHT_D1_60	471	15717	403.0	265.0	384.0	688.0
Acquire-EHT_D1_60	472	15749	403.0	266.0	384.0	687.0
Acquire-EHT_D1_60	473	15780	403.0	266.0	384.0	687.0
Acquire-EHT_D1_60	474	15811	403.0	266.0	384.0	687.0
Acquire-EHT_D1_60	475	15842	403.0	266.0	384.0	687.0
Acquire-EHT_D1_60	476	15874	403.0	266.0	384.0	687.0
Acquire-EHT_D1_60	477	15905	403.0	266.0	384.0	687.0
Acquire-EHT_D1_60	478	15952	403.0	266.0	384.0	687.0
Acquire-EHT_D1_60	479	15983	403.0	264.0	384.0	689.0
Acquire-EHT_D1_60	480	16139	403.0	263.0	385.0	689.0
Acquire-EHT_D1_60	481	16280	403.0	263.0	385.0	689.0
Acquire-EHT_D1_60	482	16311	403.0	263.0	384.0	690.0
Acquire-EHT_D1_60	483	16342	403.0	263.0	384.0	689.0
Acquire-EHT_D1_60	484	16374	403.0	264.0	384.0	689.0
Acquire-EHT_D1_60	485	16405	403.0	265.0	384.0	688.0
Acquire-EHT_D1_60	486	16452	403.0	265.0	384.0	687.0
Acquire-EHT_D1_60	487	16483	403.0	266.0	384.0	687.0
Acquire-EHT_D1_60	488	16514	403.0	266.0	384.0	687.0
Acquire-EHT_D1_60	489	16545	403.0	266.0	384.0	687.0
Acquire-EHT_D1_60	490	16577	403.0	266.0	384.0	687.0
Acquire-EHT_D1_60	491	16608	403.0	266.0	384.0	687.0
Acquire-EHT_D1_60	492	16639	403.0	266.0	384.0	687.0
Acquire-EHT_D1_60	493	16670	403.0	266.0	384.0	687.0
Acquire-EHT_D1_60	494	16717	403.0	265.0	384.0	687.0
Acquire-EHT_D1_60	495	16748	403.0	265.0	384.0	688.0
Acquire-EHT_D1_60	496	16780	403.0	264.0	384.0	688.0
Acquire-EHT_D1_60	497	16811	403.0	263.0	384.0	689.0
Acquire-EHT_D1_60	498	16842	403.0	264.0	384.0	689.0
Acquire-EHT_D1_60	499	16873	403.0	263.0	384.0	689.0
Acquire-EHT_D1_60	500	16905	403.0	263.0	384.0	690.0
Acquire-EHT_D1_60	501	16952	403.0	263.0	384.0	690.0
Acquire-EHT_D1_60	502	16983	403.0	263.0	384.0	690.0
Acquire-EHT_D1_60	503	17014	403.0	263.0	385.0	689.0
Acquire-EHT_D1_60	504	17045	403.0	263.0	384.0	689.0
Acquire-EHT_D1_60	505	17077	403.0	264.0	384.0	689.0
Acquire-EHT_D1_60	506	17108	403.0	265.0	384.0	688.0
Acquire-EHT_D1_60	507	17139	403.0	266.0	384.0	687.0
Acquire-EHT_D1_60	508	17170	403.0	266.0	384.0	687.0
Acquire-EHT_D1_60	509	17217	403.0	266.0	384.0	687.0
Acquire-EHT_D1_60	510	17248	403.0	266.0	384.0	686.0
Acquire-EHT_D1_60	511	17280	403.0	266.0	384.0	687.0
Acquire-EHT_D1_60	512	17311	403.0	266.0	384.0	687.0
Acquire-EHT_D1_60	513	17342	403.0	266.0	384.0	687.0
Acquire-EHT_D1_60	514	17373	403.0	266.0	384.0	687.0
Acquire-EHT_D1_60	515	17405	403.0	265.0	384.0	687.0
Acquire-EHT_D1_60	516	17452	403.0	264.0	384.0	688.0
Acquire-EHT_D1_60	517	17483	403.0	264.0	384.0	689.0
Acquire-EHT_D1_60	518	17514	403.0	263.0	384.0	689.0
Acquire-EHT_D1_60	519	17545	403.0	263.0	384.0	689.0
Acquire-EHT_D1_60	520	17577	403.0	263.0	384.0	689.0
Acquire-EHT_D1_60	521	17608	403.0	263.0	384.0	689.0
Acquire-EHT_D1_60	522	17639	403.0	263.0	384.0	689.0
Acquire-EHT_D1_60	523	17670	403.0	263.0	384.0	690.0
Acquire-EHT_D1_60	524	17717	403.0	263.0	384.0	690.0
Acquire-EHT_D1_60	525	17748	403.0	264.0	384.0	689.0
Acquire-EHT_D1_60	526	17780	403.0	264.0	384.0	688.0
Acquire-EHT_D1_60	527	17811	403.0	265.0	384.0	688.0
Acquire-EHT_D1_60	528	17842	403.0	266.0	384.0	687.0
Acquire-EHT_D1_60	529	17873	403.0	266.0	384.0	687.0
Acquire-EHT_D1_60	530	17905	403.0	266.0	384.0	686.0
Acquire-EHT_D1_60	531	17952	403.0	266.0	384.0	687.0
Acquire-EHT_D1_60	532	17983	403.0	266.0	384.0	687.0
Acquire-EHT_D1_60	533	18014	403.0	266.0	384.0	687.0
Acquire-EHT_D1_60	534	18045	403.0	266.0	384.0	687.0
Acquire-EHT_D1_60	535	18077	403.0	265.0	384.0	687.0
Acquire-EHT_D1_60	536	18108	403.0	265.0	384.0	688.0
Acquire-EHT_D1_60	537	18139	403.0	264.0	384.0	688.0
Acquire-EHT_D1_60	538	18170	403.0	263.0	384.0	689.0
Acquire-EHT_D1_60	539	18217	403.0	264.0	385.0	689.0
Acquire-EHT_D1_60	540	18248	403.0	263.0	384.0	689.0
Acquire-EHT_D1_60	541	18280	403.0	263.0	384.0	689.0
Acquire-EHT_D1_60	542	18311	403.0	263.0	384.0	689.0
Acquire-EHT_D1_60	543	18342	403.0	263.0	384.0	689.0
Acquire-EHT_D1_60	544	18373	403.0	263.0	384.0	690.0
Acquire-EHT_D1_60	545	18405	403.0	263.0	384.0	689.0
Acquire-EHT_D1_60	546	18451	403.0	263.0	384.0	689.0
Acquire-EHT_D1_60	547	18483	403.0	265.0	384.0	688.0
Acquire-EHT_D1_60	548	18514	403.0	265.0	384.0	687.0
Acquire-EHT_D1_60	549	18545	403.0	266.0	384.0	687.0
Acquire-EHT_D1_60	550	18576	403.0	266.0	384.0	687.0
Acquire-EHT_D1_60	551	18608	403.0	266.0	384.0	687.0
Acquire-EHT_D1_60	552	18639	403.0	266.0	384.0	686.0
Acquire-EHT_D1_60	553	18670	403.0	266.0	384.0	687.0
Acquire-EHT_D1_60	554	18717	403.0	266.0	384.0	687.0
Acquire-EHT_D1_60	555	18748	403.0	266.0	384.0	687.0
Acquire-EHT_D1_60	556	18780	403.0	266.0	384.0	687.0
Acquire-EHT_D1_60	557	18811	403.0	265.0	384.0	688.0
Acquire-EHT_D1_60	558	18842	403.0	264.0	384.0	688.0
Acquire-EHT_D1_60	559	18873	403.0	264.0	384.0	689.0
Acquire-EHT_D1_60	560	18905	403.0	263.0	384.0	689.0
Acquire-EHT_D1_60	561	18951	403.0	263.0	384.0	689.0
Acquire-EHT_D1_60	562	18983	403.0	263.0	384.0	689.0
Acquire-EHT_D1_60	563	19014	403.0	263.0	384.0	689.0
Acquire-EHT_D1_60	564	19045	403.0	263.0	384.0	689.0
Acquire-EHT_D1_60	565	19076	403.0	263.0	384.0	690.0
Acquire-EHT_D1_60	566	19108	403.0	263.0	384.0	689.0
Acquire-EHT_D1_60	567	19139	403.0	264.0	384.0	689.0
Acquire-EHT_D1_60	568	19170	403.0	264.0	384.0	688.0
Acquire-EHT_D1_60	569	19217	403.0	266.0	384.0	688.0
Acquire-EHT_D1_60	570	19248	403.0	266.0	384.0	687.0
Acquire-EHT_D1_60	571	19280	403.0	266.0	384.0	687.0
Acquire-EHT_D1_60	572	19311	403.0	266.0	384.0	687.0
Acquire-EHT_D1_60	573	19342	403.0	266.0	384.0	687.0
Acquire-EHT_D1_60	574	19373	403.0	266.0	384.0	687.0
Acquire-EHT_D1_60	575	19405	403.0	266.0	384.0	687.0
Acquire-EHT_D1_60	576	19451	403.0	266.0	384.0	687.0
Acquire-EHT_D1_60	577	19483	403.0	265.0	384.0	687.0
Acquire-EHT_D1_60	578	19514	403.0	265.0	384.0	688.0
Acquire-EHT_D1_60	579	19545	403.0	264.0	384.0	689.0
Acquire-EHT_D1_60	580	19576	403.0	264.0	384.0	689.0
Acquire-EHT_D1_60	581	19608	403.0	263.0	384.0	689.0
Acquire-EHT_D1_60	582	19639	403.0	263.0	384.0	689.0
Acquire-EHT_D1_60	583	19670	403.0	263.0	384.0	690.0
Acquire-EHT_D1_60	584	19717	403.0	263.0	384.0	690.0
Acquire-EHT_D1_60	585	19748	403.0	263.0	384.0	690.0
Acquire-EHT_D1_60	586	19780	403.0	263.0	384.0	690.0
Acquire-EHT_D1_60	587	19811	403.0	263.0	384.0	689.0
Acquire-EHT_D1_60	588	19842	403.0	264.0	384.0	689.0
Acquire-EHT_D1_60	589	19873	403.0	265.0	384.0	688.0
Acquire-EHT_D1_60	590	19905	403.0	265.0	384.0	687.0
Acquire-EHT_D1_60	591	19951	403.0	266.0	384.0	687.0
Acquire-EHT_D1_60	592	19983	403.0	266.0	384.0	687.0
Acquire-EHT_D1_60	593	20014	403.0	266.0	384.0	686.0
Acquire-EHT_D1_60	594	20045	403.0	266.0	384.0	687.0
Acquire-EHT_D1_60	595	20076	403.0	266.0	384.0	687.0
Acquire-EHT_D1_60	596	20108	403.0	266.0	384.0	687.0
Acquire-EHT_D1_60	597	20139	403.0	266.0	384.0	687.0
Acquire-EHT_D1_60	598	20170	403.0	265.0	384.0	688.0
Acquire-EHT_D1_60	599	20217	403.0	265.0	384.0	688.0
Acquire-EHT_D1_60	600	20248	403.0	264.0	384.0	689.0
Acquire-EHT_D1_60	601	20279	403.0	263.0	384.0	689.0
Acquire-EHT_D1_60	602	20311	403.0	263.0	384.0	689.0
Acquire-EHT_D1_60	603	20342	403.0	263.0	384.0	690.0
Acquire-EHT_D1_60	604	20373	403.0	263.0	384.0	690.0
Acquire-EHT_D1_60	605	20404	403.0	263.0	385.0	689.0
Acquire-EHT_D1_60	606	20451	403.0	263.0	384.0	690.0
Acquire-EHT_D1_60	607	20483	403.0	263.0	384.0	690.0
Acquire-EHT_D1_60	608	20514	403.0	263.0	384.0	689.0
Acquire-EHT_D1_60	609	20545	403.0	264.0	384.0	688.0
Acquire-EHT_D1_60	610	20576	403.0	265.0	384.0	687.0
Acquire-EHT_D1_60	611	20608	403.0	266.0	384.0	687.0
Acquire-EHT_D1_60	612	20639	403.0	266.0	384.0	687.0
Acquire-EHT_D1_60	613	20670	403.0	266.0	384.0	687.0
Acquire-EHT_D1_60	614	20717	403.0	266.0	384.0	686.0
Acquire-EHT_D1_60	615	20748	403.0	266.0	384.0	687.0
Acquire-EHT_D1_60	616	20779	403.0	266.0	384.0	687.0
Acquire-EHT_D1_60	617	20811	403.0	266.0	384.0	687.0
Acquire-EHT_D1_60	618	20842	403.0	266.0	384.0	687.0
Acquire-EHT_D1_60	619	20873	403.0	265.0	384.0	688.0
Acquire-EHT_D1_60	620	20904	403.0	264.0	384.0	688.0
Acquire-EHT_D1_60	621	20951	403.0	264.0	384.0	689.0
Acquire-EHT_D1_60	622	20983	403.0	263.0	384.0	689.0
Acquire-EHT_D1_60	623	21014	403.0	263.0	384.0	689.0
Acquire-EHT_D1_60	624	21045	403.0	263.0	384.0	689.0
Acquire-EHT_D1_60	625	21076	403.0	263.0	384.0	689.0
Acquire-EHT_D1_60	626	21108	403.0	263.0	384.0	689.0
Acquire-EHT_D1_60	627	21139	403.0	263.0	384.0	689.0
Acquire-EHT_D1_60	628	21170	403.0	263.0	384.0	690.0
Acquire-EHT_D1_60	629	21217	403.0	264.0	384.0	689.0
Acquire-EHT_D1_60	630	21248	403.0	265.0	384.0	688.0
Acquire-EHT_D1_60	631	21279	403.0	265.0	384.0	687.0
Acquire-EHT_D1_60	632	21311	403.0	266.0	384.0	687.0
Acquire-EHT_D1_60	633	21342	403.0	266.0	384.0	687.0
Acquire-EHT_D1_60	634	21373	403.0	266.0	384.0	687.0
Acquire-EHT_D1_60	635	21404	403.0	266.0	384.0	686.0
Acquire-EHT_D1_60	636	21451	403.0	266.0	384.0	687.0
Acquire-EHT_D1_60	637	21483	403.0	266.0	384.0	687.0
Acquire-EHT_D1_60	638	21514	403.0	266.0	384.0	687.0
Acquire-EHT_D1_60	639	21545	403.0	265.0	384.0	687.0
Acquire-EHT_D1_60	640	21576	403.0	265.0	384.0	688.0
Acquire-EHT_D1_60	641	21608	403.0	264.0	384.0	688.0
Acquire-EHT_D1_60	642	21639	403.0	264.0	384.0	689.0
Acquire-EHT_D1_60	643	21670	403.0	263.0	384.0	689.0
Acquire-EHT_D1_60	644	21717	403.0	264.0	384.0	689.0
Acquire-EHT_D1_60	645	21748	403.0	263.0	384.0	689.0
Acquire-EHT_D1_60	646	21779	403.0	263.0	384.0	690.0
Acquire-EHT_D1_60	647	21811	403.0	263.0	384.0	689.0
Acquire-EHT_D1_60	648	21842	403.0	263.0	384.0	690.0
Acquire-EHT_D1_60	649	21873	403.0	263.0	384.0	689.0
Acquire-EHT_D1_60	650	21904	403.0	264.0	384.0	689.0
Acquire-EHT_D1_60	651	21951	403.0	265.0	384.0	688.0
Acquire-EHT_D1_60	652	21982	403.0	265.0	384.0	687.0
Acquire-EHT_D1_60	653	22014	403.0	266.0	384.0	687.0
Acquire-EHT_D1_60	654	22045	403.0	266.0	384.0	687.0
Acquire-EHT_D1_60	655	22076	403.0	266.0	384.0	687.0
Acquire-EHT_D1_60	656	22107	403.0	266.0	384.0	687.0
Acquire-EHT_D1_60	657	22139	403.0	266.0	384.0	687.0
Acquire-EHT_D1_60	658	22170	403.0	266.0	384.0	687.0
Acquire-EHT_D1_60	659	22217	403.0	266.0	384.0	687.0
Acquire-EHT_D1_60	660	22248	403.0	265.0	384.0	687.0
Acquire-EHT_D1_60	661	22279	403.0	265.0	384.0	688.0
Acquire-EHT_D1_60	662	22311	403.0	264.0	384.0	688.0
Acquire-EHT_D1_60	663	22342	403.0	264.0	384.0	689.0
Acquire-EHT_D1_60	664	22373	403.0	264.0	384.0	689.0
Acquire-EHT_D1_60	665	22404	403.0	263.0	384.0	689.0
Acquire-EHT_D1_60	666	22451	403.0	263.0	384.0	689.0
Acquire-EHT_D1_60	667	22482	403.0	263.0	384.0	690.0
Acquire-EHT_D1_60	668	22514	403.0	263.0	384.0	689.0
Acquire-EHT_D1_60	669	22545	403.0	263.0	384.0	689.0
Acquire-EHT_D1_60	670	22576	403.0	264.0	384.0	689.0
Acquire-EHT_D1_60	671	22607	403.0	265.0	384.0	688.0
Acquire-EHT_D1_60	672	22670	403.0	266.0	384.0	687.0
Acquire-EHT_D1_60	673	22717	403.0	266.0	384.0	687.0
Acquire-EHT_D1_60	674	22748	403.0	266.0	384.0	687.0
Acquire-EHT_D1_60	675	22779	403.0	266.0	384.0	687.0
Acquire-EHT_D1_60	676	22811	403.0	266.0	384.0	687.0
Acquire-EHT_D1_60	677	22842	403.0	266.0	384.0	687.0
Acquire-EHT_D1_60	678	22873	403.0	266.0	384.0	687.0
Acquire-EHT_D1_60	679	22904	403.0	266.0	384.0	687.0
Acquire-EHT_D1_60	680	22951	403.0	265.0	384.0	688.0
Acquire-EHT_D1_60	681	22982	403.0	264.0	384.0	688.0
Acquire-EHT_D1_60	682	23014	403.0	264.0	384.0	689.0
Acquire-EHT_D1_60	683	23045	403.0	264.0	385.0	689.0
Acquire-EHT_D1_60	684	23076	403.0	263.0	384.0	689.0
Acquire-EHT_D1_60	685	23107	403.0	263.0	384.0	689.0
Acquire-EHT_D1_60	686	23139	403.0	263.0	384.0	689.0
Acquire-EHT_D1_60	687	23170	403.0	263.0	384.0	689.0
Acquire-EHT_D1_60	688	23217	403.0	263.0	384.0	689.0
Acquire-EHT_D1_60	689	23248	403.0	263.0	385.0	689.0
Acquire-EHT_D1_60	690	23279	403.0	264.0	384.0	689.0
Acquire-EHT_D1_60	691	23311	403.0	265.0	384.0	688.0
Acquire-EHT_D1_60	692	23342	403.0	265.0	384.0	687.0
Acquire-EHT_D1_60	693	23373	403.0	266.0	384.0	687.0
Acquire-EHT_D1_60	694	23404	403.0	266.0	384.0	687.0
Acquire-EHT_D1_60	695	23451	403.0	266.0	384.0	687.0
Acquire-EHT_D1_60	696	23482	403.0	266.0	384.0	687.0
Acquire-EHT_D1_60	697	23514	403.0	266.0	384.0	687.0
Acquire-EHT_D1_60	698	23545	403.0	266.0	384.0	687.0
Acquire-EHT_D1_60	699	23576	403.0	266.0	384.0	687.0
Acquire-EHT_D1_60	700	23607	403.0	266.0	384.0	687.0
Acquire-EHT_D1_60	701	23639	403.0	265.0	384.0	688.0
Acquire-EHT_D1_60	702	23670	403.0	264.0	384.0	689.0
Acquire-EHT_D1_60	703	23717	403.0	264.0	384.0	689.0
Acquire-EHT_D1_60	704	23748	403.0	263.0	384.0	689.0
Acquire-EHT_D1_60	705	23779	403.0	263.0	384.0	690.0
Acquire-EHT_D1_60	706	23811	403.0	263.0	384.0	689.0
Acquire-EHT_D1_60	707	23842	403.0	263.0	384.0	690.0
Acquire-EHT_D1_60	708	23873	403.0	263.0	384.0	689.0
Acquire-EHT_D1_60	709	23904	403.0	263.0	384.0	689.0
Acquire-EHT_D1_60	710	23951	403.0	264.0	384.0	689.0
Acquire-EHT_D1_60	711	23982	403.0	264.0	384.0	688.0
Acquire-EHT_D1_60	712	24014	403.0	265.0	384.0	688.0
Acquire-EHT_D1_60	713	24045	403.0	266.0	384.0	687.0
Acquire-EHT_D1_60	714	24076	403.0	266.0	384.0	687.0
Acquire-EHT_D1_60	715	24107	403.0	266.0	384.0	687.0
Acquire-EHT_D1_60	716	24139	403.0	266.0	384.0	687.0
Acquire-EHT_D1_60	717	24170	403.0	266.0	384.0	687.0
Acquire-EHT_D1_60	718	24217	403.0	266.0	384.0	687.0
Acquire-EHT_D1_60	719	24248	403.0	266.0	384.0	687.0
Acquire-EHT_D1_60	720	24279	403.0	266.0	384.0	687.0
Acquire-EHT_D1_60	721	24310	403.0	265.0	384.0	688.0
Acquire-EHT_D1_60	722	24342	403.0	264.0	384.0	688.0
Acquire-EHT_D1_60	723	24373	403.0	264.0	384.0	689.0
Acquire-EHT_D1_60	724	24404	403.0	264.0	384.0	689.0
Acquire-EHT_D1_60	725	24451	403.0	263.0	384.0	689.0
Acquire-EHT_D1_60	726	24482	403.0	263.0	384.0	689.0
Acquire-EHT_D1_60	727	24514	403.0	263.0	384.0	689.0
Acquire-EHT_D1_60	728	24545	403.0	263.0	384.0	690.0
Acquire-EHT_D1_60	729	24576	403.0	263.0	384.0	690.0
Acquire-EHT_D1_60	730	24607	403.0	263.0	384.0	689.0
Acquire-EHT_D1_60	731	24639	403.0	264.0	384.0	688.0
Acquire-EHT_D1_60	732	24685	403.0	265.0	384.0	688.0
Acquire-EHT_D1_60	733	24717	403.0	266.0	384.0	687.0
Acquire-EHT_D1_60	734	24748	403.0	266.0	384.0	687.0
Acquire-EHT_D1_60	735	24779	403.0	266.0	384.0	687.0
Acquire-EHT_D1_60	736	24810	403.0	266.0	384.0	687.0
Acquire-EHT_D1_60	737	24842	403.0	266.0	384.0	687.0
Acquire-EHT_D1_60	738	24873	403.0	266.0	384.0	687.0
Acquire-EHT_D1_60	739	24904	403.0	266.0	384.0	687.0
Acquire-EHT_D1_60	740	24951	403.0	266.0	384.0	687.0
Acquire-EHT_D1_60	741	24982	403.0	265.0	384.0	687.0
Acquire-EHT_D1_60	742	25014	403.0	264.0	384.0	688.0
Acquire-EHT_D1_60	743	25045	403.0	264.0	384.0	689.0
Acquire-EHT_D1_60	744	25076	403.0	263.0	384.0	689.0
Acquire-EHT_D1_60	745	25107	403.0	263.0	384.0	689.0
Acquire-EHT_D1_60	746	25139	403.0	263.0	385.0	689.0
Acquire-EHT_D1_60	747	25185	403.0	263.0	384.0	689.0
Acquire-EHT_D1_60	748	25217	403.0	263.0	384.0	689.0
Acquire-EHT_D1_60	749	25248	403.0	263.0	384.0	689.0
Acquire-EHT_D1_60	750	25279	403.0	263.0	384.0	690.0
Acquire-EHT_D1_60	751	25310	403.0	264.0	384.0	689.0
Acquire-EHT_D1_60	752	25342	403.0	265.0	384.0	688.0
Acquire-EHT_D1_60	753	25373	403.0	265.0	384.0	687.0
Acquire-EHT_D1_60	754	25404	403.0	266.0	384.0	687.0
Acquire-EHT_D1_60	755	25451	403.0	266.0	384.0	687.0
Acquire-EHT_D1_60	756	25482	403.0	266.0	384.0	687.0
Acquire-EHT_D1_60	757	25514	403.0	266.0	384.0	687.0
Acquire-EHT_D1_60	758	25545	403.0	266.0	384.0	687.0
Acquire-EHT_D1_60	759	25576	403.0	266.0	384.0	687.0
Acquire-EHT_D1_60	760	25607	403.0	266.0	384.0	687.0
Acquire-EHT_D1_60	761	25638	403.0	266.0	384.0	687.0
Acquire-EHT_D1_60	762	25685	403.0	265.0	384.0	688.0
Acquire-EHT_D1_60	763	25717	403.0	264.0	384.0	688.0
Acquire-EHT_D1_60	764	25748	403.0	264.0	384.0	689.0
Acquire-EHT_D1_60	765	25779	403.0	263.0	384.0	689.0
Acquire-EHT_D1_60	766	25810	403.0	263.0	384.0	689.0
Acquire-EHT_D1_60	767	25842	403.0	263.0	384.0	690.0
Acquire-EHT_D1_60	768	25873	403.0	263.0	384.0	690.0
Acquire-EHT_D1_60	769	25904	403.0	263.0	384.0	689.0
Acquire-EHT_D1_60	770	25951	403.0	263.0	384.0	689.0
Acquire-EHT_D1_60	771	25982	403.0	263.0	384.0	690.0
Acquire-EHT_D1_60	772	26013	403.0	264.0	384.0	689.0
Acquire-EHT_D1_60	773	26045	403.0	265.0	384.0	688.0
Acquire-EHT_D1_60	774	26076	403.0	266.0	384.0	687.0
Acquire-EHT_D1_60	775	26107	403.0	266.0	384.0	687.0
Acquire-EHT_D1_60	776	26138	403.0	266.0	384.0	687.0
Acquire-EHT_D1_60	777	26185	403.0	266.0	384.0	687.0
Acquire-EHT_D1_60	778	26217	403.0	266.0	384.0	687.0
Acquire-EHT_D1_60	779	26248	403.0	266.0	384.0	687.0
Acquire-EHT_D1_60	780	26279	403.0	266.0	384.0	687.0
Acquire-EHT_D1_60	781	26310	403.0	266.0	384.0	687.0
Acquire-EHT_D1_60	782	26342	403.0	266.0	384.0	687.0
Acquire-EHT_D1_60	783	26373	403.0	265.0	384.0	688.0
Acquire-EHT_D1_60	784	26404	403.0	264.0	384.0	688.0
Acquire-EHT_D1_60	785	26451	403.0	264.0	384.0	689.0
Acquire-EHT_D1_60	786	26482	403.0	263.0	384.0	689.0
Acquire-EHT_D1_60	787	26513	403.0	263.0	384.0	690.0
Acquire-EHT_D1_60	788	26545	403.0	263.0	384.0	689.0
Acquire-EHT_D1_60	789	26576	403.0	263.0	384.0	689.0
Acquire-EHT_D1_60	790	26607	403.0	263.0	384.0	690.0
Acquire-EHT_D1_60	791	26638	403.0	263.0	384.0	690.0
Acquire-EHT_D1_60	792	26685	403.0	263.0	384.0	689.0
Acquire-EHT_D1_60	793	26717	403.0	264.0	384.0	688.0
Acquire-EHT_D1_60	794	26748	403.0	265.0	384.0	687.0
Acquire-EHT_D1_60	795	26779	403.0	266.0	384.0	687.0
Acquire-EHT_D1_60	796	26810	403.0	266.0	384.0	687.0
Acquire-EHT_D1_60	797	26842	403.0	266.0	384.0	687.0
Acquire-EHT_D1_60	798	26873	403.0	266.0	384.0	687.0
Acquire-EHT_D1_60	799	26904	403.0	266.0	384.0	687.0
Acquire-EHT_D1_60	800	26951	403.0	266.0	384.0	687.0
Acquire-EHT_D1_60	801	26982	403.0	266.0	384.0	687.0
Acquire-EHT_D1_60	802	27013	403.0	266.0	384.0	687.0
Acquire-EHT_D1_60	803	27045	403.0	265.0	384.0	688.0
Acquire-EHT_D1_60	804	27076	403.0	264.0	384.0	688.0
Acquire-EHT_D1_60	805	27107	403.0	264.0	384.0	689.0
Acquire-EHT_D1_60	806	27138	403.0	263.0	384.0	689.0
Acquire-EHT_D1_60	807	27185	403.0	263.0	384.0	689.0
Acquire-EHT_D1_60	808	27217	403.0	263.0	384.0	690.0
Acquire-EHT_D1_60	809	27248	403.0	263.0	384.0	689.0
Acquire-EHT_D1_60	810	27279	403.0	263.0	384.0	690.0
Acquire-EHT_D1_60	811	27310	403.0	263.0	384.0	690.0
Acquire-EHT_D1_60	812	27342	403.0	263.0	384.0	689.0
Acquire-EHT_D1_60	813	27373	403.0	264.0	384.0	688.0
Acquire-EHT_D1_60	814	27404	403.0	265.0	384.0	687.0
Acquire-EHT_D1_60	815	27451	403.0	266.0	384.0	687.0
Acquire-EHT_D1_60	816	27482	403.0	266.0	384.0	687.0
Acquire-EHT_D1_60	817	27513	403.0	266.0	384.0	687.0
Acquire-EHT_D1_60	818	27545	403.0	266.0	384.0	687.0
Acquire-EHT_D1_60	819	27576	403.0	266.0	384.0	687.0
Acquire-EHT_D1_60	820	27607	403.0	266.0	384.0	687.0
Acquire-EHT_D1_60	821	27638	403.0	266.0	384.0	687.0
Acquire-EHT_D1_60	822	27685	403.0	265.0	384.0	687.0
Acquire-EHT_D1_60	823	27716	403.0	265.0	384.0	688.0
Acquire-EHT_D1_60	824	27748	403.0	264.0	384.0	688.0
Acquire-EHT_D1_60	825	27779	403.0	264.0	384.0	689.0
Acquire-EHT_D1_60	826	27810	403.0	264.0	384.0	689.0
Acquire-EHT_D1_60	827	27841	403.0	263.0	384.0	689.0
Acquire-EHT_D1_60	828	27873	403.0	263.0	384.0	690.0
Acquire-EHT_D1_60	829	27904	403.0	263.0	384.0	689.0
Acquire-EHT_D1_60	830	27951	403.0	263.0	384.0	690.0
Acquire-EHT_D1_60	831	27982	403.0	263.0	384.0	689.0
Acquire-EHT_D1_60	832	28013	403.0	264.0	384.0	689.0
Acquire-EHT_D1_60	833	28045	403.0	264.0	384.0	688.0
Acquire-EHT_D1_60	834	28076	403.0	265.0	384.0	687.0
Acquire-EHT_D1_60	835	28107	403.0	266.0	384.0	687.0
Acquire-EHT_D1_60	836	28138	403.0	266.0	384.0	687.0
Acquire-EHT_D1_60	837	28185	403.0	266.0	384.0	687.0
Acquire-EHT_D1_60	838	28216	403.0	266.0	384.0	687.0
Acquire-EHT_D1_60	839	28248	403.0	266.0	384.0	687.0
Acquire-EHT_D1_60	840	28279	403.0	266.0	384.0	687.0
Acquire-EHT_D1_60	841	28310	403.0	266.0	384.0	687.0
Acquire-EHT_D1_60	842	28341	403.0	266.0	384.0	687.0
Acquire-EHT_D1_60	843	28373	403.0	265.0	384.0	688.0
Acquire-EHT_D1_60	844	28404	403.0	265.0	384.0	688.0
Acquire-EHT_D1_60	845	28451	403.0	264.0	384.0	689.0
Acquire-EHT_D1_60	846	28482	403.0	264.0	384.0	689.0
Acquire-EHT_D1_60	847	28513	403.0	263.0	384.0	689.0
Acquire-EHT_D1_60	848	28545	403.0	263.0	384.0	690.0
Acquire-EHT_D1_60	849	28576	403.0	263.0	384.0	689.0
Acquire-EHT_D1_60	850	28607	403.0	263.0	384.0	690.0
Acquire-EHT_D1_60	851	28638	403.0	263.0	384.0	690.0
Acquire-EHT_D1_60	852	28685	403.0	264.0	384.0	689.0
Acquire-EHT_D1_60	853	28716	403.0	265.0	384.0	688.0
Acquire-EHT_D1_60	854	28748	403.0	266.0	384.0	687.0
Acquire-EHT_D1_60	855	28779	403.0	266.0	384.0	687.0
Acquire-EHT_D1_60	856	28810	403.0	266.0	384.0	687.0
Acquire-EHT_D1_60	857	28841	403.0	266.0	384.0	687.0
Acquire-EHT_D1_60	858	28873	403.0	266.0	384.0	687.0
Acquire-EHT_D1_60	859	28920	403.0	266.0	384.0	687.0
Acquire-EHT_D1_60	860	28951	403.0	266.0	384.0	687.0
Acquire-EHT_D1_60	861	28982	403.0	266.0	384.0	687.0
Acquire-EHT_D1_60	862	29013	403.0	265.0	384.0	688.0
Acquire-EHT_D1_60	863	29045	403.0	264.0	384.0	688.0
Acquire-EHT_D1_60	864	29076	403.0	264.0	384.0	689.0
Acquire-EHT_D1_60	865	29107	403.0	264.0	384.0	689.0
Acquire-EHT_D1_60	866	29138	403.0	263.0	384.0	689.0
Acquire-EHT_D1_60	867	29185	403.0	263.0	384.0	689.0
Acquire-EHT_D1_60	868	29216	403.0	263.0	384.0	689.0
Acquire-EHT_D1_60	869	29248	403.0	263.0	384.0	690.0
Acquire-EHT_D1_60	870	29279	403.0	263.0	384.0	690.0
Acquire-EHT_D1_60	871	29310	403.0	263.0	384.0	690.0
Acquire-EHT_D1_60	872	29341	403.0	263.0	384.0	690.0
Acquire-EHT_D1_60	873	29373	403.0	263.0	384.0	689.0
Acquire-EHT_D1_60	874	29404	403.0	263.0	385.0	689.0
Acquire-EHT_D1_60	875	29451	403.0	263.0	384.0	690.0
Acquire-EHT_D1_60	876	29482	403.0	263.0	385.0	689.0
Acquire-EHT_D1_60	877	29513	403.0	263.0	385.0	689.0
Acquire-EHT_D1_60	878	29544	403.0	263.0	384.0	690.0
Acquire-EHT_D1_60	879	29576	403.0	263.0	384.0	689.0
Acquire-EHT_D1_60	880	29607	403.0	263.0	384.0	689.0
Acquire-EHT_D1_60	881	29638	403.0	265.0	384.0	688.0
Acquire-EHT_D1_60	882	29685	403.0	266.0	384.0	687.0
Acquire-EHT_D1_60	883	29716	403.0	266.0	384.0	687.0
Acquire-EHT_D1_60	884	29748	403.0	266.0	384.0	686.0
Acquire-EHT_D1_60	885	29779	403.0	266.0	384.0	686.0
Acquire-EHT_D1_60	886	29810	403.0	267.0	384.0	686.0
Acquire-EHT_D1_60	887	29841	403.0	266.0	384.0	686.0
Acquire-EHT_D1_60	888	29873	403.0	266.0	384.0	687.0
Acquire-EHT_D1_60	889	29919	403.0	266.0	384.0	687.0
Acquire-EHT_D1_60	890	29951	403.0	266.0	384.0	687.0
Acquire-EHT_D5_60_2	0	0	251.0	188.0	244.0	527.0
Acquire-EHT_D5_60_2	1	16	251.0	188.0	244.0	527.0
Acquire-EHT_D5_60_2	2	47	251.0	188.0	244.0	527.0
Acquire-EHT_D5_60_2	3	78	251.0	188.0	244.0	528.0
Acquire-EHT_D5_60_2	4	109	251.0	188.0	244.0	527.0
Acquire-EHT_D5_60_2	5	141	251.0	188.0	244.0	528.0
Acquire-EHT_D5_60_2	6	172	251.0	188.0	244.0	527.0
Acquire-EHT_D5_60_2	7	219	251.0	188.0	244.0	528.0
Acquire-EHT_D5_60_2	8	250	251.0	188.0	244.0	528.0
Acquire-EHT_D5_60_2	9	281	251.0	188.0	244.0	528.0
Acquire-EHT_D5_60_2	10	312	251.0	188.0	244.0	528.0
Acquire-EHT_D5_60_2	11	344	251.0	188.0	244.0	527.0
Acquire-EHT_D5_60_2	12	375	251.0	188.0	244.0	527.0
Acquire-EHT_D5_60_2	13	406	251.0	188.0	244.0	527.0
Acquire-EHT_D5_60_2	14	437	251.0	188.0	244.0	527.0
Acquire-EHT_D5_60_2	15	484	251.0	188.0	244.0	527.0
Acquire-EHT_D5_60_2	16	516	251.0	188.0	244.0	527.0
Acquire-EHT_D5_60_2	17	547	251.0	188.0	244.0	527.0
Acquire-EHT_D5_60_2	18	578	251.0	188.0	244.0	527.0
Acquire-EHT_D5_60_2	19	609	251.0	188.0	244.0	527.0
Acquire-EHT_D5_60_2	20	641	251.0	188.0	244.0	527.0
Acquire-EHT_D5_60_2	21	672	251.0	188.0	244.0	527.0
Acquire-EHT_D5_60_2	22	719	251.0	188.0	244.0	527.0
Acquire-EHT_D5_60_2	23	750	251.0	188.0	244.0	527.0
Acquire-EHT_D5_60_2	24	781	251.0	188.0	244.0	527.0
Acquire-EHT_D5_60_2	25	812	251.0	188.0	244.0	527.0
Acquire-EHT_D5_60_2	26	844	251.0	188.0	244.0	527.0
Acquire-EHT_D5_60_2	27	875	251.0	188.0	244.0	528.0
Acquire-EHT_D5_60_2	28	906	251.0	188.0	244.0	527.0
Acquire-EHT_D5_60_2	29	937	251.0	188.0	244.0	528.0
Acquire-EHT_D5_60_2	30	984	251.0	188.0	244.0	527.0
Acquire-EHT_D5_60_2	31	1016	251.0	188.0	244.0	528.0
Acquire-EHT_D5_60_2	32	1047	251.0	188.0	244.0	527.0
Acquire-EHT_D5_60_2	33	1078	251.0	188.0	244.0	528.0
Acquire-EHT_D5_60_2	34	1109	251.0	188.0	244.0	527.0
Acquire-EHT_D5_60_2	35	1141	251.0	188.0	244.0	527.0
Acquire-EHT_D5_60_2	36	1172	251.0	188.0	244.0	527.0
Acquire-EHT_D5_60_2	37	1219	251.0	188.0	244.0	527.0
Acquire-EHT_D5_60_2	38	1250	251.0	188.0	244.0	527.0
Acquire-EHT_D5_60_2	39	1281	251.0	188.0	244.0	527.0
Acquire-EHT_D5_60_2	40	1312	251.0	188.0	244.0	527.0
Acquire-EHT_D5_60_2	41	1344	251.0	188.0	244.0	527.0
Acquire-EHT_D5_60_2	42	1375	251.0	188.0	244.0	527.0
Acquire-EHT_D5_60_2	43	1406	251.0	188.0	244.0	527.0
Acquire-EHT_D5_60_2	44	1437	251.0	188.0	244.0	527.0
Acquire-EHT_D5_60_2	45	1484	251.0	188.0	244.0	527.0
Acquire-EHT_D5_60_2	46	1516	251.0	188.0	244.0	527.0
Acquire-EHT_D5_60_2	47	1547	251.0	188.0	244.0	527.0
Acquire-EHT_D5_60_2	48	1578	251.0	188.0	244.0	528.0
Acquire-EHT_D5_60_2	49	1609	251.0	188.0	244.0	527.0
Acquire-EHT_D5_60_2	50	1641	251.0	188.0	244.0	527.0
Acquire-EHT_D5_60_2	51	1672	251.0	188.0	244.0	528.0
Acquire-EHT_D5_60_2	52	1719	251.0	188.0	244.0	527.0
Acquire-EHT_D5_60_2	53	1750	251.0	188.0	244.0	528.0
Acquire-EHT_D5_60_2	54	1781	251.0	188.0	244.0	528.0
Acquire-EHT_D5_60_2	55	1812	251.0	188.0	244.0	528.0
Acquire-EHT_D5_60_2	56	1844	251.0	188.0	244.0	527.0
Acquire-EHT_D5_60_2	57	1875	251.0	188.0	244.0	527.0
Acquire-EHT_D5_60_2	58	1906	251.0	188.0	244.0	527.0
Acquire-EHT_D5_60_2	59	1937	251.0	188.0	244.0	527.0
Acquire-EHT_D5_60_2	60	1984	251.0	188.0	244.0	527.0
Acquire-EHT_D5_60_2	61	2015	251.0	188.0	244.0	527.0
Acquire-EHT_D5_60_2	62	2047	251.0	188.0	244.0	527.0
Acquire-EHT_D5_60_2	63	2078	251.0	188.0	244.0	527.0
Acquire-EHT_D5_60_2	64	2109	251.0	188.0	244.0	527.0
Acquire-EHT_D5_60_2	65	2140	251.0	188.0	244.0	527.0
Acquire-EHT_D5_60_2	66	2172	251.0	188.0	244.0	527.0
Acquire-EHT_D5_60_2	67	2219	251.0	188.0	244.0	527.0
Acquire-EHT_D5_60_2	68	2250	251.0	188.0	244.0	527.0
Acquire-EHT_D5_60_2	69	2281	251.0	188.0	244.0	527.0
Acquire-EHT_D5_60_2	70	2312	251.0	188.0	244.0	528.0
Acquire-EHT_D5_60_2	71	2344	251.0	188.0	244.0	527.0
Acquire-EHT_D5_60_2	72	2375	251.0	188.0	244.0	528.0
Acquire-EHT_D5_60_2	73	2406	251.0	188.0	244.0	527.0
Acquire-EHT_D5_60_2	74	2437	251.0	188.0	244.0	528.0
Acquire-EHT_D5_60_2	75	2484	251.0	188.0	244.0	527.0
Acquire-EHT_D5_60_2	76	2515	251.0	188.0	244.0	528.0
Acquire-EHT_D5_60_2	77	2547	251.0	188.0	244.0	527.0
Acquire-EHT_D5_60_2	78	2578	251.0	188.0	244.0	528.0
Acquire-EHT_D5_60_2	79	2609	251.0	188.0	244.0	527.0
Acquire-EHT_D5_60_2	80	2640	251.0	188.0	244.0	527.0
Acquire-EHT_D5_60_2	81	2672	251.0	188.0	244.0	527.0
Acquire-EHT_D5_60_2	82	2719	251.0	188.0	244.0	527.0
Acquire-EHT_D5_60_2	83	2750	251.0	188.0	244.0	527.0
Acquire-EHT_D5_60_2	84	2781	251.0	188.0	244.0	527.0
Acquire-EHT_D5_60_2	85	2812	251.0	188.0	244.0	527.0
Acquire-EHT_D5_60_2	86	2844	251.0	188.0	244.0	527.0
Acquire-EHT_D5_60_2	87	2875	251.0	188.0	244.0	527.0
Acquire-EHT_D5_60_2	88	2906	251.0	188.0	244.0	527.0
Acquire-EHT_D5_60_2	89	2953	251.0	188.0	244.0	527.0
Acquire-EHT_D5_60_2	90	2984	251.0	188.0	244.0	527.0
Acquire-EHT_D5_60_2	91	3015	251.0	188.0	244.0	527.0
Acquire-EHT_D5_60_2	92	3047	251.0	188.0	244.0	527.0
Acquire-EHT_D5_60_2	93	3078	251.0	188.0	244.0	527.0
Acquire-EHT_D5_60_2	94	3109	251.0	188.0	244.0	527.0
Acquire-EHT_D5_60_2	95	3140	251.0	188.0	244.0	527.0
Acquire-EHT_D5_60_2	96	3172	251.0	188.0	244.0	528.0
Acquire-EHT_D5_60_2	97	3219	251.0	188.0	244.0	527.0
Acquire-EHT_D5_60_2	98	3250	251.0	188.0	244.0	528.0
Acquire-EHT_D5_60_2	99	3281	251.0	188.0	244.0	527.0
Acquire-EHT_D5_60_2	100	3312	251.0	188.0	244.0	528.0
Acquire-EHT_D5_60_2	101	3344	251.0	188.0	244.0	527.0
Acquire-EHT_D5_60_2	102	3375	251.0	188.0	244.0	527.0
Acquire-EHT_D5_60_2	103	3406	251.0	188.0	244.0	527.0
Acquire-EHT_D5_60_2	104	3453	251.0	188.0	244.0	527.0
Acquire-EHT_D5_60_2	105	3484	251.0	188.0	244.0	527.0
Acquire-EHT_D5_60_2	106	3515	251.0	188.0	244.0	527.0
Acquire-EHT_D5_60_2	107	3547	251.0	188.0	244.0	527.0
Acquire-EHT_D5_60_2	108	3578	251.0	188.0	244.0	527.0
Acquire-EHT_D5_60_2	109	3609	251.0	188.0	244.0	527.0
Acquire-EHT_D5_60_2	110	3640	251.0	188.0	244.0	527.0
Acquire-EHT_D5_60_2	111	3672	251.0	188.0	244.0	527.0
Acquire-EHT_D5_60_2	112	3718	251.0	188.0	244.0	527.0
Acquire-EHT_D5_60_2	113	3750	251.0	188.0	244.0	527.0
Acquire-EHT_D5_60_2	114	3781	251.0	188.0	244.0	527.0
Acquire-EHT_D5_60_2	115	3812	251.0	188.0	244.0	528.0
Acquire-EHT_D5_60_2	116	3843	251.0	188.0	244.0	527.0
Acquire-EHT_D5_60_2	117	3875	251.0	188.0	244.0	528.0
Acquire-EHT_D5_60_2	118	3906	251.0	188.0	244.0	527.0
Acquire-EHT_D5_60_2	119	3953	251.0	188.0	244.0	528.0
Acquire-EHT_D5_60_2	120	3984	251.0	188.0	244.0	527.0
Acquire-EHT_D5_60_2	121	4015	251.0	188.0	244.0	527.0
Acquire-EHT_D5_60_2	122	4047	251.0	188.0	244.0	528.0
Acquire-EHT_D5_60_2	123	4078	251.0	188.0	244.0	527.0
Acquire-EHT_D5_60_2	124	4109	251.0	188.0	244.0	528.0
Acquire-EHT_D5_60_2	125	4140	251.0	188.0	244.0	527.0
Acquire-EHT_D5_60_2	126	4172	251.0	188.0	244.0	527.0
Acquire-EHT_D5_60_2	127	4218	251.0	188.0	244.0	527.0
Acquire-EHT_D5_60_2	128	4250	251.0	188.0	244.0	527.0
Acquire-EHT_D5_60_2	129	4281	251.0	188.0	244.0	527.0
Acquire-EHT_D5_60_2	130	4312	251.0	188.0	244.0	527.0
Acquire-EHT_D5_60_2	131	4375	251.0	188.0	244.0	527.0
Acquire-EHT_D5_60_2	132	4406	251.0	188.0	244.0	527.0
Acquire-EHT_D5_60_2	133	4453	251.0	188.0	244.0	527.0
Acquire-EHT_D5_60_2	134	4484	251.0	188.0	244.0	527.0
Acquire-EHT_D5_60_2	135	4515	251.0	188.0	244.0	527.0
Acquire-EHT_D5_60_2	136	4547	251.0	188.0	244.0	527.0
Acquire-EHT_D5_60_2	137	4578	251.0	188.0	244.0	527.0
Acquire-EHT_D5_60_2	138	4609	251.0	188.0	244.0	528.0
Acquire-EHT_D5_60_2	139	4640	251.0	188.0	244.0	527.0
Acquire-EHT_D5_60_2	140	4672	251.0	188.0	244.0	528.0
Acquire-EHT_D5_60_2	141	4718	251.0	188.0	244.0	527.0
Acquire-EHT_D5_60_2	142	4750	251.0	188.0	244.0	528.0
Acquire-EHT_D5_60_2	143	4781	251.0	188.0	244.0	527.0
Acquire-EHT_D5_60_2	144	4812	251.0	188.0	244.0	528.0
Acquire-EHT_D5_60_2	145	4843	251.0	188.0	244.0	527.0
Acquire-EHT_D5_60_2	146	4875	251.0	188.0	244.0	528.0
Acquire-EHT_D5_60_2	147	4906	251.0	188.0	244.0	527.0
Acquire-EHT_D5_60_2	148	4953	251.0	188.0	244.0	527.0
Acquire-EHT_D5_60_2	149	4984	251.0	188.0	244.0	527.0
Acquire-EHT_D5_60_2	150	5015	251.0	188.0	244.0	527.0
Acquire-EHT_D5_60_2	151	5047	251.0	188.0	244.0	527.0
Acquire-EHT_D5_60_2	152	5078	251.0	188.0	244.0	527.0
Acquire-EHT_D5_60_2	153	5109	251.0	188.0	244.0	527.0
Acquire-EHT_D5_60_2	154	5140	251.0	188.0	244.0	527.0
Acquire-EHT_D5_60_2	155	5172	251.0	188.0	244.0	527.0
Acquire-EHT_D5_60_2	156	5218	251.0	188.0	244.0	527.0
Acquire-EHT_D5_60_2	157	5250	251.0	188.0	244.0	527.0
Acquire-EHT_D5_60_2	158	5281	251.0	188.0	244.0	527.0
Acquire-EHT_D5_60_2	159	5312	251.0	188.0	244.0	527.0
Acquire-EHT_D5_60_2	160	5343	251.0	188.0	244.0	527.0
Acquire-EHT_D5_60_2	161	5375	251.0	188.0	244.0	527.0
Acquire-EHT_D5_60_2	162	5406	251.0	188.0	244.0	527.0
Acquire-EHT_D5_60_2	163	5453	251.0	188.0	244.0	527.0
Acquire-EHT_D5_60_2	164	5484	251.0	188.0	244.0	528.0
Acquire-EHT_D5_60_2	165	5515	251.0	188.0	244.0	527.0
Acquire-EHT_D5_60_2	166	5546	251.0	188.0	244.0	528.0
Acquire-EHT_D5_60_2	167	5578	251.0	188.0	244.0	527.0
Acquire-EHT_D5_60_2	168	5609	251.0	188.0	244.0	528.0
Acquire-EHT_D5_60_2	169	5640	251.0	188.0	244.0	527.0
Acquire-EHT_D5_60_2	170	5671	251.0	188.0	244.0	527.0
Acquire-EHT_D5_60_2	171	5718	251.0	188.0	244.0	527.0
Acquire-EHT_D5_60_2	172	5750	251.0	188.0	244.0	527.0
Acquire-EHT_D5_60_2	173	5781	251.0	188.0	244.0	527.0
Acquire-EHT_D5_60_2	174	5812	251.0	188.0	244.0	527.0
Acquire-EHT_D5_60_2	175	5843	251.0	188.0	244.0	527.0
Acquire-EHT_D5_60_2	176	5875	251.0	188.0	244.0	527.0
Acquire-EHT_D5_60_2	177	5906	251.0	188.0	244.0	527.0
Acquire-EHT_D5_60_2	178	5953	251.0	188.0	244.0	527.0
Acquire-EHT_D5_60_2	179	5984	251.0	188.0	244.0	527.0
Acquire-EHT_D5_60_2	180	6015	251.0	188.0	244.0	527.0
Acquire-EHT_D5_60_2	181	6046	251.0	188.0	244.0	527.0
Acquire-EHT_D5_60_2	182	6078	251.0	188.0	244.0	527.0
Acquire-EHT_D5_60_2	183	6109	251.0	188.0	244.0	527.0
Acquire-EHT_D5_60_2	184	6140	251.0	188.0	244.0	527.0
Acquire-EHT_D5_60_2	185	6171	251.0	188.0	244.0	527.0
Acquire-EHT_D5_60_2	186	6218	251.0	188.0	244.0	528.0
Acquire-EHT_D5_60_2	187	6250	251.0	188.0	244.0	527.0
Acquire-EHT_D5_60_2	188	6281	251.0	188.0	244.0	527.0
Acquire-EHT_D5_60_2	189	6312	251.0	188.0	244.0	527.0
Acquire-EHT_D5_60_2	190	6343	251.0	188.0	244.0	528.0
Acquire-EHT_D5_60_2	191	6375	251.0	188.0	244.0	527.0
Acquire-EHT_D5_60_2	192	6406	251.0	188.0	244.0	528.0
Acquire-EHT_D5_60_2	193	6453	251.0	188.0	244.0	527.0
Acquire-EHT_D5_60_2	194	6484	251.0	188.0	244.0	527.0
Acquire-EHT_D5_60_2	195	6515	251.0	188.0	244.0	527.0
Acquire-EHT_D5_60_2	196	6546	251.0	188.0	244.0	527.0
Acquire-EHT_D5_60_2	197	6578	251.0	188.0	244.0	527.0
Acquire-EHT_D5_60_2	198	6609	251.0	188.0	244.0	527.0
Acquire-EHT_D5_60_2	199	6640	251.0	188.0	244.0	527.0
Acquire-EHT_D5_60_2	200	6671	251.0	188.0	244.0	527.0
Acquire-EHT_D5_60_2	201	6718	251.0	188.0	244.0	527.0
Acquire-EHT_D5_60_2	202	6750	251.0	188.0	244.0	527.0
Acquire-EHT_D5_60_2	203	6781	251.0	188.0	244.0	527.0
Acquire-EHT_D5_60_2	204	6812	251.0	188.0	244.0	527.0
Acquire-EHT_D5_60_2	205	6843	251.0	188.0	244.0	527.0
Acquire-EHT_D5_60_2	206	6875	251.0	188.0	244.0	527.0
Acquire-EHT_D5_60_2	207	6906	251.0	188.0	244.0	527.0
Acquire-EHT_D5_60_2	208	6953	251.0	188.0	244.0	527.0
Acquire-EHT_D5_60_2	209	6984	251.0	188.0	244.0	528.0
Acquire-EHT_D5_60_2	210	7015	251.0	188.0	244.0	528.0
Acquire-EHT_D5_60_2	211	7046	251.0	188.0	244.0	527.0
Acquire-EHT_D5_60_2	212	7078	251.0	188.0	244.0	528.0
Acquire-EHT_D5_60_2	213	7109	251.0	188.0	244.0	527.0
Acquire-EHT_D5_60_2	214	7140	251.0	188.0	244.0	528.0
Acquire-EHT_D5_60_2	215	7171	251.0	188.0	244.0	527.0
Acquire-EHT_D5_60_2	216	7218	251.0	188.0	244.0	527.0
Acquire-EHT_D5_60_2	217	7249	251.0	188.0	244.0	527.0
Acquire-EHT_D5_60_2	218	7281	251.0	188.0	244.0	527.0
Acquire-EHT_D5_60_2	219	7312	251.0	188.0	244.0	527.0
Acquire-EHT_D5_60_2	220	7343	251.0	188.0	244.0	527.0
Acquire-EHT_D5_60_2	221	7374	251.0	188.0	244.0	527.0
Acquire-EHT_D5_60_2	222	7406	251.0	188.0	244.0	527.0
Acquire-EHT_D5_60_2	223	7453	251.0	188.0	244.0	527.0
Acquire-EHT_D5_60_2	224	7484	251.0	188.0	244.0	527.0
Acquire-EHT_D5_60_2	225	7515	251.0	188.0	244.0	527.0
Acquire-EHT_D5_60_2	226	7546	251.0	188.0	244.0	527.0
Acquire-EHT_D5_60_2	227	7578	251.0	188.0	244.0	527.0
Acquire-EHT_D5_60_2	228	7609	251.0	188.0	244.0	527.0
Acquire-EHT_D5_60_2	229	7640	251.0	188.0	244.0	528.0
Acquire-EHT_D5_60_2	230	7671	251.0	188.0	244.0	527.0
Acquire-EHT_D5_60_2	231	7718	251.0	188.0	244.0	528.0
Acquire-EHT_D5_60_2	232	7749	251.0	188.0	244.0	527.0
Acquire-EHT_D5_60_2	233	7781	251.0	188.0	244.0	528.0
Acquire-EHT_D5_60_2	234	7812	251.0	188.0	244.0	528.0
Acquire-EHT_D5_60_2	235	7843	251.0	188.0	244.0	527.0
Acquire-EHT_D5_60_2	236	7874	251.0	188.0	244.0	528.0
Acquire-EHT_D5_60_2	237	7906	251.0	188.0	244.0	527.0
Acquire-EHT_D5_60_2	238	7953	251.0	188.0	244.0	527.0
Acquire-EHT_D5_60_2	239	7984	251.0	188.0	244.0	527.0
Acquire-EHT_D5_60_2	240	8015	251.0	188.0	244.0	527.0
Acquire-EHT_D5_60_2	241	8046	251.0	188.0	244.0	527.0
Acquire-EHT_D5_60_2	242	8078	251.0	188.0	244.0	527.0
Acquire-EHT_D5_60_2	243	8109	251.0	188.0	244.0	527.0
Acquire-EHT_D5_60_2	244	8140	251.0	188.0	244.0	527.0
Acquire-EHT_D5_60_2	245	8171	251.0	188.0	244.0	527.0
Acquire-EHT_D5_60_2	246	8218	251.0	188.0	244.0	527.0
Acquire-EHT_D5_60_2	247	8249	251.0	188.0	244.0	527.0
Acquire-EHT_D5_60_2	248	8281	251.0	188.0	244.0	527.0
Acquire-EHT_D5_60_2	249	8312	251.0	188.0	244.0	527.0
Acquire-EHT_D5_60_2	250	8343	251.0	188.0	244.0	527.0
Acquire-EHT_D5_60_2	251	8374	251.0	188.0	244.0	527.0
Acquire-EHT_D5_60_2	252	8406	251.0	188.0	244.0	527.0
Acquire-EHT_D5_60_2	253	8453	251.0	188.0	244.0	527.0
Acquire-EHT_D5_60_2	254	8484	251.0	188.0	244.0	527.0
Acquire-EHT_D5_60_2	255	8515	251.0	188.0	244.0	528.0
Acquire-EHT_D5_60_2	256	8546	251.0	188.0	244.0	527.0
Acquire-EHT_D5_60_2	257	8578	251.0	188.0	244.0	528.0
Acquire-EHT_D5_60_2	258	8609	251.0	188.0	244.0	527.0
Acquire-EHT_D5_60_2	259	8640	251.0	188.0	244.0	528.0
Acquire-EHT_D5_60_2	260	8671	251.0	188.0	244.0	527.0
Acquire-EHT_D5_60_2	261	8718	251.0	188.0	244.0	527.0
Acquire-EHT_D5_60_2	262	8749	251.0	188.0	244.0	527.0
Acquire-EHT_D5_60_2	263	8781	251.0	188.0	244.0	527.0
Acquire-EHT_D5_60_2	264	8812	251.0	188.0	244.0	527.0
Acquire-EHT_D5_60_2	265	8843	251.0	188.0	244.0	527.0
Acquire-EHT_D5_60_2	266	8874	251.0	188.0	244.0	527.0
Acquire-EHT_D5_60_2	267	8906	251.0	188.0	244.0	527.0
Acquire-EHT_D5_60_2	268	8952	251.0	188.0	244.0	527.0
Acquire-EHT_D5_60_2	269	8984	251.0	188.0	244.0	527.0
Acquire-EHT_D5_60_2	270	9015	251.0	188.0	244.0	527.0
Acquire-EHT_D5_60_2	271	9046	251.0	188.0	244.0	527.0
Acquire-EHT_D5_60_2	272	9077	251.0	188.0	244.0	527.0
Acquire-EHT_D5_60_2	273	9109	251.0	188.0	244.0	527.0
Acquire-EHT_D5_60_2	274	9140	251.0	188.0	244.0	528.0
Acquire-EHT_D5_60_2	275	9171	251.0	188.0	244.0	527.0
Acquire-EHT_D5_60_2	276	9218	251.0	188.0	244.0	527.0
Acquire-EHT_D5_60_2	277	9249	251.0	188.0	244.0	528.0
Acquire-EHT_D5_60_2	278	9281	251.0	188.0	244.0	527.0
Acquire-EHT_D5_60_2	279	9312	251.0	188.0	244.0	528.0
Acquire-EHT_D5_60_2	280	9343	251.0	188.0	244.0	527.0
Acquire-EHT_D5_60_2	281	9374	251.0	188.0	244.0	528.0
Acquire-EHT_D5_60_2	282	9406	251.0	188.0	244.0	527.0
Acquire-EHT_D5_60_2	283	9452	251.0	188.0	244.0	528.0
Acquire-EHT_D5_60_2	284	9484	251.0	188.0	244.0	527.0
Acquire-EHT_D5_60_2	285	9515	251.0	188.0	244.0	527.0
Acquire-EHT_D5_60_2	286	9546	251.0	188.0	244.0	527.0
Acquire-EHT_D5_60_2	287	9577	251.0	188.0	244.0	527.0
Acquire-EHT_D5_60_2	288	9609	251.0	188.0	244.0	527.0
Acquire-EHT_D5_60_2	289	9640	251.0	188.0	244.0	527.0
Acquire-EHT_D5_60_2	290	9671	251.0	188.0	244.0	527.0
Acquire-EHT_D5_60_2	291	9718	251.0	188.0	244.0	527.0
Acquire-EHT_D5_60_2	292	9749	251.0	188.0	244.0	527.0
Acquire-EHT_D5_60_2	293	9781	251.0	188.0	244.0	527.0
Acquire-EHT_D5_60_2	294	9812	251.0	188.0	244.0	527.0
Acquire-EHT_D5_60_2	295	9843	251.0	188.0	244.0	527.0
Acquire-EHT_D5_60_2	296	9874	251.0	188.0	244.0	528.0
Acquire-EHT_D5_60_2	297	9906	251.0	188.0	244.0	527.0
Acquire-EHT_D5_60_2	298	9952	251.0	188.0	244.0	527.0
Acquire-EHT_D5_60_2	299	9984	251.0	188.0	244.0	527.0
Acquire-EHT_D5_60_2	300	10015	251.0	188.0	244.0	528.0
Acquire-EHT_D5_60_2	301	10046	251.0	188.0	244.0	527.0
Acquire-EHT_D5_60_2	302	10077	251.0	188.0	244.0	528.0
Acquire-EHT_D5_60_2	303	10109	251.0	188.0	244.0	527.0
Acquire-EHT_D5_60_2	304	10140	251.0	188.0	244.0	527.0
Acquire-EHT_D5_60_2	305	10171	251.0	188.0	244.0	528.0
Acquire-EHT_D5_60_2	306	10218	251.0	188.0	244.0	527.0
Acquire-EHT_D5_60_2	307	10249	251.0	188.0	244.0	527.0
Acquire-EHT_D5_60_2	308	10281	251.0	188.0	244.0	527.0
Acquire-EHT_D5_60_2	309	10312	251.0	188.0	244.0	527.0
Acquire-EHT_D5_60_2	310	10343	251.0	188.0	244.0	527.0
Acquire-EHT_D5_60_2	311	10374	251.0	188.0	244.0	527.0
Acquire-EHT_D5_60_2	312	10406	251.0	188.0	244.0	527.0
Acquire-EHT_D5_60_2	313	10452	251.0	188.0	244.0	527.0
Acquire-EHT_D5_60_2	314	10484	251.0	188.0	244.0	527.0
Acquire-EHT_D5_60_2	315	10515	251.0	188.0	244.0	527.0
Acquire-EHT_D5_60_2	316	10546	251.0	188.0	244.0	527.0
Acquire-EHT_D5_60_2	317	10577	251.0	188.0	244.0	527.0
Acquire-EHT_D5_60_2	318	10609	251.0	188.0	244.0	527.0
Acquire-EHT_D5_60_2	319	10640	251.0	188.0	244.0	527.0
Acquire-EHT_D5_60_2	320	10671	251.0	188.0	244.0	528.0
Acquire-EHT_D5_60_2	321	10718	251.0	188.0	244.0	527.0
Acquire-EHT_D5_60_2	322	10749	251.0	188.0	244.0	528.0
Acquire-EHT_D5_60_2	323	10780	251.0	188.0	244.0	527.0
Acquire-EHT_D5_60_2	324	10812	251.0	188.0	244.0	528.0
Acquire-EHT_D5_60_2	325	10843	251.0	188.0	244.0	527.0
Acquire-EHT_D5_60_2	326	10874	251.0	188.0	244.0	528.0
Acquire-EHT_D5_60_2	327	10905	251.0	188.0	244.0	527.0
Acquire-EHT_D5_60_2	328	10952	251.0	188.0	244.0	528.0
Acquire-EHT_D5_60_2	329	10984	251.0	188.0	244.0	527.0
Acquire-EHT_D5_60_2	330	11015	251.0	188.0	244.0	527.0
Acquire-EHT_D5_60_2	331	11046	251.0	188.0	244.0	527.0
Acquire-EHT_D5_60_2	332	11077	251.0	188.0	244.0	527.0
Acquire-EHT_D5_60_2	333	11109	251.0	188.0	244.0	527.0
Acquire-EHT_D5_60_2	334	11140	251.0	188.0	244.0	527.0
Acquire-EHT_D5_60_2	335	11171	251.0	189.0	244.0	527.0
Acquire-EHT_D5_60_2	336	11218	251.0	188.0	244.0	527.0
Acquire-EHT_D5_60_2	337	11249	251.0	188.0	244.0	527.0
Acquire-EHT_D5_60_2	338	11280	251.0	188.0	244.0	527.0
Acquire-EHT_D5_60_2	339	11312	251.0	188.0	244.0	527.0
Acquire-EHT_D5_60_2	340	11343	251.0	188.0	244.0	527.0
Acquire-EHT_D5_60_2	341	11374	251.0	188.0	244.0	527.0
Acquire-EHT_D5_60_2	342	11405	251.0	188.0	244.0	527.0
Acquire-EHT_D5_60_2	343	11452	251.0	188.0	244.0	527.0
Acquire-EHT_D5_60_2	344	11484	251.0	188.0	244.0	528.0
Acquire-EHT_D5_60_2	345	11515	251.0	188.0	244.0	527.0
Acquire-EHT_D5_60_2	346	11546	251.0	188.0	244.0	528.0
Acquire-EHT_D5_60_2	347	11577	251.0	188.0	244.0	527.0
Acquire-EHT_D5_60_2	348	11609	251.0	188.0	244.0	528.0
Acquire-EHT_D5_60_2	349	11640	251.0	188.0	244.0	527.0
Acquire-EHT_D5_60_2	350	11671	251.0	188.0	244.0	528.0
Acquire-EHT_D5_60_2	351	11718	251.0	188.0	244.0	527.0
Acquire-EHT_D5_60_2	352	11749	251.0	188.0	244.0	527.0
Acquire-EHT_D5_60_2	353	11780	251.0	188.0	244.0	527.0
Acquire-EHT_D5_60_2	354	11812	251.0	188.0	244.0	527.0
Acquire-EHT_D5_60_2	355	11843	251.0	188.0	244.0	527.0
Acquire-EHT_D5_60_2	356	11874	251.0	188.0	244.0	527.0
Acquire-EHT_D5_60_2	357	11905	251.0	188.0	244.0	527.0
Acquire-EHT_D5_60_2	358	11952	251.0	188.0	244.0	527.0
Acquire-EHT_D5_60_2	359	11984	251.0	188.0	244.0	527.0
Acquire-EHT_D5_60_2	360	12015	251.0	188.0	244.0	527.0
Acquire-EHT_D5_60_2	361	12046	251.0	188.0	244.0	527.0
Acquire-EHT_D5_60_2	362	12077	251.0	188.0	244.0	527.0
Acquire-EHT_D5_60_2	363	12109	251.0	188.0	244.0	527.0
Acquire-EHT_D5_60_2	364	12140	251.0	188.0	244.0	527.0
Acquire-EHT_D5_60_2	365	12171	251.0	188.0	244.0	527.0
Acquire-EHT_D5_60_2	366	12218	251.0	188.0	244.0	527.0
Acquire-EHT_D5_60_2	367	12249	251.0	188.0	244.0	527.0
Acquire-EHT_D5_60_2	368	12280	251.0	188.0	244.0	527.0
Acquire-EHT_D5_60_2	369	12312	251.0	188.0	244.0	528.0
Acquire-EHT_D5_60_2	370	12343	251.0	188.0	244.0	528.0
Acquire-EHT_D5_60_2	371	12374	251.0	188.0	244.0	527.0
Acquire-EHT_D5_60_2	372	12405	251.0	188.0	244.0	527.0
Acquire-EHT_D5_60_2	373	12452	251.0	188.0	244.0	527.0
Acquire-EHT_D5_60_2	374	12484	251.0	188.0	244.0	527.0
Acquire-EHT_D5_60_2	375	12515	251.0	188.0	244.0	527.0
Acquire-EHT_D5_60_2	376	12546	251.0	188.0	244.0	527.0
Acquire-EHT_D5_60_2	377	12577	251.0	188.0	244.0	527.0
Acquire-EHT_D5_60_2	378	12608	251.0	188.0	244.0	527.0
Acquire-EHT_D5_60_2	379	12640	251.0	188.0	244.0	527.0
Acquire-EHT_D5_60_2	380	12671	251.0	188.0	244.0	527.0
Acquire-EHT_D5_60_2	381	12718	251.0	188.0	244.0	527.0
Acquire-EHT_D5_60_2	382	12749	251.0	188.0	244.0	527.0
Acquire-EHT_D5_60_2	383	12780	251.0	188.0	244.0	527.0
Acquire-EHT_D5_60_2	384	12812	251.0	188.0	244.0	527.0
Acquire-EHT_D5_60_2	385	12843	251.0	188.0	244.0	527.0
Acquire-EHT_D5_60_2	386	12874	251.0	188.0	244.0	527.0
Acquire-EHT_D5_60_2	387	12905	251.0	188.0	244.0	527.0
Acquire-EHT_D5_60_2	388	12952	251.0	188.0	244.0	527.0
Acquire-EHT_D5_60_2	389	12983	251.0	188.0	244.0	528.0
Acquire-EHT_D5_60_2	390	13015	251.0	188.0	244.0	527.0
Acquire-EHT_D5_60_2	391	13046	251.0	188.0	244.0	528.0
Acquire-EHT_D5_60_2	392	13077	251.0	188.0	244.0	527.0
Acquire-EHT_D5_60_2	393	13108	251.0	188.0	244.0	528.0
Acquire-EHT_D5_60_2	394	13140	251.0	188.0	244.0	527.0
Acquire-EHT_D5_60_2	395	13171	251.0	188.0	244.0	527.0
Acquire-EHT_D5_60_2	396	13218	251.0	188.0	244.0	527.0
Acquire-EHT_D5_60_2	397	13249	251.0	188.0	244.0	527.0
Acquire-EHT_D5_60_2	398	13280	251.0	188.0	244.0	527.0
Acquire-EHT_D5_60_2	399	13312	251.0	188.0	244.0	527.0
Acquire-EHT_D5_60_2	400	13343	251.0	188.0	244.0	527.0
Acquire-EHT_D5_60_2	401	13374	251.0	188.0	244.0	527.0
Acquire-EHT_D5_60_2	402	13405	251.0	188.0	244.0	527.0
Acquire-EHT_D5_60_2	403	13452	251.0	188.0	244.0	527.0
Acquire-EHT_D5_60_2	404	13483	251.0	188.0	244.0	527.0
Acquire-EHT_D5_60_2	405	13515	251.0	188.0	244.0	527.0
Acquire-EHT_D5_60_2	406	13546	251.0	188.0	244.0	527.0
Acquire-EHT_D5_60_2	407	13577	251.0	188.0	244.0	527.0
Acquire-EHT_D5_60_2	408	13608	251.0	188.0	244.0	527.0
Acquire-EHT_D5_60_2	409	13640	251.0	188.0	244.0	527.0
Acquire-EHT_D5_60_2	410	13671	251.0	188.0	244.0	527.0
Acquire-EHT_D5_60_2	411	13718	251.0	188.0	244.0	527.0
Acquire-EHT_D5_60_2	412	13749	251.0	188.0	244.0	527.0
Acquire-EHT_D5_60_2	413	13780	251.0	188.0	244.0	528.0
Acquire-EHT_D5_60_2	414	13812	251.0	188.0	244.0	527.0
Acquire-EHT_D5_60_2	415	13843	251.0	188.0	244.0	528.0
Acquire-EHT_D5_60_2	416	13874	251.0	188.0	244.0	527.0
Acquire-EHT_D5_60_2	417	13905	251.0	188.0	244.0	528.0
Acquire-EHT_D5_60_2	418	13952	251.0	188.0	244.0	527.0
Acquire-EHT_D5_60_2	419	13983	251.0	188.0	244.0	527.0
Acquire-EHT_D5_60_2	420	14015	251.0	188.0	244.0	527.0
Acquire-EHT_D5_60_2	421	14046	251.0	188.0	244.0	527.0
Acquire-EHT_D5_60_2	422	14077	251.0	188.0	244.0	527.0
Acquire-EHT_D5_60_2	423	14108	251.0	188.0	244.0	527.0
Acquire-EHT_D5_60_2	424	14140	251.0	188.0	244.0	527.0
Acquire-EHT_D5_60_2	425	14171	251.0	188.0	244.0	527.0
Acquire-EHT_D5_60_2	426	14218	251.0	188.0	244.0	527.0
Acquire-EHT_D5_60_2	427	14249	251.0	188.0	244.0	527.0
Acquire-EHT_D5_60_2	428	14280	251.0	188.0	244.0	527.0
Acquire-EHT_D5_60_2	429	14312	251.0	188.0	244.0	527.0
Acquire-EHT_D5_60_2	430	14343	251.0	188.0	244.0	527.0
Acquire-EHT_D5_60_2	431	14374	251.0	188.0	244.0	527.0
Acquire-EHT_D5_60_2	432	14405	251.0	188.0	244.0	528.0
Acquire-EHT_D5_60_2	433	14452	251.0	188.0	244.0	527.0
Acquire-EHT_D5_60_2	434	14483	251.0	188.0	244.0	528.0
Acquire-EHT_D5_60_2	435	14515	251.0	188.0	244.0	527.0
Acquire-EHT_D5_60_2	436	14546	251.0	188.0	244.0	528.0
Acquire-EHT_D5_60_2	437	14577	251.0	188.0	244.0	527.0
Acquire-EHT_D5_60_2	438	14608	251.0	188.0	244.0	527.0
Acquire-EHT_D5_60_2	439	14640	251.0	188.0	244.0	527.0
Acquire-EHT_D5_60_2	440	14671	251.0	188.0	244.0	527.0
Acquire-EHT_D5_60_2	441	14718	251.0	188.0	244.0	527.0
Acquire-EHT_D5_60_2	442	14749	251.0	188.0	244.0	527.0
Acquire-EHT_D5_60_2	443	14780	251.0	188.0	244.0	527.0
Acquire-EHT_D5_60_2	444	14811	251.0	188.0	244.0	527.0
Acquire-EHT_D5_60_2	445	14843	251.0	188.0	244.0	527.0
Acquire-EHT_D5_60_2	446	14874	251.0	188.0	244.0	527.0
Acquire-EHT_D5_60_2	447	14905	251.0	188.0	244.0	527.0
Acquire-EHT_D5_60_2	448	14952	251.0	188.0	244.0	527.0
Acquire-EHT_D5_60_2	449	14983	251.0	188.0	244.0	527.0
Acquire-EHT_D5_60_2	450	15015	251.0	188.0	244.0	527.0
Acquire-EHT_D5_60_2	451	15046	251.0	188.0	244.0	527.0
Acquire-EHT_D5_60_2	452	15077	251.0	188.0	244.0	527.0
Acquire-EHT_D5_60_2	453	15108	251.0	188.0	244.0	527.0
Acquire-EHT_D5_60_2	454	15140	251.0	188.0	244.0	527.0
Acquire-EHT_D5_60_2	455	15171	251.0	188.0	244.0	527.0
Acquire-EHT_D5_60_2	456	15218	251.0	188.0	244.0	527.0
Acquire-EHT_D5_60_2	457	15249	251.0	188.0	244.0	527.0
Acquire-EHT_D5_60_2	458	15280	251.0	188.0	244.0	528.0
Acquire-EHT_D5_60_2	459	15311	251.0	188.0	244.0	527.0
Acquire-EHT_D5_60_2	460	15343	251.0	188.0	244.0	528.0
Acquire-EHT_D5_60_2	461	15374	251.0	188.0	244.0	527.0
Acquire-EHT_D5_60_2	462	15405	251.0	188.0	244.0	528.0
Acquire-EHT_D5_60_2	463	15452	251.0	188.0	244.0	527.0
Acquire-EHT_D5_60_2	464	15483	251.0	188.0	244.0	527.0
Acquire-EHT_D5_60_2	465	15515	251.0	188.0	244.0	527.0
Acquire-EHT_D5_60_2	466	15546	251.0	188.0	244.0	527.0
Acquire-EHT_D5_60_2	467	15577	251.0	188.0	244.0	527.0
Acquire-EHT_D5_60_2	468	15608	251.0	188.0	244.0	527.0
Acquire-EHT_D5_60_2	469	15640	251.0	188.0	244.0	527.0
Acquire-EHT_D5_60_2	470	15671	251.0	188.0	244.0	527.0
Acquire-EHT_D5_60_2	471	15718	251.0	188.0	244.0	527.0
Acquire-EHT_D5_60_2	472	15749	251.0	188.0	244.0	527.0
Acquire-EHT_D5_60_2	473	15780	251.0	188.0	244.0	527.0
Acquire-EHT_D5_60_2	474	15811	251.0	188.0	244.0	527.0
Acquire-EHT_D5_60_2	475	15843	251.0	188.0	244.0	527.0
Acquire-EHT_D5_60_2	476	15874	251.0	188.0	244.0	527.0
Acquire-EHT_D5_60_2	477	15905	251.0	188.0	244.0	528.0
Acquire-EHT_D5_60_2	478	15952	251.0	188.0	244.0	528.0
Acquire-EHT_D5_60_2	479	15983	251.0	188.0	244.0	527.0
Acquire-EHT_D5_60_2	480	16015	251.0	188.0	244.0	527.0
Acquire-EHT_D5_60_2	481	16046	251.0	188.0	244.0	527.0
Acquire-EHT_D5_60_2	482	16077	251.0	188.0	244.0	528.0
Acquire-EHT_D5_60_2	483	16108	251.0	188.0	244.0	527.0
Acquire-EHT_D5_60_2	484	16140	251.0	188.0	244.0	528.0
Acquire-EHT_D5_60_2	485	16171	251.0	188.0	244.0	527.0
Acquire-EHT_D5_60_2	486	16218	251.0	188.0	244.0	527.0
Acquire-EHT_D5_60_2	487	16249	251.0	188.0	244.0	527.0
Acquire-EHT_D5_60_2	488	16280	251.0	188.0	244.0	527.0
Acquire-EHT_D5_60_2	489	16311	251.0	188.0	244.0	527.0
Acquire-EHT_D5_60_2	490	16343	251.0	188.0	244.0	527.0
Acquire-EHT_D5_60_2	491	16374	251.0	188.0	244.0	527.0
Acquire-EHT_D5_60_2	492	16405	251.0	188.0	244.0	527.0
Acquire-EHT_D5_60_2	493	16452	251.0	188.0	244.0	527.0
Acquire-EHT_D5_60_2	494	16483	251.0	188.0	244.0	527.0
Acquire-EHT_D5_60_2	495	16514	251.0	188.0	244.0	527.0
Acquire-EHT_D5_60_2	496	16546	251.0	188.0	244.0	527.0
Acquire-EHT_D5_60_2	497	16577	251.0	188.0	244.0	527.0
Acquire-EHT_D5_60_2	498	16608	251.0	188.0	244.0	527.0
Acquire-EHT_D5_60_2	499	16639	251.0	188.0	244.0	528.0
Acquire-EHT_D5_60_2	500	16671	251.0	188.0	244.0	527.0
Acquire-EHT_D5_60_2	501	16718	251.0	188.0	244.0	528.0
Acquire-EHT_D5_60_2	502	16749	251.0	188.0	244.0	527.0
Acquire-EHT_D5_60_2	503	16780	251.0	188.0	244.0	528.0
Acquire-EHT_D5_60_2	504	16811	251.0	188.0	244.0	527.0
Acquire-EHT_D5_60_2	505	16843	251.0	188.0	244.0	528.0
Acquire-EHT_D5_60_2	506	16874	251.0	188.0	244.0	527.0
Acquire-EHT_D5_60_2	507	16905	251.0	188.0	244.0	527.0
Acquire-EHT_D5_60_2	508	16952	251.0	188.0	244.0	527.0
Acquire-EHT_D5_60_2	509	16983	251.0	188.0	244.0	527.0
Acquire-EHT_D5_60_2	510	17014	251.0	188.0	244.0	527.0
Acquire-EHT_D5_60_2	511	17046	251.0	188.0	244.0	527.0
Acquire-EHT_D5_60_2	512	17077	251.0	188.0	244.0	527.0
Acquire-EHT_D5_60_2	513	17108	251.0	188.0	244.0	527.0
Acquire-EHT_D5_60_2	514	17139	251.0	188.0	244.0	527.0
Acquire-EHT_D5_60_2	515	17171	251.0	188.0	244.0	527.0
Acquire-EHT_D5_60_2	516	17218	251.0	188.0	244.0	527.0
Acquire-EHT_D5_60_2	517	17249	251.0	188.0	244.0	527.0
Acquire-EHT_D5_60_2	518	17280	251.0	188.0	244.0	527.0
Acquire-EHT_D5_60_2	519	17311	251.0	188.0	244.0	527.0
Acquire-EHT_D5_60_2	520	17343	251.0	188.0	244.0	527.0
Acquire-EHT_D5_60_2	521	17374	251.0	188.0	244.0	527.0
Acquire-EHT_D5_60_2	522	17405	251.0	188.0	244.0	527.0
Acquire-EHT_D5_60_2	523	17452	251.0	188.0	244.0	528.0
Acquire-EHT_D5_60_2	524	17483	251.0	188.0	244.0	527.0
Acquire-EHT_D5_60_2	525	17514	251.0	188.0	244.0	527.0
Acquire-EHT_D5_60_2	526	17546	251.0	188.0	244.0	527.0
Acquire-EHT_D5_60_2	527	17577	251.0	188.0	244.0	528.0
Acquire-EHT_D5_60_2	528	17608	251.0	188.0	244.0	527.0
Acquire-EHT_D5_60_2	529	17639	251.0	188.0	244.0	527.0
Acquire-EHT_D5_60_2	530	17671	251.0	188.0	244.0	527.0
Acquire-EHT_D5_60_2	531	17718	251.0	188.0	244.0	527.0
Acquire-EHT_D5_60_2	532	17749	251.0	188.0	244.0	527.0
Acquire-EHT_D5_60_2	533	17780	251.0	188.0	244.0	527.0
Acquire-EHT_D5_60_2	534	17811	251.0	188.0	244.0	527.0
Acquire-EHT_D5_60_2	535	17843	251.0	188.0	244.0	527.0
Acquire-EHT_D5_60_2	536	17874	251.0	188.0	244.0	527.0
Acquire-EHT_D5_60_2	537	17905	251.0	188.0	244.0	527.0
Acquire-EHT_D5_60_2	538	17952	251.0	188.0	244.0	527.0
Acquire-EHT_D5_60_2	539	17983	251.0	188.0	244.0	527.0
Acquire-EHT_D5_60_2	540	18014	251.0	188.0	244.0	527.0
Acquire-EHT_D5_60_2	541	18046	251.0	188.0	244.0	527.0
Acquire-EHT_D5_60_2	542	18077	251.0	188.0	244.0	528.0
Acquire-EHT_D5_60_2	543	18108	251.0	188.0	244.0	527.0
Acquire-EHT_D5_60_2	544	18139	251.0	188.0	244.0	528.0
Acquire-EHT_D5_60_2	545	18171	251.0	188.0	244.0	527.0
Acquire-EHT_D5_60_2	546	18217	251.0	188.0	244.0	527.0
Acquire-EHT_D5_60_2	547	18249	251.0	188.0	244.0	527.0
Acquire-EHT_D5_60_2	548	18280	251.0	188.0	244.0	528.0
Acquire-EHT_D5_60_2	549	18311	251.0	188.0	244.0	528.0
Acquire-EHT_D5_60_2	550	18342	251.0	188.0	244.0	527.0
Acquire-EHT_D5_60_2	551	18374	251.0	188.0	244.0	527.0
Acquire-EHT_D5_60_2	552	18405	251.0	188.0	244.0	527.0
Acquire-EHT_D5_60_2	553	18452	251.0	188.0	244.0	527.0
Acquire-EHT_D5_60_2	554	18483	251.0	188.0	244.0	527.0
Acquire-EHT_D5_60_2	555	18514	251.0	188.0	244.0	527.0
Acquire-EHT_D5_60_2	556	18546	251.0	188.0	244.0	527.0
Acquire-EHT_D5_60_2	557	18577	251.0	188.0	244.0	527.0
Acquire-EHT_D5_60_2	558	18608	251.0	188.0	244.0	527.0
Acquire-EHT_D5_60_2	559	18639	251.0	188.0	244.0	527.0
Acquire-EHT_D5_60_2	560	18671	251.0	188.0	244.0	527.0
Acquire-EHT_D5_60_2	561	18717	251.0	188.0	244.0	527.0
Acquire-EHT_D5_60_2	562	18749	251.0	188.0	244.0	527.0
Acquire-EHT_D5_60_2	563	18780	251.0	188.0	244.0	527.0
Acquire-EHT_D5_60_2	564	18811	251.0	188.0	244.0	527.0
Acquire-EHT_D5_60_2	565	18842	251.0	188.0	244.0	527.0
Acquire-EHT_D5_60_2	566	18874	251.0	188.0	244.0	528.0
Acquire-EHT_D5_60_2	567	18905	251.0	188.0	244.0	527.0
Acquire-EHT_D5_60_2	568	18952	251.0	188.0	244.0	528.0
Acquire-EHT_D5_60_2	569	18983	251.0	188.0	244.0	527.0
Acquire-EHT_D5_60_2	570	19014	251.0	188.0	244.0	528.0
Acquire-EHT_D5_60_2	571	19046	251.0	188.0	244.0	527.0
Acquire-EHT_D5_60_2	572	19077	251.0	188.0	244.0	528.0
Acquire-EHT_D5_60_2	573	19108	251.0	188.0	244.0	527.0
Acquire-EHT_D5_60_2	574	19139	251.0	188.0	244.0	527.0
Acquire-EHT_D5_60_2	575	19171	251.0	188.0	244.0	527.0
Acquire-EHT_D5_60_2	576	19217	251.0	188.0	244.0	527.0
Acquire-EHT_D5_60_2	577	19249	251.0	188.0	244.0	527.0
Acquire-EHT_D5_60_2	578	19280	251.0	188.0	244.0	527.0
Acquire-EHT_D5_60_2	579	19311	251.0	188.0	244.0	527.0
Acquire-EHT_D5_60_2	580	19342	251.0	188.0	244.0	527.0
Acquire-EHT_D5_60_2	581	19374	251.0	188.0	244.0	527.0
Acquire-EHT_D5_60_2	582	19405	251.0	188.0	244.0	527.0
Acquire-EHT_D5_60_2	583	19452	251.0	188.0	244.0	527.0
Acquire-EHT_D5_60_2	584	19483	251.0	188.0	244.0	527.0
Acquire-EHT_D5_60_2	585	19514	251.0	188.0	244.0	527.0
Acquire-EHT_D5_60_2	586	19546	251.0	188.0	244.0	527.0
Acquire-EHT_D5_60_2	587	19577	251.0	188.0	244.0	527.0
Acquire-EHT_D5_60_2	588	19639	251.0	188.0	244.0	527.0
Acquire-EHT_D5_60_2	589	19671	251.0	188.0	244.0	528.0
Acquire-EHT_D5_60_2	590	19717	251.0	188.0	244.0	527.0
Acquire-EHT_D5_60_2	591	19749	251.0	188.0	244.0	528.0
Acquire-EHT_D5_60_2	592	19780	251.0	188.0	244.0	527.0
Acquire-EHT_D5_60_2	593	19811	251.0	188.0	244.0	528.0
Acquire-EHT_D5_60_2	594	19842	251.0	188.0	244.0	527.0
Acquire-EHT_D5_60_2	595	19874	251.0	188.0	244.0	527.0
Acquire-EHT_D5_60_2	596	19905	251.0	188.0	244.0	527.0
Acquire-EHT_D5_60_2	597	19952	251.0	188.0	244.0	527.0
Acquire-EHT_D5_60_2	598	19983	251.0	188.0	244.0	527.0
Acquire-EHT_D5_60_2	599	20014	251.0	188.0	244.0	527.0
Acquire-EHT_D5_60_2	600	20045	251.0	188.0	244.0	527.0
Acquire-EHT_D5_60_2	601	20077	251.0	188.0	244.0	527.0
Acquire-EHT_D5_60_2	602	20108	251.0	188.0	244.0	527.0
Acquire-EHT_D5_60_2	603	20139	251.0	188.0	244.0	527.0
Acquire-EHT_D5_60_2	604	20170	251.0	188.0	244.0	527.0
Acquire-EHT_D5_60_2	605	20217	251.0	188.0	244.0	527.0
Acquire-EHT_D5_60_2	606	20249	251.0	188.0	244.0	527.0
Acquire-EHT_D5_60_2	607	20280	251.0	188.0	244.0	527.0
Acquire-EHT_D5_60_2	608	20311	251.0	188.0	244.0	527.0
Acquire-EHT_D5_60_2	609	20342	251.0	188.0	244.0	527.0
Acquire-EHT_D5_60_2	610	20374	251.0	188.0	244.0	528.0
Acquire-EHT_D5_60_2	611	20405	251.0	188.0	244.0	527.0
Acquire-EHT_D5_60_2	612	20452	251.0	188.0	244.0	528.0
Acquire-EHT_D5_60_2	613	20483	251.0	188.0	244.0	528.0
Acquire-EHT_D5_60_2	614	20514	251.0	188.0	244.0	528.0
Acquire-EHT_D5_60_2	615	20545	251.0	188.0	244.0	528.0
Acquire-EHT_D5_60_2	616	20577	251.0	188.0	244.0	527.0
Acquire-EHT_D5_60_2	617	20608	251.0	188.0	244.0	527.0
Acquire-EHT_D5_60_2	618	20639	251.0	188.0	244.0	527.0
Acquire-EHT_D5_60_2	619	20670	251.0	188.0	244.0	527.0
Acquire-EHT_D5_60_2	620	20717	251.0	188.0	244.0	527.0
Acquire-EHT_D5_60_2	621	20749	251.0	188.0	244.0	527.0
Acquire-EHT_D5_60_2	622	20780	251.0	188.0	244.0	527.0
Acquire-EHT_D5_60_2	623	20811	251.0	188.0	244.0	527.0
Acquire-EHT_D5_60_2	624	20842	251.0	188.0	244.0	527.0
Acquire-EHT_D5_60_2	625	20874	251.0	188.0	244.0	527.0
Acquire-EHT_D5_60_2	626	20905	251.0	188.0	244.0	527.0
Acquire-EHT_D5_60_2	627	20952	251.0	188.0	244.0	527.0
Acquire-EHT_D5_60_2	628	20983	251.0	188.0	244.0	527.0
Acquire-EHT_D5_60_2	629	21014	251.0	188.0	244.0	527.0
Acquire-EHT_D5_60_2	630	21045	251.0	188.0	244.0	528.0
Acquire-EHT_D5_60_2	631	21077	251.0	188.0	244.0	527.0
Acquire-EHT_D5_60_2	632	21108	251.0	188.0	244.0	528.0
Acquire-EHT_D5_60_2	633	21139	251.0	188.0	244.0	527.0
Acquire-EHT_D5_60_2	634	21170	251.0	188.0	244.0	528.0
Acquire-EHT_D5_60_2	635	21217	251.0	188.0	244.0	527.0
Acquire-EHT_D5_60_2	636	21249	251.0	188.0	244.0	528.0
Acquire-EHT_D5_60_2	637	21280	251.0	187.0	244.0	527.0
Acquire-EHT_D5_60_2	638	21311	251.0	188.0	244.0	527.0
Acquire-EHT_D5_60_2	639	21342	251.0	188.0	244.0	527.0
Acquire-EHT_D5_60_2	640	21374	251.0	188.0	244.0	527.0
Acquire-EHT_D5_60_2	641	21405	251.0	188.0	244.0	527.0
Acquire-EHT_D5_60_2	642	21452	251.0	188.0	244.0	527.0
Acquire-EHT_D5_60_2	643	21483	251.0	188.0	244.0	527.0
Acquire-EHT_D5_60_2	644	21514	251.0	188.0	244.0	527.0
Acquire-EHT_D5_60_2	645	21545	251.0	188.0	244.0	527.0
Acquire-EHT_D5_60_2	646	21577	251.0	188.0	244.0	527.0
Acquire-EHT_D5_60_2	647	21608	251.0	188.0	244.0	527.0
Acquire-EHT_D5_60_2	648	21639	251.0	188.0	244.0	527.0
Acquire-EHT_D5_60_2	649	21670	251.0	188.0	244.0	527.0
Acquire-EHT_D5_60_2	650	21717	251.0	188.0	244.0	527.0
Acquire-EHT_D5_60_2	651	21748	251.0	188.0	244.0	527.0
Acquire-EHT_D5_60_2	652	21780	251.0	188.0	244.0	527.0
Acquire-EHT_D5_60_2	653	21811	251.0	188.0	244.0	527.0
Acquire-EHT_D5_60_2	654	21842	251.0	188.0	244.0	527.0
Acquire-EHT_D5_60_2	655	21873	251.0	188.0	244.0	527.0
Acquire-EHT_D5_60_2	656	21905	251.0	188.0	244.0	527.0
Acquire-EHT_D5_60_2	657	21952	251.0	188.0	244.0	527.0
Acquire-EHT_D5_60_2	658	21983	251.0	188.0	244.0	528.0
Acquire-EHT_D5_60_2	659	22014	251.0	188.0	244.0	527.0
Acquire-EHT_D5_60_2	660	22045	251.0	188.0	244.0	528.0
Acquire-EHT_D5_60_2	661	22077	251.0	188.0	244.0	527.0
Acquire-EHT_D5_60_2	662	22108	251.0	188.0	244.0	527.0
Acquire-EHT_D5_60_2	663	22139	251.0	188.0	244.0	527.0
Acquire-EHT_D5_60_2	664	22170	251.0	188.0	244.0	527.0
Acquire-EHT_D5_60_2	665	22217	251.0	188.0	244.0	527.0
Acquire-EHT_D5_60_2	666	22248	251.0	188.0	244.0	527.0
Acquire-EHT_D5_60_2	667	22280	251.0	188.0	244.0	527.0
Acquire-EHT_D5_60_2	668	22311	251.0	188.0	244.0	527.0
Acquire-EHT_D5_60_2	669	22342	251.0	188.0	244.0	527.0
Acquire-EHT_D5_60_2	670	22373	251.0	188.0	244.0	527.0
Acquire-EHT_D5_60_2	671	22405	251.0	188.0	244.0	527.0
Acquire-EHT_D5_60_2	672	22452	251.0	188.0	244.0	527.0
Acquire-EHT_D5_60_2	673	22483	251.0	188.0	244.0	527.0
Acquire-EHT_D5_60_2	674	22514	251.0	188.0	244.0	527.0
Acquire-EHT_D5_60_2	675	22545	251.0	188.0	244.0	528.0
Acquire-EHT_D5_60_2	676	22577	251.0	188.0	244.0	527.0
Acquire-EHT_D5_60_2	677	22608	251.0	188.0	244.0	528.0
Acquire-EHT_D5_60_2	678	22639	251.0	188.0	244.0	527.0
Acquire-EHT_D5_60_2	679	22670	251.0	188.0	244.0	528.0
Acquire-EHT_D5_60_2	680	22717	251.0	188.0	244.0	528.0
Acquire-EHT_D5_60_2	681	22748	251.0	188.0	244.0	528.0
Acquire-EHT_D5_60_2	682	22780	251.0	188.0	244.0	527.0
Acquire-EHT_D5_60_2	683	22811	251.0	188.0	244.0	527.0
Acquire-EHT_D5_60_2	684	22842	251.0	188.0	244.0	527.0
Acquire-EHT_D5_60_2	685	22873	251.0	188.0	244.0	527.0
Acquire-EHT_D5_60_2	686	22905	251.0	188.0	244.0	527.0
Acquire-EHT_D5_60_2	687	22952	251.0	188.0	244.0	527.0
Acquire-EHT_D5_60_2	688	22983	251.0	188.0	244.0	527.0
Acquire-EHT_D5_60_2	689	23014	251.0	188.0	244.0	527.0
Acquire-EHT_D5_60_2	690	23045	251.0	188.0	244.0	527.0
Acquire-EHT_D5_60_2	691	23077	251.0	188.0	244.0	527.0
Acquire-EHT_D5_60_2	692	23108	251.0	188.0	244.0	527.0
Acquire-EHT_D5_60_2	693	23139	251.0	188.0	244.0	527.0
Acquire-EHT_D5_60_2	694	23170	251.0	188.0	244.0	527.0
Acquire-EHT_D5_60_2	695	23217	251.0	188.0	244.0	527.0
Acquire-EHT_D5_60_2	696	23248	251.0	188.0	244.0	527.0
Acquire-EHT_D5_60_2	697	23280	251.0	188.0	244.0	527.0
Acquire-EHT_D5_60_2	698	23311	251.0	188.0	244.0	527.0
Acquire-EHT_D5_60_2	699	23342	251.0	188.0	244.0	528.0
Acquire-EHT_D5_60_2	700	23373	251.0	188.0	244.0	527.0
Acquire-EHT_D5_60_2	701	23405	251.0	188.0	244.0	528.0
Acquire-EHT_D5_60_2	702	23451	251.0	188.0	244.0	527.0
Acquire-EHT_D5_60_2	703	23483	251.0	188.0	244.0	528.0
Acquire-EHT_D5_60_2	704	23514	251.0	188.0	244.0	527.0
Acquire-EHT_D5_60_2	705	23545	251.0	188.0	244.0	527.0
Acquire-EHT_D5_60_2	706	23576	251.0	188.0	244.0	527.0
Acquire-EHT_D5_60_2	707	23608	251.0	188.0	244.0	527.0
Acquire-EHT_D5_60_2	708	23639	251.0	188.0	244.0	527.0
Acquire-EHT_D5_60_2	709	23670	251.0	188.0	244.0	527.0
Acquire-EHT_D5_60_2	710	23717	251.0	188.0	244.0	527.0
Acquire-EHT_D5_60_2	711	23748	251.0	188.0	244.0	527.0
Acquire-EHT_D5_60_2	712	23780	251.0	188.0	244.0	527.0
Acquire-EHT_D5_60_2	713	23811	251.0	188.0	244.0	526.0
Acquire-EHT_D5_60_2	714	23842	251.0	188.0	244.0	527.0
Acquire-EHT_D5_60_2	715	23873	251.0	188.0	244.0	527.0
Acquire-EHT_D5_60_2	716	23905	251.0	188.0	244.0	527.0
Acquire-EHT_D5_60_2	717	23951	251.0	188.0	244.0	527.0
Acquire-EHT_D5_60_2	718	23983	251.0	188.0	244.0	527.0
Acquire-EHT_D5_60_2	719	24014	251.0	188.0	244.0	527.0
Acquire-EHT_D5_60_2	720	24045	251.0	188.0	244.0	527.0
Acquire-EHT_D5_60_2	721	24076	251.0	188.0	244.0	528.0
Acquire-EHT_D5_60_2	722	24108	251.0	188.0	244.0	527.0
Acquire-EHT_D5_60_2	723	24139	251.0	188.0	244.0	527.0
Acquire-EHT_D5_60_2	724	24170	251.0	188.0	244.0	527.0
Acquire-EHT_D5_60_2	725	24217	251.0	188.0	244.0	528.0
Acquire-EHT_D5_60_2	726	24248	251.0	188.0	244.0	527.0
Acquire-EHT_D5_60_2	727	24280	251.0	188.0	244.0	528.0
Acquire-EHT_D5_60_2	728	24311	251.0	188.0	244.0	527.0
Acquire-EHT_D5_60_2	729	24342	251.0	188.0	244.0	527.0
Acquire-EHT_D5_60_2	730	24373	251.0	188.0	244.0	527.0
Acquire-EHT_D5_60_2	731	24405	251.0	188.0	244.0	527.0
Acquire-EHT_D5_60_2	732	24451	251.0	188.0	244.0	527.0
Acquire-EHT_D5_60_2	733	24483	251.0	188.0	244.0	527.0
Acquire-EHT_D5_60_2	734	24514	251.0	188.0	244.0	527.0
Acquire-EHT_D5_60_2	735	24545	251.0	188.0	244.0	527.0
Acquire-EHT_D5_60_2	736	24576	251.0	188.0	244.0	527.0
Acquire-EHT_D5_60_2	737	24639	251.0	188.0	244.0	527.0
Acquire-EHT_D5_60_2	738	24670	251.0	188.0	244.0	527.0
Acquire-EHT_D5_60_2	739	24717	251.0	188.0	244.0	527.0
Acquire-EHT_D5_60_2	740	24748	251.0	188.0	244.0	527.0
Acquire-EHT_D5_60_2	741	24780	251.0	188.0	244.0	527.0
Acquire-EHT_D5_60_2	742	24811	251.0	188.0	244.0	528.0
Acquire-EHT_D5_60_2	743	24842	251.0	188.0	244.0	527.0
Acquire-EHT_D5_60_2	744	24873	251.0	188.0	244.0	528.0
Acquire-EHT_D5_60_2	745	24905	251.0	188.0	244.0	527.0
Acquire-EHT_D5_60_2	746	24951	251.0	188.0	244.0	528.0
Acquire-EHT_D5_60_2	747	24983	251.0	188.0	244.0	528.0
Acquire-EHT_D5_60_2	748	25014	251.0	188.0	244.0	528.0
Acquire-EHT_D5_60_2	749	25045	251.0	188.0	244.0	527.0
Acquire-EHT_D5_60_2	750	25076	251.0	188.0	244.0	527.0
Acquire-EHT_D5_60_2	751	25108	251.0	188.0	244.0	527.0
Acquire-EHT_D5_60_2	752	25139	251.0	188.0	244.0	527.0
Acquire-EHT_D5_60_2	753	25170	251.0	188.0	244.0	527.0
Acquire-EHT_D5_60_2	754	25217	251.0	188.0	244.0	527.0
Acquire-EHT_D5_60_2	755	25248	251.0	188.0	244.0	527.0
Acquire-EHT_D5_60_2	756	25279	251.0	188.0	244.0	527.0
Acquire-EHT_D5_60_2	757	25311	251.0	188.0	244.0	527.0
Acquire-EHT_D5_60_2	758	25342	251.0	188.0	244.0	527.0
Acquire-EHT_D5_60_2	759	25373	251.0	188.0	244.0	527.0
Acquire-EHT_D5_60_2	760	25404	251.0	188.0	244.0	527.0
Acquire-EHT_D5_60_2	761	25451	251.0	188.0	244.0	527.0
Acquire-EHT_D5_60_2	762	25483	251.0	188.0	244.0	527.0
Acquire-EHT_D5_60_2	763	25514	251.0	188.0	244.0	527.0
Acquire-EHT_D5_60_2	764	25545	251.0	188.0	244.0	527.0
Acquire-EHT_D5_60_2	765	25576	251.0	188.0	244.0	527.0
Acquire-EHT_D5_60_2	766	25608	251.0	188.0	244.0	527.0
Acquire-EHT_D5_60_2	767	25639	251.0	188.0	244.0	528.0
Acquire-EHT_D5_60_2	768	25670	251.0	188.0	244.0	527.0
Acquire-EHT_D5_60_2	769	25717	251.0	188.0	244.0	528.0
Acquire-EHT_D5_60_2	770	25748	251.0	188.0	244.0	527.0
Acquire-EHT_D5_60_2	771	25779	251.0	188.0	244.0	528.0
Acquire-EHT_D5_60_2	772	25811	251.0	188.0	244.0	527.0
Acquire-EHT_D5_60_2	773	25842	251.0	188.0	244.0	527.0
Acquire-EHT_D5_60_2	774	25873	251.0	188.0	244.0	527.0
Acquire-EHT_D5_60_2	775	25904	251.0	188.0	244.0	527.0
Acquire-EHT_D5_60_2	776	25951	251.0	188.0	244.0	527.0
Acquire-EHT_D5_60_2	777	25983	251.0	188.0	244.0	527.0
Acquire-EHT_D5_60_2	778	26014	251.0	188.0	244.0	527.0
Acquire-EHT_D5_60_2	779	26045	251.0	188.0	244.0	527.0
Acquire-EHT_D5_60_2	780	26076	251.0	188.0	244.0	527.0
Acquire-EHT_D5_60_2	781	26108	251.0	188.0	244.0	527.0
Acquire-EHT_D5_60_2	782	26139	251.0	188.0	244.0	527.0
Acquire-EHT_D5_60_2	783	26170	251.0	188.0	244.0	527.0
Acquire-EHT_D5_60_2	784	26217	251.0	188.0	244.0	527.0
Acquire-EHT_D5_60_2	785	26248	251.0	188.0	244.0	527.0
Acquire-EHT_D5_60_2	786	26279	251.0	188.0	244.0	527.0
Acquire-EHT_D5_60_2	787	26311	251.0	188.0	244.0	527.0
Acquire-EHT_D5_60_2	788	26342	251.0	188.0	244.0	527.0
Acquire-EHT_D5_60_2	789	26373	251.0	188.0	244.0	528.0
Acquire-EHT_D5_60_2	790	26404	251.0	188.0	244.0	527.0
Acquire-EHT_D5_60_2	791	26451	251.0	188.0	244.0	528.0
Acquire-EHT_D5_60_2	792	26483	251.0	188.0	244.0	527.0
Acquire-EHT_D5_60_2	793	26514	251.0	188.0	244.0	527.0
Acquire-EHT_D5_60_2	794	26545	251.0	188.0	244.0	527.0
Acquire-EHT_D5_60_2	795	26576	251.0	188.0	244.0	527.0
Acquire-EHT_D5_60_2	796	26608	251.0	188.0	244.0	527.0
Acquire-EHT_D5_60_2	797	26639	251.0	188.0	244.0	527.0
Acquire-EHT_D5_60_2	798	26670	251.0	188.0	244.0	527.0
Acquire-EHT_D5_60_2	799	26717	251.0	188.0	244.0	527.0
Acquire-EHT_D5_60_2	800	26748	251.0	188.0	244.0	527.0
Acquire-EHT_D5_60_2	801	26779	251.0	188.0	244.0	527.0
Acquire-EHT_D5_60_2	802	26811	251.0	188.0	244.0	527.0
Acquire-EHT_D5_60_2	803	26842	251.0	188.0	244.0	527.0
Acquire-EHT_D5_60_2	804	26873	251.0	188.0	244.0	527.0
Acquire-EHT_D5_60_2	805	26904	251.0	188.0	244.0	527.0
Acquire-EHT_D5_60_2	806	26951	251.0	188.0	244.0	527.0
Acquire-EHT_D5_60_2	807	26983	251.0	188.0	244.0	527.0
Acquire-EHT_D5_60_2	808	27014	251.0	188.0	244.0	528.0
Acquire-EHT_D5_60_2	809	27045	251.0	188.0	244.0	527.0
Acquire-EHT_D5_60_2	810	27076	251.0	188.0	244.0	527.0
Acquire-EHT_D5_60_2	811	27107	251.0	188.0	244.0	527.0
Acquire-EHT_D5_60_2	812	27139	251.0	188.0	244.0	528.0
Acquire-EHT_D5_60_2	813	27170	251.0	188.0	244.0	528.0
Acquire-EHT_D5_60_2	814	27217	251.0	188.0	244.0	527.0
Acquire-EHT_D5_60_2	815	27248	251.0	188.0	244.0	527.0
Acquire-EHT_D5_60_2	816	27279	251.0	188.0	244.0	527.0
Acquire-EHT_D5_60_2	817	27311	251.0	188.0	244.0	527.0
Acquire-EHT_D5_60_2	818	27342	251.0	188.0	244.0	527.0
Acquire-EHT_D5_60_2	819	27373	251.0	188.0	244.0	527.0
Acquire-EHT_D5_60_2	820	27404	251.0	188.0	244.0	527.0
Acquire-EHT_D5_60_2	821	27451	251.0	188.0	244.0	527.0
Acquire-EHT_D5_60_2	822	27482	251.0	188.0	244.0	527.0
Acquire-EHT_D5_60_2	823	27514	251.0	188.0	244.0	527.0
Acquire-EHT_D5_60_2	824	27545	251.0	188.0	244.0	527.0
Acquire-EHT_D5_60_2	825	27576	251.0	188.0	244.0	527.0
Acquire-EHT_D5_60_2	826	27607	251.0	188.0	244.0	527.0
Acquire-EHT_D5_60_2	827	27639	251.0	188.0	244.0	527.0
Acquire-EHT_D5_60_2	828	27686	251.0	188.0	244.0	527.0
Acquire-EHT_D5_60_2	829	27717	251.0	188.0	244.0	527.0
Acquire-EHT_D5_60_2	830	27748	251.0	188.0	244.0	528.0
Acquire-EHT_D5_60_2	831	27779	251.0	188.0	244.0	527.0
Acquire-EHT_D5_60_2	832	27811	251.0	188.0	244.0	528.0
Acquire-EHT_D5_60_2	833	27842	251.0	188.0	244.0	527.0
Acquire-EHT_D5_60_2	834	27873	251.0	188.0	244.0	528.0
Acquire-EHT_D5_60_2	835	27904	251.0	188.0	244.0	527.0
Acquire-EHT_D5_60_2	836	27951	251.0	188.0	244.0	528.0
Acquire-EHT_D5_60_2	837	27982	251.0	188.0	244.0	527.0
Acquire-EHT_D5_60_2	838	28014	251.0	188.0	244.0	527.0
Acquire-EHT_D5_60_2	839	28045	251.0	188.0	244.0	527.0
Acquire-EHT_D5_60_2	840	28076	251.0	188.0	244.0	527.0
Acquire-EHT_D5_60_2	841	28107	251.0	188.0	244.0	527.0
Acquire-EHT_D5_60_2	842	28139	251.0	188.0	244.0	527.0
Acquire-EHT_D5_60_2	843	28186	251.0	188.0	244.0	527.0
Acquire-EHT_D5_60_2	844	28217	251.0	188.0	244.0	527.0
Acquire-EHT_D5_60_2	845	28248	251.0	188.0	244.0	527.0
Acquire-EHT_D5_60_2	846	28279	251.0	188.0	244.0	527.0
Acquire-EHT_D5_60_2	847	28311	251.0	188.0	244.0	527.0
Acquire-EHT_D5_60_2	848	28342	251.0	188.0	244.0	527.0
Acquire-EHT_D5_60_2	849	28373	251.0	188.0	244.0	527.0
Acquire-EHT_D5_60_2	850	28404	251.0	188.0	244.0	527.0
Acquire-EHT_D5_60_2	851	28451	251.0	188.0	244.0	527.0
Acquire-EHT_D5_60_2	852	28482	251.0	188.0	244.0	527.0
Acquire-EHT_D5_60_2	853	28514	251.0	188.0	244.0	527.0
Acquire-EHT_D5_60_2	854	28545	251.0	188.0	244.0	527.0
Acquire-EHT_D5_60_2	855	28576	251.0	188.0	244.0	527.0
Acquire-EHT_D5_60_2	856	28607	251.0	188.0	244.0	528.0
Acquire-EHT_D5_60_2	857	28639	251.0	188.0	244.0	527.0
Acquire-EHT_D5_60_2	858	28686	251.0	188.0	244.0	527.0
Acquire-EHT_D5_60_2	859	28717	251.0	188.0	244.0	527.0
Acquire-EHT_D5_60_2	860	28748	251.0	188.0	244.0	527.0
Acquire-EHT_D5_60_2	861	28779	251.0	188.0	244.0	527.0
Acquire-EHT_D5_60_2	862	28811	251.0	188.0	244.0	527.0
Acquire-EHT_D5_60_2	863	28842	251.0	188.0	244.0	527.0
Acquire-EHT_D5_60_2	864	28873	251.0	188.0	244.0	527.0
Acquire-EHT_D5_60_2	865	28904	251.0	188.0	244.0	527.0
Acquire-EHT_D5_60_2	866	28951	251.0	188.0	244.0	527.0
Acquire-EHT_D5_60_2	867	28982	251.0	188.0	244.0	527.0
Acquire-EHT_D5_60_2	868	29014	251.0	188.0	244.0	527.0
Acquire-EHT_D5_60_2	869	29045	251.0	188.0	244.0	527.0
Acquire-EHT_D5_60_2	870	29076	251.0	188.0	244.0	527.0
Acquire-EHT_D5_60_2	871	29107	251.0	188.0	244.0	527.0
Acquire-EHT_D5_60_2	872	29139	251.0	188.0	244.0	527.0
Acquire-EHT_D5_60_2	873	29185	251.0	188.0	244.0	528.0
Acquire-EHT_D5_60_2	874	29217	251.0	188.0	244.0	527.0
Acquire-EHT_D5_60_2	875	29248	251.0	188.0	244.0	528.0
Acquire-EHT_D5_60_2	876	29279	251.0	188.0	244.0	527.0
Acquire-EHT_D5_60_2	877	29310	251.0	188.0	244.0	528.0
Acquire-EHT_D5_60_2	878	29342	251.0	188.0	244.0	527.0
Acquire-EHT_D5_60_2	879	29373	251.0	188.0	244.0	527.0
Acquire-EHT_D5_60_2	880	29404	251.0	188.0	244.0	528.0
Acquire-EHT_D5_60_2	881	29451	251.0	188.0	244.0	527.0
Acquire-EHT_D5_60_2	882	29482	251.0	188.0	244.0	527.0
Acquire-EHT_D5_60_2	883	29514	251.0	188.0	244.0	527.0
Acquire-EHT_D5_60_2	884	29545	251.0	188.0	244.0	527.0
Acquire-EHT_D5_60_2	885	29576	251.0	188.0	244.0	527.0
Acquire-EHT_D5_60_2	886	29607	251.0	188.0	244.0	527.0
Acquire-EHT_D5_60_2	887	29639	251.0	188.0	244.0	527.0
Acquire-EHT_D5_60_2	888	29685	251.0	188.0	244.0	527.0
Acquire-EHT_D5_60_2	889	29717	251.0	188.0	244.0	527.0
Acquire-EHT_D5_60_2	890	29748	251.0	188.0	244.0	527.0
Acquire-EHT_D5_60_2	891	29779	251.0	188.0	244.0	527.0
Acquire-EHT_D5_60_2	892	29810	251.0	188.0	244.0	527.0
Acquire-EHT_D5_60_2	893	29842	251.0	188.0	244.0	527.0
Acquire-EHT_D5_60_2	894	29873	251.0	188.0	244.0	527.0
Acquire-EHT_D5_60_2	895	29904	251.0	188.0	244.0	527.0
Acquire-EHT_D5_60_2	896	29951	251.0	188.0	244.0	527.0
Acquire-EHT_D1_60_1	0	0	373.0	248.0	352.0	663.0
Acquire-EHT_D1_60_1	1	15	373.0	248.0	352.0	663.0
Acquire-EHT_D1_60_1	2	47	373.0	248.0	352.0	663.0
Acquire-EHT_D1_60_1	3	78	373.0	248.0	352.0	663.0
Acquire-EHT_D1_60_1	4	109	373.0	248.0	352.0	663.0
Acquire-EHT_D1_60_1	5	140	373.0	247.0	352.0	663.0
Acquire-EHT_D1_60_1	6	187	373.0	247.0	352.0	663.0
Acquire-EHT_D1_60_1	7	219	373.0	246.0	352.0	664.0
Acquire-EHT_D1_60_1	8	250	373.0	245.0	352.0	665.0
Acquire-EHT_D1_60_1	9	281	373.0	245.0	352.0	665.0
Acquire-EHT_D1_60_1	10	312	373.0	245.0	352.0	665.0
Acquire-EHT_D1_60_1	11	344	373.0	245.0	352.0	666.0
Acquire-EHT_D1_60_1	12	375	373.0	244.0	352.0	666.0
Acquire-EHT_D1_60_1	13	406	373.0	245.0	352.0	666.0
Acquire-EHT_D1_60_1	14	437	373.0	244.0	352.0	666.0
Acquire-EHT_D1_60_1	15	484	373.0	245.0	352.0	666.0
Acquire-EHT_D1_60_1	16	515	373.0	244.0	352.0	666.0
Acquire-EHT_D1_60_1	17	547	373.0	245.0	352.0	666.0
Acquire-EHT_D1_60_1	18	578	373.0	246.0	352.0	664.0
Acquire-EHT_D1_60_1	19	609	373.0	247.0	352.0	663.0
Acquire-EHT_D1_60_1	20	640	373.0	248.0	352.0	663.0
Acquire-EHT_D1_60_1	21	672	373.0	248.0	352.0	663.0
Acquire-EHT_D1_60_1	22	719	373.0	248.0	352.0	663.0
Acquire-EHT_D1_60_1	23	750	373.0	248.0	352.0	663.0
Acquire-EHT_D1_60_1	24	781	373.0	248.0	352.0	663.0
Acquire-EHT_D1_60_1	25	812	373.0	248.0	352.0	663.0
Acquire-EHT_D1_60_1	26	844	373.0	248.0	352.0	663.0
Acquire-EHT_D1_60_1	27	875	373.0	247.0	352.0	664.0
Acquire-EHT_D1_60_1	28	906	373.0	247.0	352.0	664.0
Acquire-EHT_D1_60_1	29	937	373.0	246.0	352.0	665.0
Acquire-EHT_D1_60_1	30	984	373.0	245.0	353.0	665.0
Acquire-EHT_D1_60_1	31	1015	373.0	245.0	352.0	666.0
Acquire-EHT_D1_60_1	32	1047	373.0	245.0	352.0	665.0
Acquire-EHT_D1_60_1	33	1078	373.0	245.0	352.0	666.0
Acquire-EHT_D1_60_1	34	1109	373.0	245.0	352.0	666.0
Acquire-EHT_D1_60_1	35	1140	373.0	245.0	352.0	666.0
Acquire-EHT_D1_60_1	36	1172	373.0	245.0	353.0	666.0
Acquire-EHT_D1_60_1	37	1219	373.0	245.0	352.0	666.0
Acquire-EHT_D1_60_1	38	1250	373.0	245.0	352.0	666.0
Acquire-EHT_D1_60_1	39	1281	373.0	246.0	352.0	665.0
Acquire-EHT_D1_60_1	40	1312	373.0	247.0	352.0	664.0
Acquire-EHT_D1_60_1	41	1344	373.0	247.0	352.0	663.0
Acquire-EHT_D1_60_1	42	1375	373.0	248.0	352.0	663.0
Acquire-EHT_D1_60_1	43	1406	373.0	248.0	352.0	663.0
Acquire-EHT_D1_60_1	44	1437	373.0	248.0	352.0	663.0
Acquire-EHT_D1_60_1	45	1484	373.0	248.0	352.0	663.0
Acquire-EHT_D1_60_1	46	1515	373.0	248.0	352.0	663.0
Acquire-EHT_D1_60_1	47	1547	373.0	248.0	352.0	663.0
Acquire-EHT_D1_60_1	48	1578	373.0	248.0	352.0	663.0
Acquire-EHT_D1_60_1	49	1609	373.0	247.0	352.0	664.0
Acquire-EHT_D1_60_1	50	1640	373.0	246.0	352.0	664.0
Acquire-EHT_D1_60_1	51	1672	373.0	245.0	352.0	665.0
Acquire-EHT_D1_60_1	52	1719	373.0	245.0	352.0	665.0
Acquire-EHT_D1_60_1	53	1750	373.0	245.0	352.0	666.0
Acquire-EHT_D1_60_1	54	1781	373.0	245.0	352.0	666.0
Acquire-EHT_D1_60_1	55	1812	373.0	245.0	352.0	666.0
Acquire-EHT_D1_60_1	56	1844	373.0	245.0	352.0	666.0
Acquire-EHT_D1_60_1	57	1875	373.0	244.0	352.0	666.0
Acquire-EHT_D1_60_1	58	1906	373.0	245.0	352.0	666.0
Acquire-EHT_D1_60_1	59	1937	373.0	245.0	352.0	666.0
Acquire-EHT_D1_60_1	60	1984	373.0	245.0	352.0	665.0
Acquire-EHT_D1_60_1	61	2015	373.0	247.0	352.0	664.0
Acquire-EHT_D1_60_1	62	2047	373.0	247.0	352.0	663.0
Acquire-EHT_D1_60_1	63	2078	373.0	248.0	352.0	663.0
Acquire-EHT_D1_60_1	64	2109	373.0	248.0	352.0	663.0
Acquire-EHT_D1_60_1	65	2140	373.0	248.0	352.0	663.0
Acquire-EHT_D1_60_1	66	2172	373.0	248.0	352.0	663.0
Acquire-EHT_D1_60_1	67	2218	373.0	248.0	352.0	663.0
Acquire-EHT_D1_60_1	68	2250	373.0	248.0	352.0	663.0
Acquire-EHT_D1_60_1	69	2281	373.0	247.0	352.0	663.0
Acquire-EHT_D1_60_1	70	2312	373.0	247.0	352.0	664.0
Acquire-EHT_D1_60_1	71	2343	373.0	246.0	352.0	665.0
Acquire-EHT_D1_60_1	72	2375	373.0	246.0	352.0	665.0
Acquire-EHT_D1_60_1	73	2406	373.0	245.0	352.0	666.0
Acquire-EHT_D1_60_1	74	2437	373.0	245.0	352.0	666.0
Acquire-EHT_D1_60_1	75	2484	373.0	245.0	352.0	666.0
Acquire-EHT_D1_60_1	76	2515	373.0	245.0	352.0	666.0
Acquire-EHT_D1_60_1	77	2547	373.0	245.0	352.0	666.0
Acquire-EHT_D1_60_1	78	2578	373.0	245.0	352.0	666.0
Acquire-EHT_D1_60_1	79	2609	373.0	245.0	352.0	666.0
Acquire-EHT_D1_60_1	80	2640	373.0	245.0	352.0	666.0
Acquire-EHT_D1_60_1	81	2672	373.0	246.0	352.0	665.0
Acquire-EHT_D1_60_1	82	2718	373.0	247.0	352.0	664.0
Acquire-EHT_D1_60_1	83	2750	373.0	248.0	352.0	663.0
Acquire-EHT_D1_60_1	84	2781	373.0	248.0	352.0	663.0
Acquire-EHT_D1_60_1	85	2812	373.0	248.0	352.0	663.0
Acquire-EHT_D1_60_1	86	2843	373.0	248.0	352.0	663.0
Acquire-EHT_D1_60_1	87	2875	373.0	248.0	352.0	663.0
Acquire-EHT_D1_60_1	88	2906	373.0	248.0	352.0	663.0
Acquire-EHT_D1_60_1	89	2937	373.0	248.0	352.0	663.0
Acquire-EHT_D1_60_1	90	2984	373.0	248.0	352.0	663.0
Acquire-EHT_D1_60_1	91	3015	373.0	247.0	352.0	664.0
Acquire-EHT_D1_60_1	92	3047	373.0	246.0	352.0	665.0
Acquire-EHT_D1_60_1	93	3078	373.0	245.0	353.0	665.0
Acquire-EHT_D1_60_1	94	3109	373.0	245.0	352.0	666.0
Acquire-EHT_D1_60_1	95	3140	373.0	245.0	352.0	666.0
Acquire-EHT_D1_60_1	96	3172	373.0	245.0	353.0	665.0
Acquire-EHT_D1_60_1	97	3218	373.0	245.0	352.0	666.0
Acquire-EHT_D1_60_1	98	3250	373.0	245.0	352.0	666.0
Acquire-EHT_D1_60_1	99	3281	373.0	245.0	352.0	666.0
Acquire-EHT_D1_60_1	100	3312	373.0	245.0	352.0	666.0
Acquire-EHT_D1_60_1	101	3343	373.0	245.0	352.0	666.0
Acquire-EHT_D1_60_1	102	3375	373.0	245.0	352.0	665.0
Acquire-EHT_D1_60_1	103	3406	373.0	246.0	352.0	664.0
Acquire-EHT_D1_60_1	104	3453	373.0	247.0	352.0	663.0
Acquire-EHT_D1_60_1	105	3484	373.0	248.0	352.0	663.0
Acquire-EHT_D1_60_1	106	3515	373.0	248.0	352.0	663.0
Acquire-EHT_D1_60_1	107	3547	373.0	248.0	352.0	663.0
Acquire-EHT_D1_60_1	108	3578	373.0	248.0	352.0	663.0
Acquire-EHT_D1_60_1	109	3609	373.0	248.0	352.0	663.0
Acquire-EHT_D1_60_1	110	3640	373.0	248.0	352.0	663.0
Acquire-EHT_D1_60_1	111	3671	373.0	247.0	352.0	663.0
Acquire-EHT_D1_60_1	112	3718	373.0	247.0	352.0	664.0
Acquire-EHT_D1_60_1	113	3750	373.0	247.0	352.0	664.0
Acquire-EHT_D1_60_1	114	3781	373.0	246.0	353.0	665.0
Acquire-EHT_D1_60_1	115	3812	373.0	245.0	352.0	665.0
Acquire-EHT_D1_60_1	116	3843	373.0	245.0	353.0	665.0
Acquire-EHT_D1_60_1	117	3875	373.0	245.0	352.0	666.0
Acquire-EHT_D1_60_1	118	3906	373.0	244.0	352.0	665.0
Acquire-EHT_D1_60_1	119	3953	373.0	245.0	352.0	666.0
Acquire-EHT_D1_60_1	120	3984	373.0	245.0	352.0	666.0
Acquire-EHT_D1_60_1	121	4015	373.0	245.0	352.0	666.0
Acquire-EHT_D1_60_1	122	4046	373.0	245.0	352.0	666.0
Acquire-EHT_D1_60_1	123	4078	373.0	245.0	352.0	665.0
Acquire-EHT_D1_60_1	124	4109	373.0	246.0	352.0	665.0
Acquire-EHT_D1_60_1	125	4140	373.0	247.0	352.0	664.0
Acquire-EHT_D1_60_1	126	4171	373.0	247.0	352.0	663.0
Acquire-EHT_D1_60_1	127	4218	373.0	248.0	352.0	663.0
Acquire-EHT_D1_60_1	128	4250	373.0	248.0	352.0	663.0
Acquire-EHT_D1_60_1	129	4281	373.0	248.0	352.0	663.0
Acquire-EHT_D1_60_1	130	4312	373.0	248.0	352.0	663.0
Acquire-EHT_D1_60_1	131	4343	373.0	248.0	352.0	663.0
Acquire-EHT_D1_60_1	132	4375	373.0	248.0	352.0	663.0
Acquire-EHT_D1_60_1	133	4406	373.0	247.0	352.0	664.0
Acquire-EHT_D1_60_1	134	4453	373.0	246.0	352.0	664.0
Acquire-EHT_D1_60_1	135	4484	373.0	245.0	352.0	665.0
Acquire-EHT_D1_60_1	136	4515	373.0	245.0	352.0	665.0
Acquire-EHT_D1_60_1	137	4546	373.0	245.0	352.0	665.0
Acquire-EHT_D1_60_1	138	4578	373.0	245.0	352.0	666.0
Acquire-EHT_D1_60_1	139	4609	373.0	244.0	352.0	666.0
Acquire-EHT_D1_60_1	140	4640	373.0	245.0	352.0	666.0
Acquire-EHT_D1_60_1	141	4671	373.0	245.0	352.0	666.0
Acquire-EHT_D1_60_1	142	4718	373.0	245.0	352.0	666.0
Acquire-EHT_D1_60_1	143	4750	373.0	245.0	352.0	666.0
Acquire-EHT_D1_60_1	144	4781	373.0	246.0	352.0	665.0
Acquire-EHT_D1_60_1	145	4812	373.0	247.0	352.0	664.0
Acquire-EHT_D1_60_1	146	4843	373.0	247.0	352.0	663.0
Acquire-EHT_D1_60_1	147	4875	373.0	248.0	352.0	663.0
Acquire-EHT_D1_60_1	148	4906	373.0	248.0	352.0	663.0
Acquire-EHT_D1_60_1	149	4953	373.0	248.0	352.0	663.0
Acquire-EHT_D1_60_1	150	4984	373.0	248.0	352.0	663.0
Acquire-EHT_D1_60_1	151	5015	373.0	248.0	352.0	663.0
Acquire-EHT_D1_60_1	152	5046	373.0	248.0	352.0	663.0
Acquire-EHT_D1_60_1	153	5078	373.0	247.0	352.0	663.0
Acquire-EHT_D1_60_1	154	5109	373.0	247.0	352.0	664.0
Acquire-EHT_D1_60_1	155	5140	373.0	246.0	352.0	665.0
Acquire-EHT_D1_60_1	156	5171	373.0	246.0	352.0	665.0
Acquire-EHT_D1_60_1	157	5218	373.0	245.0	352.0	666.0
Acquire-EHT_D1_60_1	158	5250	373.0	245.0	352.0	666.0
Acquire-EHT_D1_60_1	159	5281	373.0	245.0	352.0	666.0
Acquire-EHT_D1_60_1	160	5312	373.0	245.0	352.0	666.0
Acquire-EHT_D1_60_1	161	5343	373.0	245.0	352.0	666.0
Acquire-EHT_D1_60_1	162	5375	373.0	245.0	352.0	666.0
Acquire-EHT_D1_60_1	163	5406	373.0	245.0	352.0	666.0
Acquire-EHT_D1_60_1	164	5453	373.0	245.0	352.0	665.0
Acquire-EHT_D1_60_1	165	5484	373.0	247.0	352.0	665.0
Acquire-EHT_D1_60_1	166	5515	373.0	247.0	352.0	663.0
Acquire-EHT_D1_60_1	167	5546	373.0	248.0	352.0	663.0
Acquire-EHT_D1_60_1	168	5578	373.0	248.0	352.0	663.0
Acquire-EHT_D1_60_1	169	5609	373.0	248.0	352.0	663.0
Acquire-EHT_D1_60_1	170	5640	373.0	248.0	352.0	663.0
Acquire-EHT_D1_60_1	171	5671	373.0	248.0	352.0	663.0
Acquire-EHT_D1_60_1	172	5718	373.0	248.0	352.0	663.0
Acquire-EHT_D1_60_1	173	5749	373.0	247.0	352.0	663.0
Acquire-EHT_D1_60_1	174	5781	373.0	247.0	352.0	663.0
Acquire-EHT_D1_60_1	175	5812	373.0	246.0	352.0	664.0
Acquire-EHT_D1_60_1	176	5843	373.0	246.0	352.0	665.0
Acquire-EHT_D1_60_1	177	5874	373.0	245.0	352.0	666.0
Acquire-EHT_D1_60_1	178	5906	373.0	245.0	352.0	666.0
Acquire-EHT_D1_60_1	179	5953	373.0	245.0	352.0	666.0
Acquire-EHT_D1_60_1	180	5984	373.0	245.0	352.0	666.0
Acquire-EHT_D1_60_1	181	6015	373.0	245.0	352.0	666.0
Acquire-EHT_D1_60_1	182	6046	373.0	245.0	352.0	666.0
Acquire-EHT_D1_60_1	183	6078	373.0	245.0	352.0	666.0
Acquire-EHT_D1_60_1	184	6109	373.0	245.0	352.0	665.0
Acquire-EHT_D1_60_1	185	6140	373.0	246.0	352.0	665.0
Acquire-EHT_D1_60_1	186	6171	373.0	246.0	352.0	664.0
Acquire-EHT_D1_60_1	187	6218	373.0	248.0	352.0	663.0
Acquire-EHT_D1_60_1	188	6249	373.0	248.0	352.0	663.0
Acquire-EHT_D1_60_1	189	6281	373.0	248.0	352.0	663.0
Acquire-EHT_D1_60_1	190	6312	373.0	248.0	352.0	663.0
Acquire-EHT_D1_60_1	191	6343	373.0	248.0	352.0	663.0
Acquire-EHT_D1_60_1	192	6374	373.0	248.0	352.0	663.0
Acquire-EHT_D1_60_1	193	6406	373.0	248.0	352.0	663.0
Acquire-EHT_D1_60_1	194	6453	373.0	247.0	352.0	663.0
Acquire-EHT_D1_60_1	195	6484	373.0	247.0	352.0	664.0
Acquire-EHT_D1_60_1	196	6515	373.0	246.0	352.0	665.0
Acquire-EHT_D1_60_1	197	6546	373.0	245.0	352.0	665.0
Acquire-EHT_D1_60_1	198	6578	373.0	245.0	352.0	665.0
Acquire-EHT_D1_60_1	199	6609	373.0	245.0	352.0	666.0
Acquire-EHT_D1_60_1	200	6640	373.0	245.0	352.0	666.0
Acquire-EHT_D1_60_1	201	6671	373.0	245.0	352.0	666.0
Acquire-EHT_D1_60_1	202	6718	373.0	245.0	352.0	666.0
Acquire-EHT_D1_60_1	203	6749	373.0	245.0	352.0	666.0
Acquire-EHT_D1_60_1	204	6781	373.0	245.0	352.0	666.0
Acquire-EHT_D1_60_1	205	6812	373.0	246.0	352.0	665.0
Acquire-EHT_D1_60_1	206	6843	373.0	247.0	352.0	664.0
Acquire-EHT_D1_60_1	207	6874	373.0	247.0	352.0	663.0
Acquire-EHT_D1_60_1	208	6906	373.0	248.0	352.0	663.0
Acquire-EHT_D1_60_1	209	6953	373.0	248.0	352.0	663.0
Acquire-EHT_D1_60_1	210	6984	373.0	248.0	352.0	663.0
Acquire-EHT_D1_60_1	211	7015	373.0	248.0	352.0	663.0
Acquire-EHT_D1_60_1	212	7046	373.0	248.0	352.0	663.0
Acquire-EHT_D1_60_1	213	7078	373.0	248.0	352.0	663.0
Acquire-EHT_D1_60_1	214	7109	373.0	247.0	352.0	663.0
Acquire-EHT_D1_60_1	215	7140	373.0	247.0	352.0	664.0
Acquire-EHT_D1_60_1	216	7171	373.0	246.0	352.0	665.0
Acquire-EHT_D1_60_1	217	7218	373.0	245.0	352.0	665.0
Acquire-EHT_D1_60_1	218	7249	373.0	245.0	352.0	665.0
Acquire-EHT_D1_60_1	219	7281	373.0	245.0	352.0	666.0
Acquire-EHT_D1_60_1	220	7312	373.0	245.0	352.0	666.0
Acquire-EHT_D1_60_1	221	7343	373.0	245.0	352.0	666.0
Acquire-EHT_D1_60_1	222	7374	373.0	245.0	352.0	666.0
Acquire-EHT_D1_60_1	223	7406	373.0	245.0	352.0	666.0
Acquire-EHT_D1_60_1	224	7452	373.0	245.0	352.0	666.0
Acquire-EHT_D1_60_1	225	7484	373.0	245.0	352.0	665.0
Acquire-EHT_D1_60_1	226	7515	373.0	246.0	352.0	664.0
Acquire-EHT_D1_60_1	227	7546	373.0	247.0	352.0	664.0
Acquire-EHT_D1_60_1	228	7577	373.0	248.0	352.0	663.0
Acquire-EHT_D1_60_1	229	7609	373.0	248.0	352.0	663.0
Acquire-EHT_D1_60_1	230	7640	373.0	248.0	352.0	663.0
Acquire-EHT_D1_60_1	231	7671	373.0	248.0	352.0	663.0
Acquire-EHT_D1_60_1	232	7718	373.0	248.0	352.0	663.0
Acquire-EHT_D1_60_1	233	7749	373.0	248.0	352.0	663.0
Acquire-EHT_D1_60_1	234	7781	373.0	248.0	352.0	663.0
Acquire-EHT_D1_60_1	235	7812	373.0	247.0	352.0	663.0
Acquire-EHT_D1_60_1	236	7843	373.0	246.0	352.0	664.0
Acquire-EHT_D1_60_1	237	7874	373.0	246.0	352.0	665.0
Acquire-EHT_D1_60_1	238	7906	373.0	245.0	352.0	665.0
Acquire-EHT_D1_60_1	239	7952	373.0	245.0	352.0	666.0
Acquire-EHT_D1_60_1	240	7984	373.0	245.0	352.0	666.0
Acquire-EHT_D1_60_1	241	8015	373.0	245.0	352.0	666.0
Acquire-EHT_D1_60_1	242	8046	373.0	245.0	352.0	666.0
Acquire-EHT_D1_60_1	243	8077	372.0	245.0	352.0	666.0
Acquire-EHT_D1_60_1	244	8109	373.0	245.0	352.0	666.0
Acquire-EHT_D1_60_1	245	8140	373.0	245.0	352.0	665.0
Acquire-EHT_D1_60_1	246	8171	373.0	247.0	352.0	665.0
Acquire-EHT_D1_60_1	247	8218	373.0	247.0	352.0	663.0
Acquire-EHT_D1_60_1	248	8249	373.0	248.0	352.0	663.0
Acquire-EHT_D1_60_1	249	8281	373.0	248.0	352.0	663.0
Acquire-EHT_D1_60_1	250	8312	373.0	248.0	352.0	663.0
Acquire-EHT_D1_60_1	251	8343	373.0	248.0	352.0	663.0
Acquire-EHT_D1_60_1	252	8374	373.0	248.0	352.0	663.0
Acquire-EHT_D1_60_1	253	8406	373.0	248.0	352.0	663.0
Acquire-EHT_D1_60_1	254	8452	373.0	247.0	352.0	663.0
Acquire-EHT_D1_60_1	255	8484	373.0	247.0	352.0	664.0
Acquire-EHT_D1_60_1	256	8515	373.0	246.0	352.0	664.0
Acquire-EHT_D1_60_1	257	8546	373.0	246.0	352.0	665.0
Acquire-EHT_D1_60_1	258	8577	373.0	245.0	352.0	665.0
Acquire-EHT_D1_60_1	259	8609	373.0	245.0	353.0	665.0
Acquire-EHT_D1_60_1	260	8640	373.0	245.0	353.0	665.0
Acquire-EHT_D1_60_1	261	8671	373.0	245.0	352.0	666.0
Acquire-EHT_D1_60_1	262	8718	373.0	245.0	352.0	666.0
Acquire-EHT_D1_60_1	263	8749	373.0	245.0	352.0	666.0
Acquire-EHT_D1_60_1	264	8781	373.0	245.0	352.0	666.0
Acquire-EHT_D1_60_1	265	8812	373.0	245.0	352.0	665.0
Acquire-EHT_D1_60_1	266	8843	373.0	245.0	352.0	665.0
Acquire-EHT_D1_60_1	267	8874	373.0	247.0	352.0	664.0
Acquire-EHT_D1_60_1	268	8906	373.0	247.0	352.0	663.0
Acquire-EHT_D1_60_1	269	8952	373.0	248.0	352.0	663.0
Acquire-EHT_D1_60_1	270	8984	373.0	248.0	352.0	663.0
Acquire-EHT_D1_60_1	271	9015	373.0	248.0	352.0	663.0
Acquire-EHT_D1_60_1	272	9046	373.0	248.0	352.0	663.0
Acquire-EHT_D1_60_1	273	9077	373.0	248.0	352.0	663.0
Acquire-EHT_D1_60_1	274	9109	373.0	247.0	352.0	663.0
Acquire-EHT_D1_60_1	275	9140	373.0	247.0	352.0	663.0
Acquire-EHT_D1_60_1	276	9171	373.0	246.0	352.0	664.0
Acquire-EHT_D1_60_1	277	9218	373.0	246.0	352.0	665.0
Acquire-EHT_D1_60_1	278	9249	373.0	245.0	352.0	665.0
Acquire-EHT_D1_60_1	279	9280	373.0	245.0	352.0	666.0
Acquire-EHT_D1_60_1	280	9312	373.0	245.0	352.0	666.0
Acquire-EHT_D1_60_1	281	9343	373.0	245.0	352.0	666.0
Acquire-EHT_D1_60_1	282	9374	373.0	245.0	353.0	666.0
Acquire-EHT_D1_60_1	283	9405	373.0	245.0	352.0	666.0
Acquire-EHT_D1_60_1	284	9452	373.0	245.0	352.0	666.0
Acquire-EHT_D1_60_1	285	9484	373.0	245.0	352.0	666.0
Acquire-EHT_D1_60_1	286	9515	373.0	245.0	352.0	665.0
Acquire-EHT_D1_60_1	287	9546	373.0	247.0	352.0	664.0
Acquire-EHT_D1_60_1	288	9577	373.0	247.0	352.0	664.0
Acquire-EHT_D1_60_1	289	9609	373.0	248.0	352.0	663.0
Acquire-EHT_D1_60_1	290	9640	373.0	248.0	352.0	663.0
Acquire-EHT_D1_60_1	291	9671	373.0	248.0	352.0	663.0
Acquire-EHT_D1_60_1	292	9718	373.0	248.0	352.0	663.0
Acquire-EHT_D1_60_1	293	9749	373.0	248.0	352.0	663.0
Acquire-EHT_D1_60_1	294	9780	373.0	248.0	352.0	663.0
Acquire-EHT_D1_60_1	295	9812	373.0	247.0	352.0	663.0
Acquire-EHT_D1_60_1	296	9843	373.0	247.0	352.0	664.0
Acquire-EHT_D1_60_1	297	9874	373.0	246.0	352.0	664.0
Acquire-EHT_D1_60_1	298	9905	373.0	246.0	353.0	665.0
Acquire-EHT_D1_60_1	299	9952	373.0	245.0	352.0	666.0
Acquire-EHT_D1_60_1	300	9984	373.0	245.0	352.0	666.0
Acquire-EHT_D1_60_1	301	10015	373.0	245.0	352.0	666.0
Acquire-EHT_D1_60_1	302	10046	373.0	245.0	352.0	666.0
Acquire-EHT_D1_60_1	303	10077	373.0	245.0	353.0	666.0
Acquire-EHT_D1_60_1	304	10109	373.0	245.0	352.0	666.0
Acquire-EHT_D1_60_1	305	10140	373.0	245.0	352.0	666.0
Acquire-EHT_D1_60_1	306	10171	373.0	245.0	352.0	665.0
Acquire-EHT_D1_60_1	307	10218	373.0	247.0	352.0	664.0
Acquire-EHT_D1_60_1	308	10249	373.0	247.0	352.0	663.0
Acquire-EHT_D1_60_1	309	10280	373.0	248.0	352.0	663.0
Acquire-EHT_D1_60_1	310	10312	373.0	248.0	352.0	663.0
Acquire-EHT_D1_60_1	311	10343	373.0	248.0	352.0	663.0
Acquire-EHT_D1_60_1	312	10374	373.0	248.0	352.0	663.0
Acquire-EHT_D1_60_1	313	10405	373.0	248.0	352.0	663.0
Acquire-EHT_D1_60_1	314	10452	373.0	248.0	352.0	663.0
Acquire-EHT_D1_60_1	315	10484	373.0	247.0	352.0	663.0
Acquire-EHT_D1_60_1	316	10515	373.0	247.0	352.0	664.0
Acquire-EHT_D1_60_1	317	10546	373.0	246.0	352.0	664.0
Acquire-EHT_D1_60_1	318	10577	373.0	245.0	352.0	665.0
Acquire-EHT_D1_60_1	319	10609	373.0	245.0	352.0	665.0
Acquire-EHT_D1_60_1	320	10640	373.0	245.0	352.0	666.0
Acquire-EHT_D1_60_1	321	10671	373.0	245.0	352.0	666.0
Acquire-EHT_D1_60_1	322	10718	373.0	244.0	352.0	666.0
Acquire-EHT_D1_60_1	323	10749	373.0	245.0	352.0	666.0
Acquire-EHT_D1_60_1	324	10780	373.0	245.0	353.0	666.0
Acquire-EHT_D1_60_1	325	10812	373.0	245.0	352.0	666.0
Acquire-EHT_D1_60_1	326	10843	373.0	246.0	352.0	665.0
Acquire-EHT_D1_60_1	327	10874	373.0	246.0	352.0	664.0
Acquire-EHT_D1_60_1	328	10905	373.0	247.0	352.0	663.0
Acquire-EHT_D1_60_1	329	10952	373.0	248.0	352.0	663.0
Acquire-EHT_D1_60_1	330	10983	373.0	248.0	352.0	663.0
Acquire-EHT_D1_60_1	331	11015	373.0	248.0	352.0	663.0
Acquire-EHT_D1_60_1	332	11046	373.0	248.0	352.0	663.0
Acquire-EHT_D1_60_1	333	11077	373.0	248.0	352.0	663.0
Acquire-EHT_D1_60_1	334	11108	373.0	248.0	352.0	663.0
Acquire-EHT_D1_60_1	335	11140	373.0	248.0	352.0	663.0
Acquire-EHT_D1_60_1	336	11171	373.0	247.0	352.0	664.0
Acquire-EHT_D1_60_1	337	11218	373.0	246.0	352.0	665.0
Acquire-EHT_D1_60_1	338	11249	373.0	245.0	352.0	665.0
Acquire-EHT_D1_60_1	339	11280	373.0	245.0	352.0	665.0
Acquire-EHT_D1_60_1	340	11312	373.0	245.0	352.0	666.0
Acquire-EHT_D1_60_1	341	11343	373.0	244.0	352.0	666.0
Acquire-EHT_D1_60_1	342	11374	373.0	245.0	352.0	666.0
Acquire-EHT_D1_60_1	343	11405	373.0	245.0	352.0	666.0
Acquire-EHT_D1_60_1	344	11452	373.0	245.0	352.0	665.0
Acquire-EHT_D1_60_1	345	11483	373.0	245.0	352.0	666.0
Acquire-EHT_D1_60_1	346	11515	373.0	246.0	352.0	665.0
Acquire-EHT_D1_60_1	347	11546	373.0	247.0	352.0	663.0
Acquire-EHT_D1_60_1	348	11608	373.0	248.0	352.0	663.0
Acquire-EHT_D1_60_1	349	11640	373.0	248.0	352.0	663.0
Acquire-EHT_D1_60_1	350	11671	373.0	248.0	352.0	663.0
Acquire-EHT_D1_60_1	351	11718	373.0	248.0	352.0	663.0
Acquire-EHT_D1_60_1	352	11749	373.0	248.0	352.0	663.0
Acquire-EHT_D1_60_1	353	11780	373.0	248.0	352.0	663.0
Acquire-EHT_D1_60_1	354	11812	373.0	247.0	352.0	663.0
Acquire-EHT_D1_60_1	355	11843	373.0	247.0	352.0	664.0
Acquire-EHT_D1_60_1	356	11874	373.0	246.0	352.0	665.0
Acquire-EHT_D1_60_1	357	11905	373.0	245.0	352.0	665.0
Acquire-EHT_D1_60_1	358	11952	373.0	245.0	352.0	665.0
Acquire-EHT_D1_60_1	359	11983	373.0	245.0	352.0	666.0
Acquire-EHT_D1_60_1	360	12015	373.0	245.0	352.0	666.0
Acquire-EHT_D1_60_1	361	12046	373.0	245.0	352.0	666.0
Acquire-EHT_D1_60_1	362	12077	373.0	245.0	352.0	666.0
Acquire-EHT_D1_60_1	363	12108	373.0	245.0	352.0	666.0
Acquire-EHT_D1_60_1	364	12140	373.0	245.0	352.0	666.0
Acquire-EHT_D1_60_1	365	12171	373.0	246.0	352.0	665.0
Acquire-EHT_D1_60_1	366	12218	373.0	247.0	352.0	664.0
Acquire-EHT_D1_60_1	367	12249	373.0	247.0	352.0	663.0
Acquire-EHT_D1_60_1	368	12280	373.0	248.0	352.0	663.0
Acquire-EHT_D1_60_1	369	12312	373.0	248.0	352.0	663.0
Acquire-EHT_D1_60_1	370	12343	373.0	248.0	352.0	663.0
Acquire-EHT_D1_60_1	371	12374	373.0	248.0	352.0	663.0
Acquire-EHT_D1_60_1	372	12405	373.0	248.0	352.0	663.0
Acquire-EHT_D1_60_1	373	12452	373.0	248.0	352.0	663.0
Acquire-EHT_D1_60_1	374	12483	373.0	247.0	352.0	663.0
Acquire-EHT_D1_60_1	375	12515	373.0	247.0	352.0	664.0
Acquire-EHT_D1_60_1	376	12546	373.0	246.0	352.0	665.0
Acquire-EHT_D1_60_1	377	12577	373.0	245.0	352.0	665.0
Acquire-EHT_D1_60_1	378	12608	373.0	245.0	353.0	665.0
Acquire-EHT_D1_60_1	379	12640	373.0	245.0	352.0	666.0
Acquire-EHT_D1_60_1	380	12671	373.0	245.0	352.0	666.0
Acquire-EHT_D1_60_1	381	12718	373.0	245.0	353.0	666.0
Acquire-EHT_D1_60_1	382	12749	373.0	245.0	352.0	666.0
Acquire-EHT_D1_60_1	383	12780	373.0	245.0	353.0	666.0
Acquire-EHT_D1_60_1	384	12811	373.0	245.0	352.0	666.0
Acquire-EHT_D1_60_1	385	12843	373.0	245.0	352.0	665.0
Acquire-EHT_D1_60_1	386	12874	373.0	246.0	352.0	664.0
Acquire-EHT_D1_60_1	387	12905	373.0	247.0	352.0	663.0
Acquire-EHT_D1_60_1	388	12952	373.0	248.0	352.0	663.0
Acquire-EHT_D1_60_1	389	12983	373.0	248.0	352.0	663.0
Acquire-EHT_D1_60_1	390	13015	373.0	248.0	352.0	663.0
Acquire-EHT_D1_60_1	391	13046	373.0	248.0	352.0	663.0
Acquire-EHT_D1_60_1	392	13077	373.0	248.0	352.0	663.0
Acquire-EHT_D1_60_1	393	13108	373.0	248.0	352.0	663.0
Acquire-EHT_D1_60_1	394	13140	373.0	248.0	352.0	663.0
Acquire-EHT_D1_60_1	395	13171	373.0	247.0	352.0	663.0
Acquire-EHT_D1_60_1	396	13218	373.0	246.0	352.0	664.0
Acquire-EHT_D1_60_1	397	13249	373.0	246.0	352.0	665.0
Acquire-EHT_D1_60_1	398	13280	373.0	245.0	353.0	665.0
Acquire-EHT_D1_60_1	399	13311	373.0	245.0	352.0	666.0
Acquire-EHT_D1_60_1	400	13343	373.0	245.0	352.0	666.0
Acquire-EHT_D1_60_1	401	13374	373.0	245.0	352.0	666.0
Acquire-EHT_D1_60_1	402	13405	373.0	245.0	352.0	666.0
Acquire-EHT_D1_60_1	403	13452	373.0	245.0	352.0	666.0
Acquire-EHT_D1_60_1	404	13483	372.0	245.0	352.0	666.0
Acquire-EHT_D1_60_1	405	13515	373.0	245.0	352.0	665.0
Acquire-EHT_D1_60_1	406	13546	373.0	246.0	352.0	664.0
Acquire-EHT_D1_60_1	407	13577	373.0	247.0	352.0	663.0
Acquire-EHT_D1_60_1	408	13608	373.0	248.0	352.0	663.0
Acquire-EHT_D1_60_1	409	13640	373.0	248.0	352.0	663.0
Acquire-EHT_D1_60_1	410	13671	373.0	248.0	352.0	663.0
Acquire-EHT_D1_60_1	411	13718	373.0	248.0	352.0	663.0
Acquire-EHT_D1_60_1	412	13749	373.0	248.0	352.0	663.0
Acquire-EHT_D1_60_1	413	13780	373.0	248.0	352.0	663.0
Acquire-EHT_D1_60_1	414	13811	373.0	247.0	352.0	663.0
Acquire-EHT_D1_60_1	415	13843	373.0	247.0	352.0	663.0
Acquire-EHT_D1_60_1	416	13874	373.0	246.0	352.0	664.0
Acquire-EHT_D1_60_1	417	13905	373.0	246.0	352.0	665.0
Acquire-EHT_D1_60_1	418	13952	373.0	246.0	352.0	665.0
Acquire-EHT_D1_60_1	419	13983	373.0	245.0	352.0	665.0
Acquire-EHT_D1_60_1	420	14015	373.0	245.0	352.0	666.0
Acquire-EHT_D1_60_1	421	14046	373.0	245.0	352.0	666.0
Acquire-EHT_D1_60_1	422	14077	373.0	245.0	352.0	666.0
Acquire-EHT_D1_60_1	423	14108	373.0	245.0	352.0	666.0
Acquire-EHT_D1_60_1	424	14140	373.0	245.0	352.0	666.0
Acquire-EHT_D1_60_1	425	14171	373.0	245.0	353.0	665.0
Acquire-EHT_D1_60_1	426	14218	373.0	246.0	352.0	664.0
Acquire-EHT_D1_60_1	427	14249	373.0	247.0	352.0	664.0
Acquire-EHT_D1_60_1	428	14280	373.0	248.0	352.0	663.0
Acquire-EHT_D1_60_1	429	14311	373.0	248.0	352.0	663.0
Acquire-EHT_D1_60_1	430	14343	373.0	248.0	352.0	663.0
Acquire-EHT_D1_60_1	431	14374	373.0	248.0	352.0	663.0
Acquire-EHT_D1_60_1	432	14405	373.0	248.0	352.0	663.0
Acquire-EHT_D1_60_1	433	14452	373.0	248.0	352.0	663.0
Acquire-EHT_D1_60_1	434	14483	373.0	248.0	352.0	663.0
Acquire-EHT_D1_60_1	435	14514	373.0	247.0	352.0	663.0
Acquire-EHT_D1_60_1	436	14546	373.0	246.0	352.0	664.0
Acquire-EHT_D1_60_1	437	14577	373.0	246.0	352.0	665.0
Acquire-EHT_D1_60_1	438	14608	373.0	245.0	352.0	665.0
Acquire-EHT_D1_60_1	439	14639	373.0	245.0	352.0	666.0
Acquire-EHT_D1_60_1	440	14671	373.0	245.0	352.0	666.0
Acquire-EHT_D1_60_1	441	14718	373.0	245.0	352.0	666.0
Acquire-EHT_D1_60_1	442	14749	373.0	245.0	352.0	666.0
Acquire-EHT_D1_60_1	443	14780	372.0	245.0	352.0	666.0
Acquire-EHT_D1_60_1	444	14811	373.0	245.0	352.0	666.0
Acquire-EHT_D1_60_1	445	14843	373.0	245.0	352.0	666.0
Acquire-EHT_D1_60_1	446	14874	373.0	245.0	352.0	665.0
Acquire-EHT_D1_60_1	447	14905	373.0	246.0	352.0	665.0
Acquire-EHT_D1_60_1	448	14952	373.0	247.0	352.0	663.0
Acquire-EHT_D1_60_1	449	14983	373.0	248.0	352.0	663.0
Acquire-EHT_D1_60_1	450	15014	373.0	248.0	352.0	663.0
Acquire-EHT_D1_60_1	451	15046	373.0	248.0	352.0	663.0
Acquire-EHT_D1_60_1	452	15077	373.0	248.0	352.0	663.0
Acquire-EHT_D1_60_1	453	15108	373.0	248.0	352.0	663.0
Acquire-EHT_D1_60_1	454	15139	373.0	248.0	352.0	663.0
Acquire-EHT_D1_60_1	455	15171	373.0	248.0	352.0	663.0
Acquire-EHT_D1_60_1	456	15218	373.0	247.0	352.0	663.0
Acquire-EHT_D1_60_1	457	15249	373.0	246.0	352.0	664.0
Acquire-EHT_D1_60_1	458	15280	373.0	246.0	352.0	665.0
Acquire-EHT_D1_60_1	459	15311	373.0	246.0	353.0	665.0
Acquire-EHT_D1_60_1	460	15343	373.0	245.0	352.0	666.0
Acquire-EHT_D1_60_1	461	15374	373.0	245.0	352.0	665.0
Acquire-EHT_D1_60_1	462	15405	373.0	245.0	352.0	666.0
Acquire-EHT_D1_60_1	463	15452	373.0	245.0	352.0	666.0
Acquire-EHT_D1_60_1	464	15483	373.0	245.0	352.0	666.0
Acquire-EHT_D1_60_1	465	15514	373.0	245.0	352.0	666.0
Acquire-EHT_D1_60_1	466	15546	373.0	245.0	352.0	666.0
Acquire-EHT_D1_60_1	467	15577	373.0	245.0	352.0	665.0
Acquire-EHT_D1_60_1	468	15608	373.0	246.0	352.0	664.0
Acquire-EHT_D1_60_1	469	15639	373.0	247.0	352.0	663.0
Acquire-EHT_D1_60_1	470	15671	373.0	248.0	352.0	663.0
Acquire-EHT_D1_60_1	471	15718	373.0	248.0	352.0	663.0
Acquire-EHT_D1_60_1	472	15749	373.0	248.0	352.0	663.0
Acquire-EHT_D1_60_1	473	15780	373.0	248.0	352.0	663.0
Acquire-EHT_D1_60_1	474	15811	373.0	248.0	352.0	663.0
Acquire-EHT_D1_60_1	475	15843	373.0	248.0	352.0	663.0
Acquire-EHT_D1_60_1	476	15874	373.0	247.0	352.0	663.0
Acquire-EHT_D1_60_1	477	15905	373.0	247.0	352.0	664.0
Acquire-EHT_D1_60_1	478	15952	373.0	246.0	352.0	664.0
Acquire-EHT_D1_60_1	479	15983	373.0	245.0	352.0	665.0
Acquire-EHT_D1_60_1	480	16014	373.0	245.0	352.0	665.0
Acquire-EHT_D1_60_1	481	16046	373.0	245.0	352.0	666.0
Acquire-EHT_D1_60_1	482	16077	373.0	245.0	352.0	666.0
Acquire-EHT_D1_60_1	483	16108	373.0	245.0	352.0	666.0
Acquire-EHT_D1_60_1	484	16139	373.0	245.0	352.0	666.0
Acquire-EHT_D1_60_1	485	16171	373.0	245.0	352.0	666.0
Acquire-EHT_D1_60_1	486	16218	373.0	245.0	352.0	666.0
Acquire-EHT_D1_60_1	487	16249	373.0	245.0	353.0	666.0
Acquire-EHT_D1_60_1	488	16280	373.0	245.0	352.0	665.0
Acquire-EHT_D1_60_1	489	16311	373.0	247.0	352.0	664.0
Acquire-EHT_D1_60_1	490	16342	373.0	247.0	352.0	663.0
Acquire-EHT_D1_60_1	491	16374	373.0	248.0	352.0	663.0
Acquire-EHT_D1_60_1	492	16405	373.0	248.0	352.0	663.0
Acquire-EHT_D1_60_1	493	16452	373.0	248.0	352.0	663.0
Acquire-EHT_D1_60_1	494	16483	373.0	248.0	352.0	663.0
Acquire-EHT_D1_60_1	495	16514	373.0	248.0	352.0	663.0
Acquire-EHT_D1_60_1	496	16546	373.0	248.0	352.0	663.0
Acquire-EHT_D1_60_1	497	16577	373.0	245.0	352.0	666.0
Acquire-EHT_D1_60_1	498	16749	373.0	245.0	352.0	666.0
Acquire-EHT_D1_60_1	499	16780	373.0	245.0	352.0	666.0
Acquire-EHT_D1_60_1	500	16811	373.0	245.0	352.0	666.0
Acquire-EHT_D1_60_1	501	16842	373.0	245.0	352.0	666.0
Acquire-EHT_D1_60_1	502	16874	373.0	245.0	352.0	666.0
Acquire-EHT_D1_60_1	503	16905	373.0	245.0	352.0	666.0
Acquire-EHT_D1_60_1	504	16952	373.0	245.0	352.0	665.0
Acquire-EHT_D1_60_1	505	16983	373.0	246.0	352.0	665.0
Acquire-EHT_D1_60_1	506	17014	373.0	247.0	352.0	664.0
Acquire-EHT_D1_60_1	507	17046	373.0	247.0	352.0	663.0
Acquire-EHT_D1_60_1	508	17077	373.0	248.0	352.0	663.0
Acquire-EHT_D1_60_1	509	17108	373.0	248.0	352.0	663.0
Acquire-EHT_D1_60_1	510	17139	373.0	248.0	352.0	663.0
Acquire-EHT_D1_60_1	511	17171	373.0	248.0	352.0	663.0
Acquire-EHT_D1_60_1	512	17217	373.0	248.0	352.0	663.0
Acquire-EHT_D1_60_1	513	17249	373.0	248.0	352.0	663.0
Acquire-EHT_D1_60_1	514	17280	373.0	247.0	352.0	663.0
Acquire-EHT_D1_60_1	515	17311	373.0	247.0	352.0	664.0
Acquire-EHT_D1_60_1	516	17342	373.0	246.0	352.0	665.0
Acquire-EHT_D1_60_1	517	17374	373.0	245.0	352.0	665.0
Acquire-EHT_D1_60_1	518	17405	373.0	245.0	352.0	665.0
Acquire-EHT_D1_60_1	519	17452	373.0	245.0	352.0	666.0
Acquire-EHT_D1_60_1	520	17483	373.0	245.0	352.0	665.0
Acquire-EHT_D1_60_1	521	17514	373.0	245.0	352.0	666.0
Acquire-EHT_D1_60_1	522	17546	373.0	245.0	352.0	666.0
Acquire-EHT_D1_60_1	523	17577	373.0	244.0	352.0	666.0
Acquire-EHT_D1_60_1	524	17608	373.0	245.0	352.0	666.0
Acquire-EHT_D1_60_1	525	17639	373.0	246.0	352.0	665.0
Acquire-EHT_D1_60_1	526	17671	373.0	247.0	352.0	664.0
Acquire-EHT_D1_60_1	527	17717	373.0	247.0	352.0	663.0
Acquire-EHT_D1_60_1	528	17749	373.0	248.0	352.0	663.0
Acquire-EHT_D1_60_1	529	17780	373.0	248.0	352.0	663.0
Acquire-EHT_D1_60_1	530	17811	373.0	248.0	352.0	663.0
Acquire-EHT_D1_60_1	531	17842	373.0	248.0	352.0	663.0
Acquire-EHT_D1_60_1	532	17874	373.0	248.0	352.0	663.0
Acquire-EHT_D1_60_1	533	17905	373.0	248.0	352.0	663.0
Acquire-EHT_D1_60_1	534	17952	373.0	247.0	352.0	663.0
Acquire-EHT_D1_60_1	535	17983	373.0	247.0	352.0	664.0
Acquire-EHT_D1_60_1	536	18014	373.0	246.0	352.0	665.0
Acquire-EHT_D1_60_1	537	18046	373.0	246.0	352.0	665.0
Acquire-EHT_D1_60_1	538	18077	373.0	245.0	353.0	665.0
Acquire-EHT_D1_60_1	539	18108	373.0	245.0	352.0	666.0
Acquire-EHT_D1_60_1	540	18139	373.0	245.0	352.0	666.0
Acquire-EHT_D1_60_1	541	18170	373.0	245.0	352.0	666.0
Acquire-EHT_D1_60_1	542	18217	373.0	245.0	352.0	666.0
Acquire-EHT_D1_60_1	543	18249	372.0	245.0	352.0	666.0
Acquire-EHT_D1_60_1	544	18280	373.0	245.0	352.0	666.0
Acquire-EHT_D1_60_1	545	18311	373.0	245.0	352.0	666.0
Acquire-EHT_D1_60_1	546	18342	373.0	246.0	352.0	665.0
Acquire-EHT_D1_60_1	547	18374	373.0	247.0	352.0	664.0
Acquire-EHT_D1_60_1	548	18405	373.0	247.0	352.0	663.0
Acquire-EHT_D1_60_1	549	18452	373.0	248.0	352.0	663.0
Acquire-EHT_D1_60_1	550	18483	373.0	248.0	352.0	663.0
Acquire-EHT_D1_60_1	551	18514	373.0	248.0	352.0	663.0
Acquire-EHT_D1_60_1	552	18545	373.0	248.0	352.0	663.0
Acquire-EHT_D1_60_1	553	18577	373.0	248.0	352.0	663.0
Acquire-EHT_D1_60_1	554	18608	373.0	248.0	352.0	663.0
Acquire-EHT_D1_60_1	555	18639	373.0	247.0	352.0	663.0
Acquire-EHT_D1_60_1	556	18670	373.0	247.0	352.0	664.0
Acquire-EHT_D1_60_1	557	18717	373.0	246.0	352.0	664.0
Acquire-EHT_D1_60_1	558	18749	373.0	246.0	352.0	665.0
Acquire-EHT_D1_60_1	559	18780	373.0	245.0	352.0	665.0
Acquire-EHT_D1_60_1	560	18811	373.0	245.0	352.0	665.0
Acquire-EHT_D1_60_1	561	18842	373.0	245.0	352.0	666.0
Acquire-EHT_D1_60_1	562	18874	373.0	245.0	352.0	666.0
Acquire-EHT_D1_60_1	563	18905	373.0	245.0	352.0	666.0
Acquire-EHT_D1_60_1	564	18952	373.0	245.0	352.0	666.0
Acquire-EHT_D1_60_1	565	18983	373.0	245.0	352.0	666.0
Acquire-EHT_D1_60_1	566	19014	373.0	245.0	352.0	665.0
Acquire-EHT_D1_60_1	567	19045	373.0	245.0	352.0	665.0
Acquire-EHT_D1_60_1	568	19077	373.0	247.0	352.0	663.0
Acquire-EHT_D1_60_1	569	19108	373.0	248.0	352.0	663.0
Acquire-EHT_D1_60_1	570	19139	373.0	248.0	352.0	663.0
Acquire-EHT_D1_60_1	571	19170	373.0	248.0	352.0	663.0
Acquire-EHT_D1_60_1	572	19217	373.0	248.0	352.0	663.0
Acquire-EHT_D1_60_1	573	19249	373.0	248.0	352.0	663.0
Acquire-EHT_D1_60_1	574	19280	373.0	248.0	352.0	663.0
Acquire-EHT_D1_60_1	575	19311	373.0	248.0	352.0	663.0
Acquire-EHT_D1_60_1	576	19342	373.0	248.0	352.0	663.0
Acquire-EHT_D1_60_1	577	19374	373.0	247.0	352.0	664.0
Acquire-EHT_D1_60_1	578	19405	373.0	246.0	352.0	665.0
Acquire-EHT_D1_60_1	579	19452	373.0	245.0	352.0	665.0
Acquire-EHT_D1_60_1	580	19483	373.0	245.0	352.0	665.0
Acquire-EHT_D1_60_1	581	19514	373.0	245.0	352.0	666.0
Acquire-EHT_D1_60_1	582	19545	373.0	245.0	352.0	666.0
Acquire-EHT_D1_60_1	583	19577	373.0	245.0	352.0	666.0
Acquire-EHT_D1_60_1	584	19608	373.0	245.0	352.0	666.0
Acquire-EHT_D1_60_1	585	19639	373.0	245.0	352.0	666.0
Acquire-EHT_D1_60_1	586	19670	373.0	245.0	352.0	666.0
Acquire-EHT_D1_60_1	587	19717	373.0	245.0	352.0	665.0
Acquire-EHT_D1_60_1	588	19749	373.0	246.0	352.0	664.0
Acquire-EHT_D1_60_1	589	19780	373.0	247.0	352.0	664.0
Acquire-EHT_D1_60_1	590	19811	373.0	248.0	352.0	663.0
Acquire-EHT_D1_60_1	591	19842	373.0	248.0	352.0	663.0
Acquire-EHT_D1_60_1	592	19874	373.0	248.0	352.0	663.0
Acquire-EHT_D1_60_1	593	19905	373.0	248.0	352.0	663.0
Acquire-EHT_D1_60_1	594	19952	373.0	248.0	352.0	663.0
Acquire-EHT_D1_60_1	595	19983	373.0	248.0	352.0	663.0
Acquire-EHT_D1_60_1	596	20014	373.0	248.0	352.0	663.0
Acquire-EHT_D1_60_1	597	20045	373.0	247.0	352.0	663.0
Acquire-EHT_D1_60_1	598	20077	373.0	246.0	352.0	664.0
Acquire-EHT_D1_60_1	599	20108	373.0	246.0	352.0	665.0
Acquire-EHT_D1_60_1	600	20139	373.0	245.0	353.0	665.0
Acquire-EHT_D1_60_1	601	20170	373.0	245.0	353.0	665.0
Acquire-EHT_D1_60_1	602	20217	373.0	245.0	352.0	666.0
Acquire-EHT_D1_60_1	603	20248	373.0	245.0	352.0	666.0
Acquire-EHT_D1_60_1	604	20280	373.0	245.0	352.0	666.0
Acquire-EHT_D1_60_1	605	20311	373.0	245.0	352.0	666.0
Acquire-EHT_D1_60_1	606	20342	373.0	245.0	352.0	666.0
Acquire-EHT_D1_60_1	607	20373	373.0	245.0	352.0	666.0
Acquire-EHT_D1_60_1	608	20405	373.0	245.0	352.0	665.0
Acquire-EHT_D1_60_1	609	20452	373.0	246.0	352.0	664.0
Acquire-EHT_D1_60_1	610	20483	373.0	247.0	352.0	663.0
Acquire-EHT_D1_60_1	611	20514	373.0	248.0	352.0	663.0
Acquire-EHT_D1_60_1	612	20545	373.0	248.0	352.0	663.0
Acquire-EHT_D1_60_1	613	20577	373.0	248.0	352.0	663.0
Acquire-EHT_D1_60_1	614	20608	373.0	248.0	352.0	663.0
Acquire-EHT_D1_60_1	615	20639	373.0	248.0	352.0	663.0
Acquire-EHT_D1_60_1	616	20670	373.0	248.0	352.0	663.0
Acquire-EHT_D1_60_1	617	20717	373.0	248.0	352.0	663.0
Acquire-EHT_D1_60_1	618	20748	373.0	247.0	352.0	663.0
Acquire-EHT_D1_60_1	619	20780	373.0	246.0	352.0	664.0
Acquire-EHT_D1_60_1	620	20811	373.0	246.0	352.0	665.0
Acquire-EHT_D1_60_1	621	20842	373.0	245.0	352.0	665.0
Acquire-EHT_D1_60_1	622	20873	373.0	245.0	352.0	665.0
Acquire-EHT_D1_60_1	623	20905	373.0	245.0	352.0	666.0
Acquire-EHT_D1_60_1	624	20952	373.0	245.0	352.0	666.0
Acquire-EHT_D1_60_1	625	20983	373.0	245.0	352.0	666.0
Acquire-EHT_D1_60_1	626	21014	373.0	244.0	352.0	666.0
Acquire-EHT_D1_60_1	627	21045	373.0	245.0	353.0	666.0
Acquire-EHT_D1_60_1	628	21077	373.0	245.0	352.0	665.0
Acquire-EHT_D1_60_1	629	21108	373.0	246.0	352.0	665.0
Acquire-EHT_D1_60_1	630	21139	373.0	247.0	352.0	664.0
Acquire-EHT_D1_60_1	631	21170	373.0	247.0	352.0	663.0
Acquire-EHT_D1_60_1	632	21217	373.0	248.0	352.0	663.0
Acquire-EHT_D1_60_1	633	21248	373.0	248.0	352.0	663.0
Acquire-EHT_D1_60_1	634	21280	373.0	248.0	352.0	663.0
Acquire-EHT_D1_60_1	635	21311	373.0	248.0	352.0	662.0
Acquire-EHT_D1_60_1	636	21342	373.0	248.0	352.0	663.0
Acquire-EHT_D1_60_1	637	21373	373.0	248.0	352.0	663.0
Acquire-EHT_D1_60_1	638	21405	373.0	247.0	352.0	663.0
Acquire-EHT_D1_60_1	639	21452	373.0	247.0	352.0	664.0
Acquire-EHT_D1_60_1	640	21483	373.0	246.0	352.0	665.0
Acquire-EHT_D1_60_1	641	21514	373.0	246.0	352.0	665.0
Acquire-EHT_D1_60_1	642	21545	373.0	245.0	352.0	666.0
Acquire-EHT_D1_60_1	643	21577	372.0	245.0	352.0	666.0
Acquire-EHT_D1_60_1	644	21639	373.0	245.0	352.0	666.0
Acquire-EHT_D1_60_1	645	21670	373.0	245.0	352.0	666.0
Acquire-EHT_D1_60_1	646	21717	373.0	245.0	352.0	666.0
Acquire-EHT_D1_60_1	647	21748	373.0	245.0	352.0	666.0
Acquire-EHT_D1_60_1	648	21780	373.0	245.0	352.0	666.0
Acquire-EHT_D1_60_1	649	21811	373.0	246.0	352.0	665.0
Acquire-EHT_D1_60_1	650	21842	373.0	247.0	352.0	664.0
Acquire-EHT_D1_60_1	651	21873	373.0	247.0	352.0	663.0
Acquire-EHT_D1_60_1	652	21905	373.0	248.0	352.0	663.0
Acquire-EHT_D1_60_1	653	21951	373.0	248.0	352.0	663.0
Acquire-EHT_D1_60_1	654	21983	373.0	248.0	352.0	663.0
Acquire-EHT_D1_60_1	655	22014	373.0	248.0	352.0	663.0
Acquire-EHT_D1_60_1	656	22045	373.0	248.0	352.0	663.0
Acquire-EHT_D1_60_1	657	22076	373.0	248.0	352.0	663.0
Acquire-EHT_D1_60_1	658	22108	373.0	247.0	352.0	663.0
Acquire-EHT_D1_60_1	659	22139	373.0	247.0	352.0	664.0
Acquire-EHT_D1_60_1	660	22170	373.0	246.0	352.0	665.0
Acquire-EHT_D1_60_1	661	22217	373.0	246.0	352.0	665.0
Acquire-EHT_D1_60_1	662	22248	373.0	245.0	352.0	665.0
Acquire-EHT_D1_60_1	663	22280	373.0	245.0	352.0	666.0
Acquire-EHT_D1_60_1	664	22311	373.0	245.0	352.0	666.0
Acquire-EHT_D1_60_1	665	22342	373.0	245.0	352.0	666.0
Acquire-EHT_D1_60_1	666	22373	373.0	245.0	352.0	666.0
Acquire-EHT_D1_60_1	667	22405	373.0	244.0	353.0	665.0
Acquire-EHT_D1_60_1	668	22451	373.0	245.0	352.0	666.0
Acquire-EHT_D1_60_1	669	22483	373.0	245.0	352.0	665.0
Acquire-EHT_D1_60_1	670	22514	373.0	247.0	352.0	665.0
Acquire-EHT_D1_60_1	671	22545	373.0	247.0	352.0	663.0
Acquire-EHT_D1_60_1	672	22576	373.0	248.0	352.0	663.0
Acquire-EHT_D1_60_1	673	22608	373.0	248.0	352.0	663.0
Acquire-EHT_D1_60_1	674	22639	373.0	248.0	352.0	663.0
Acquire-EHT_D1_60_1	675	22670	373.0	248.0	352.0	663.0
Acquire-EHT_D1_60_1	676	22717	373.0	248.0	352.0	663.0
Acquire-EHT_D1_60_1	677	22748	373.0	248.0	352.0	663.0
Acquire-EHT_D1_60_1	678	22780	373.0	247.0	352.0	663.0
Acquire-EHT_D1_60_1	679	22811	373.0	247.0	352.0	664.0
Acquire-EHT_D1_60_1	680	22842	373.0	246.0	352.0	664.0
Acquire-EHT_D1_60_1	681	22873	373.0	246.0	352.0	665.0
Acquire-EHT_D1_60_1	682	22905	373.0	245.0	352.0	665.0
Acquire-EHT_D1_60_1	683	22951	373.0	245.0	352.0	666.0
Acquire-EHT_D1_60_1	684	22983	373.0	245.0	352.0	666.0
Acquire-EHT_D1_60_1	685	23014	373.0	245.0	352.0	666.0
Acquire-EHT_D1_60_1	686	23045	373.0	245.0	352.0	666.0
Acquire-EHT_D1_60_1	687	23076	373.0	245.0	352.0	666.0
Acquire-EHT_D1_60_1	688	23108	373.0	245.0	352.0	666.0
Acquire-EHT_D1_60_1	689	23139	373.0	245.0	352.0	666.0
Acquire-EHT_D1_60_1	690	23170	373.0	246.0	352.0	665.0
Acquire-EHT_D1_60_1	691	23217	373.0	247.0	352.0	664.0
Acquire-EHT_D1_60_1	692	23248	373.0	248.0	352.0	663.0
Acquire-EHT_D1_60_1	693	23280	373.0	248.0	352.0	663.0
Acquire-EHT_D1_60_1	694	23311	373.0	248.0	352.0	663.0
Acquire-EHT_D1_60_1	695	23342	373.0	248.0	352.0	663.0
Acquire-EHT_D1_60_1	696	23373	373.0	248.0	352.0	663.0
Acquire-EHT_D1_60_1	697	23405	373.0	248.0	352.0	663.0
Acquire-EHT_D1_60_1	698	23451	373.0	248.0	352.0	663.0
Acquire-EHT_D1_60_1	699	23483	373.0	247.0	352.0	663.0
Acquire-EHT_D1_60_1	700	23514	373.0	247.0	352.0	664.0
Acquire-EHT_D1_60_1	701	23545	373.0	246.0	352.0	665.0
Acquire-EHT_D1_60_1	702	23576	373.0	246.0	352.0	665.0
Acquire-EHT_D1_60_1	703	23608	373.0	245.0	352.0	666.0
Acquire-EHT_D1_60_1	704	23639	373.0	245.0	352.0	666.0
Acquire-EHT_D1_60_1	705	23670	373.0	245.0	352.0	666.0
Acquire-EHT_D1_60_1	706	23717	373.0	245.0	352.0	666.0
Acquire-EHT_D1_60_1	707	23748	373.0	245.0	352.0	666.0
Acquire-EHT_D1_60_1	708	23779	373.0	245.0	352.0	666.0
Acquire-EHT_D1_60_1	709	23811	373.0	245.0	352.0	666.0
Acquire-EHT_D1_60_1	710	23842	373.0	245.0	352.0	665.0
Acquire-EHT_D1_60_1	711	23873	373.0	246.0	352.0	664.0
Acquire-EHT_D1_60_1	712	23904	373.0	247.0	352.0	664.0
Acquire-EHT_D1_60_1	713	23951	373.0	248.0	352.0	663.0
Acquire-EHT_D1_60_1	714	23983	373.0	248.0	352.0	663.0
Acquire-EHT_D1_60_1	715	24014	373.0	248.0	352.0	663.0
Acquire-EHT_D1_60_1	716	24045	373.0	248.0	352.0	663.0
Acquire-EHT_D1_60_1	717	24076	373.0	248.0	352.0	663.0
Acquire-EHT_D1_60_1	718	24108	373.0	248.0	352.0	663.0
Acquire-EHT_D1_60_1	719	24139	373.0	248.0	352.0	663.0
Acquire-EHT_D1_60_1	720	24170	373.0	247.0	352.0	664.0
Acquire-EHT_D1_60_1	721	24217	373.0	246.0	352.0	664.0
Acquire-EHT_D1_60_1	722	24248	373.0	246.0	352.0	665.0
Acquire-EHT_D1_60_1	723	24279	373.0	245.0	352.0	665.0
Acquire-EHT_D1_60_1	724	24311	373.0	245.0	352.0	666.0
Acquire-EHT_D1_60_1	725	24342	373.0	245.0	352.0	666.0
Acquire-EHT_D1_60_1	726	24373	373.0	245.0	352.0	666.0
Acquire-EHT_D1_60_1	727	24404	373.0	245.0	352.0	666.0
Acquire-EHT_D1_60_1	728	24451	373.0	245.0	352.0	666.0
Acquire-EHT_D1_60_1	729	24483	373.0	245.0	352.0	666.0
Acquire-EHT_D1_60_1	730	24514	373.0	245.0	352.0	666.0
Acquire-EHT_D1_60_1	731	24545	373.0	246.0	352.0	665.0
Acquire-EHT_D1_60_1	732	24576	373.0	246.0	352.0	664.0
Acquire-EHT_D1_60_1	733	24608	373.0	248.0	352.0	663.0
Acquire-EHT_D1_60_1	734	24639	373.0	248.0	352.0	663.0
Acquire-EHT_D1_60_1	735	24670	373.0	248.0	352.0	663.0
Acquire-EHT_D1_60_1	736	24717	373.0	248.0	352.0	663.0
Acquire-EHT_D1_60_1	737	24748	373.0	248.0	352.0	663.0
Acquire-EHT_D1_60_1	738	24779	373.0	248.0	352.0	663.0
Acquire-EHT_D1_60_1	739	24811	373.0	248.0	352.0	663.0
Acquire-EHT_D1_60_1	740	24842	373.0	248.0	352.0	663.0
Acquire-EHT_D1_60_1	741	24873	373.0	247.0	352.0	664.0
Acquire-EHT_D1_60_1	742	24904	373.0	246.0	352.0	665.0
Acquire-EHT_D1_60_1	743	24951	373.0	246.0	352.0	665.0
Acquire-EHT_D1_60_1	744	24983	373.0	245.0	352.0	666.0
Acquire-EHT_D1_60_1	745	25014	373.0	245.0	352.0	666.0
Acquire-EHT_D1_60_1	746	25045	373.0	245.0	352.0	665.0
Acquire-EHT_D1_60_1	747	25076	373.0	245.0	352.0	666.0
Acquire-EHT_D1_60_1	748	25108	373.0	245.0	352.0	666.0
Acquire-EHT_D1_60_1	749	25139	373.0	245.0	352.0	666.0
Acquire-EHT_D1_60_1	750	25186	373.0	245.0	352.0	666.0
Acquire-EHT_D1_60_1	751	25217	373.0	245.0	353.0	665.0
Acquire-EHT_D1_60_1	752	25248	373.0	247.0	352.0	664.0
Acquire-EHT_D1_60_1	753	25279	373.0	247.0	352.0	663.0
Acquire-EHT_D1_60_1	754	25311	373.0	248.0	352.0	663.0
Acquire-EHT_D1_60_1	755	25342	373.0	248.0	352.0	663.0
Acquire-EHT_D1_60_1	756	25373	373.0	248.0	352.0	663.0
Acquire-EHT_D1_60_1	757	25404	373.0	248.0	352.0	663.0
Acquire-EHT_D1_60_1	758	25451	373.0	248.0	352.0	663.0
Acquire-EHT_D1_60_1	759	25482	373.0	248.0	352.0	663.0
Acquire-EHT_D1_60_1	760	25514	373.0	247.0	352.0	663.0
Acquire-EHT_D1_60_1	761	25545	373.0	247.0	352.0	664.0
Acquire-EHT_D1_60_1	762	25576	373.0	246.0	352.0	665.0
Acquire-EHT_D1_60_1	763	25607	372.0	246.0	352.0	665.0
Acquire-EHT_D1_60_1	764	25639	373.0	245.0	352.0	665.0
Acquire-EHT_D1_60_1	765	25686	373.0	245.0	352.0	666.0
Acquire-EHT_D1_60_1	766	25717	373.0	245.0	352.0	666.0
Acquire-EHT_D1_60_1	767	25748	373.0	245.0	352.0	666.0
Acquire-EHT_D1_60_1	768	25779	373.0	245.0	352.0	666.0
Acquire-EHT_D1_60_1	769	25811	373.0	245.0	352.0	666.0
Acquire-EHT_D1_60_1	770	25842	373.0	245.0	352.0	666.0
Acquire-EHT_D1_60_1	771	25873	373.0	245.0	352.0	666.0
Acquire-EHT_D1_60_1	772	25904	373.0	246.0	352.0	665.0
Acquire-EHT_D1_60_1	773	25951	373.0	247.0	352.0	664.0
Acquire-EHT_D1_60_1	774	25982	373.0	248.0	352.0	663.0
Acquire-EHT_D1_60_1	775	26014	373.0	248.0	352.0	663.0
Acquire-EHT_D1_60_1	776	26045	373.0	248.0	352.0	663.0
Acquire-EHT_D1_60_1	777	26076	373.0	248.0	352.0	663.0
Acquire-EHT_D1_60_1	778	26107	373.0	248.0	352.0	663.0
Acquire-EHT_D1_60_1	779	26139	373.0	248.0	352.0	663.0
Acquire-EHT_D1_60_1	780	26186	373.0	248.0	352.0	663.0
Acquire-EHT_D1_60_1	781	26217	373.0	247.0	352.0	664.0
Acquire-EHT_D1_60_1	782	26248	373.0	246.0	352.0	664.0
Acquire-EHT_D1_60_1	783	26279	373.0	246.0	352.0	665.0
Acquire-EHT_D1_60_1	784	26311	373.0	245.0	352.0	665.0
Acquire-EHT_D1_60_1	785	26342	373.0	245.0	352.0	665.0
Acquire-EHT_D1_60_1	786	26373	373.0	245.0	352.0	666.0
Acquire-EHT_D1_60_1	787	26404	373.0	245.0	352.0	666.0
Acquire-EHT_D1_60_1	788	26451	373.0	245.0	352.0	666.0
Acquire-EHT_D1_60_1	789	26482	373.0	245.0	352.0	666.0
Acquire-EHT_D1_60_1	790	26514	373.0	245.0	352.0	666.0
Acquire-EHT_D1_60_1	791	26545	373.0	245.0	352.0	665.0
Acquire-EHT_D1_60_1	792	26576	373.0	246.0	352.0	664.0
Acquire-EHT_D1_60_1	793	26607	373.0	247.0	352.0	663.0
Acquire-EHT_D1_60_1	794	26639	373.0	248.0	352.0	663.0
Acquire-EHT_D1_60_1	795	26686	373.0	248.0	352.0	663.0
Acquire-EHT_D1_60_1	796	26717	373.0	248.0	352.0	663.0
Acquire-EHT_D1_60_1	797	26748	373.0	248.0	352.0	663.0
Acquire-EHT_D1_60_1	798	26779	373.0	248.0	352.0	663.0
Acquire-EHT_D1_60_1	799	26811	373.0	248.0	352.0	663.0
Acquire-EHT_D1_60_1	800	26842	373.0	248.0	352.0	663.0
Acquire-EHT_D1_60_1	801	26873	373.0	247.0	352.0	663.0
Acquire-EHT_D1_60_1	802	26904	373.0	246.0	352.0	664.0
Acquire-EHT_D1_60_1	803	26951	373.0	246.0	352.0	665.0
Acquire-EHT_D1_60_1	804	26982	373.0	246.0	352.0	666.0
Acquire-EHT_D1_60_1	805	27014	373.0	245.0	352.0	665.0
Acquire-EHT_D1_60_1	806	27045	373.0	245.0	352.0	666.0
Acquire-EHT_D1_60_1	807	27076	373.0	245.0	352.0	666.0
Acquire-EHT_D1_60_1	808	27107	373.0	245.0	352.0	666.0
Acquire-EHT_D1_60_1	809	27139	373.0	244.0	352.0	666.0
Acquire-EHT_D1_60_1	810	27186	373.0	245.0	352.0	666.0
Acquire-EHT_D1_60_1	811	27217	373.0	245.0	352.0	665.0
Acquire-EHT_D1_60_1	812	27248	373.0	246.0	352.0	664.0
Acquire-EHT_D1_60_1	813	27279	373.0	247.0	352.0	664.0
Acquire-EHT_D1_60_1	814	27310	373.0	248.0	352.0	663.0
Acquire-EHT_D1_60_1	815	27342	373.0	248.0	352.0	663.0
Acquire-EHT_D1_60_1	816	27373	373.0	248.0	352.0	663.0
Acquire-EHT_D1_60_1	817	27404	373.0	248.0	352.0	663.0
Acquire-EHT_D1_60_1	818	27451	373.0	248.0	352.0	663.0
Acquire-EHT_D1_60_1	819	27482	373.0	248.0	352.0	663.0
Acquire-EHT_D1_60_1	820	27514	373.0	247.0	352.0	663.0
Acquire-EHT_D1_60_1	821	27545	373.0	247.0	352.0	664.0
Acquire-EHT_D1_60_1	822	27576	373.0	246.0	352.0	664.0
Acquire-EHT_D1_60_1	823	27607	373.0	246.0	352.0	665.0
Acquire-EHT_D1_60_1	824	27639	373.0	245.0	352.0	665.0
Acquire-EHT_D1_60_1	825	27685	373.0	245.0	352.0	666.0
Acquire-EHT_D1_60_1	826	27717	373.0	245.0	352.0	666.0
Acquire-EHT_D1_60_1	827	27748	373.0	245.0	352.0	666.0
Acquire-EHT_D1_60_1	828	27779	373.0	245.0	352.0	666.0
Acquire-EHT_D1_60_1	829	27810	373.0	245.0	352.0	666.0
Acquire-EHT_D1_60_1	830	27842	373.0	245.0	352.0	666.0
Acquire-EHT_D1_60_1	831	27873	373.0	245.0	352.0	665.0
Acquire-EHT_D1_60_1	832	27904	373.0	246.0	352.0	664.0
Acquire-EHT_D1_60_1	833	27951	373.0	247.0	352.0	663.0
Acquire-EHT_D1_60_1	834	27982	373.0	248.0	352.0	663.0
Acquire-EHT_D1_60_1	835	28014	373.0	248.0	352.0	663.0
Acquire-EHT_D1_60_1	836	28045	373.0	248.0	352.0	663.0
Acquire-EHT_D1_60_1	837	28076	373.0	248.0	352.0	663.0
Acquire-EHT_D1_60_1	838	28107	373.0	248.0	352.0	663.0
Acquire-EHT_D1_60_1	839	28139	373.0	248.0	352.0	663.0
Acquire-EHT_D1_60_1	840	28185	373.0	247.0	352.0	663.0
Acquire-EHT_D1_60_1	841	28217	373.0	247.0	352.0	664.0
Acquire-EHT_D1_60_1	842	28248	373.0	247.0	352.0	665.0
Acquire-EHT_D1_60_1	843	28279	373.0	246.0	352.0	665.0
Acquire-EHT_D1_60_1	844	28310	373.0	245.0	352.0	665.0
Acquire-EHT_D1_60_1	845	28342	373.0	245.0	352.0	666.0
Acquire-EHT_D1_60_1	846	28373	373.0	245.0	352.0	666.0
Acquire-EHT_D1_60_1	847	28404	373.0	245.0	352.0	666.0
Acquire-EHT_D1_60_1	848	28451	373.0	245.0	352.0	666.0
Acquire-EHT_D1_60_1	849	28482	373.0	245.0	352.0	666.0
Acquire-EHT_D1_60_1	850	28514	373.0	245.0	352.0	666.0
Acquire-EHT_D1_60_1	851	28545	373.0	245.0	352.0	666.0
Acquire-EHT_D1_60_1	852	28576	373.0	246.0	352.0	665.0
Acquire-EHT_D1_60_1	853	28607	373.0	246.0	352.0	664.0
Acquire-EHT_D1_60_1	854	28639	373.0	247.0	352.0	663.0
Acquire-EHT_D1_60_1	855	28685	373.0	248.0	352.0	663.0
Acquire-EHT_D1_60_1	856	28717	373.0	248.0	352.0	663.0
Acquire-EHT_D1_60_1	857	28748	373.0	248.0	352.0	663.0
Acquire-EHT_D1_60_1	858	28779	373.0	248.0	352.0	663.0
Acquire-EHT_D1_60_1	859	28810	373.0	248.0	352.0	663.0
Acquire-EHT_D1_60_1	860	28842	373.0	248.0	352.0	663.0
Acquire-EHT_D1_60_1	861	28873	373.0	248.0	352.0	663.0
Acquire-EHT_D1_60_1	862	28904	373.0	247.0	352.0	664.0
Acquire-EHT_D1_60_1	863	28951	373.0	246.0	352.0	665.0
Acquire-EHT_D1_60_1	864	28982	373.0	246.0	352.0	665.0
Acquire-EHT_D1_60_1	865	29013	373.0	245.0	352.0	665.0
Acquire-EHT_D1_60_1	866	29045	373.0	245.0	352.0	666.0
Acquire-EHT_D1_60_1	867	29076	373.0	245.0	352.0	666.0
Acquire-EHT_D1_60_1	868	29107	373.0	245.0	352.0	666.0
Acquire-EHT_D1_60_1	869	29138	373.0	245.0	352.0	666.0
Acquire-EHT_D1_60_1	870	29185	373.0	245.0	353.0	665.0
Acquire-EHT_D1_60_1	871	29217	373.0	245.0	352.0	666.0
Acquire-EHT_D1_60_1	872	29248	373.0	245.0	352.0	665.0
Acquire-EHT_D1_60_1	873	29279	373.0	246.0	352.0	664.0
Acquire-EHT_D1_60_1	874	29310	373.0	247.0	352.0	664.0
Acquire-EHT_D1_60_1	875	29342	373.0	248.0	352.0	663.0
Acquire-EHT_D1_60_1	876	29373	373.0	248.0	352.0	663.0
Acquire-EHT_D1_60_1	877	29404	373.0	248.0	352.0	663.0
Acquire-EHT_D1_60_1	878	29451	373.0	248.0	352.0	663.0
Acquire-EHT_D1_60_1	879	29482	373.0	248.0	352.0	663.0
Acquire-EHT_D1_60_1	880	29513	373.0	248.0	352.0	663.0
Acquire-EHT_D1_60_1	881	29545	373.0	248.0	352.0	663.0
Acquire-EHT_D1_60_1	882	29576	373.0	247.0	352.0	664.0
Acquire-EHT_D1_60_1	883	29607	373.0	246.0	352.0	665.0
Acquire-EHT_D1_60_1	884	29638	373.0	245.0	352.0	665.0
Acquire-EHT_D1_60_1	885	29685	373.0	246.0	352.0	665.0
Acquire-EHT_D1_60_1	886	29717	373.0	245.0	352.0	666.0
Acquire-EHT_D1_60_1	887	29748	373.0	245.0	352.0	666.0
Acquire-EHT_D1_60_1	888	29779	373.0	245.0	352.0	666.0
Acquire-EHT_D1_60_1	889	29810	373.0	245.0	352.0	666.0
Acquire-EHT_D1_60_1	890	29842	373.0	244.0	352.0	666.0
Acquire-EHT_D1_60_1	891	29873	373.0	245.0	352.0	666.0
Acquire-EHT_D1_60_1	892	29904	373.0	245.0	352.0	665.0
Acquire-EHT_D1_60_1	893	29951	373.0	246.0	352.0	664.0
Acquire-EHT_C3_60	0	0	301.0	662.0	273.0	201.0
Acquire-EHT_C3_60	1	16	301.0	662.0	273.0	201.0
Acquire-EHT_C3_60	2	47	301.0	662.0	273.0	201.0
Acquire-EHT_C3_60	3	78	301.0	662.0	273.0	201.0
Acquire-EHT_C3_60	4	110	301.0	662.0	273.0	201.0
Acquire-EHT_C3_60	5	141	301.0	662.0	273.0	201.0
Acquire-EHT_C3_60	6	172	301.0	663.0	273.0	200.0
Acquire-EHT_C3_60	7	219	301.0	663.0	273.0	200.0
Acquire-EHT_C3_60	8	250	301.0	664.0	273.0	199.0
Acquire-EHT_C3_60	9	281	302.0	664.0	273.0	199.0
Acquire-EHT_C3_60	10	313	302.0	665.0	273.0	198.0
Acquire-EHT_C3_60	11	344	302.0	665.0	273.0	198.0
Acquire-EHT_C3_60	12	375	301.0	665.0	273.0	198.0
Acquire-EHT_C3_60	13	406	302.0	665.0	272.0	198.0
Acquire-EHT_C3_60	14	453	301.0	665.0	273.0	198.0
Acquire-EHT_C3_60	15	484	302.0	665.0	273.0	198.0
Acquire-EHT_C3_60	16	516	301.0	665.0	273.0	199.0
Acquire-EHT_C3_60	17	547	302.0	665.0	272.0	198.0
Acquire-EHT_C3_60	18	578	302.0	665.0	272.0	198.0
Acquire-EHT_C3_60	19	609	302.0	665.0	272.0	198.0
Acquire-EHT_C3_60	20	641	302.0	665.0	272.0	198.0
Acquire-EHT_C3_60	21	672	302.0	664.0	273.0	200.0
Acquire-EHT_C3_60	22	719	301.0	662.0	273.0	201.0
Acquire-EHT_C3_60	23	750	301.0	662.0	273.0	201.0
Acquire-EHT_C3_60	24	781	301.0	662.0	273.0	201.0
Acquire-EHT_C3_60	25	813	301.0	662.0	273.0	201.0
Acquire-EHT_C3_60	26	844	301.0	662.0	273.0	201.0
Acquire-EHT_C3_60	27	875	301.0	662.0	273.0	201.0
Acquire-EHT_C3_60	28	906	301.0	662.0	273.0	201.0
Acquire-EHT_C3_60	29	953	301.0	662.0	273.0	201.0
Acquire-EHT_C3_60	30	984	301.0	663.0	273.0	200.0
Acquire-EHT_C3_60	31	1016	301.0	664.0	273.0	199.0
Acquire-EHT_C3_60	32	1047	301.0	664.0	272.0	198.0
Acquire-EHT_C3_60	33	1078	301.0	664.0	273.0	198.0
Acquire-EHT_C3_60	34	1109	302.0	665.0	273.0	199.0
Acquire-EHT_C3_60	35	1141	302.0	665.0	273.0	198.0
Acquire-EHT_C3_60	36	1172	301.0	665.0	273.0	199.0
Acquire-EHT_C3_60	37	1219	301.0	665.0	273.0	198.0
Acquire-EHT_C3_60	38	1250	301.0	665.0	273.0	198.0
Acquire-EHT_C3_60	39	1281	301.0	665.0	272.0	198.0
Acquire-EHT_C3_60	40	1313	301.0	664.0	273.0	199.0
Acquire-EHT_C3_60	41	1344	301.0	663.0	273.0	200.0
Acquire-EHT_C3_60	42	1375	301.0	663.0	273.0	201.0
Acquire-EHT_C3_60	43	1406	301.0	662.0	273.0	201.0
Acquire-EHT_C3_60	44	1453	301.0	662.0	273.0	201.0
Acquire-EHT_C3_60	45	1484	301.0	662.0	273.0	201.0
Acquire-EHT_C3_60	46	1516	301.0	662.0	273.0	201.0
Acquire-EHT_C3_60	47	1547	301.0	662.0	273.0	201.0
Acquire-EHT_C3_60	48	1578	301.0	662.0	273.0	201.0
Acquire-EHT_C3_60	49	1609	301.0	663.0	273.0	201.0
Acquire-EHT_C3_60	50	1641	301.0	664.0	273.0	200.0
Acquire-EHT_C3_60	51	1672	302.0	664.0	272.0	199.0
Acquire-EHT_C3_60	52	1719	301.0	665.0	273.0	199.0
Acquire-EHT_C3_60	53	1750	301.0	665.0	273.0	198.0
Acquire-EHT_C3_60	54	1781	301.0	665.0	273.0	198.0
Acquire-EHT_C3_60	55	1813	301.0	665.0	273.0	198.0
Acquire-EHT_C3_60	56	1844	302.0	665.0	273.0	198.0
Acquire-EHT_C3_60	57	1875	301.0	665.0	273.0	198.0
Acquire-EHT_C3_60	58	1906	302.0	665.0	273.0	198.0
Acquire-EHT_C3_60	59	1953	301.0	665.0	273.0	198.0
Acquire-EHT_C3_60	60	1984	301.0	665.0	273.0	198.0
Acquire-EHT_C3_60	61	2016	301.0	665.0	273.0	199.0
Acquire-EHT_C3_60	62	2047	301.0	665.0	273.0	198.0
Acquire-EHT_C3_60	63	2078	302.0	665.0	272.0	198.0
Acquire-EHT_C3_60	64	2109	302.0	664.0	273.0	198.0
Acquire-EHT_C3_60	65	2141	301.0	664.0	273.0	200.0
Acquire-EHT_C3_60	66	2172	301.0	663.0	273.0	201.0
Acquire-EHT_C3_60	67	2219	301.0	662.0	273.0	201.0
Acquire-EHT_C3_60	68	2250	301.0	662.0	273.0	201.0
Acquire-EHT_C3_60	69	2281	301.0	662.0	273.0	201.0
Acquire-EHT_C3_60	70	2312	301.0	662.0	273.0	201.0
Acquire-EHT_C3_60	71	2344	301.0	662.0	273.0	201.0
Acquire-EHT_C3_60	72	2375	301.0	662.0	273.0	201.0
Acquire-EHT_C3_60	73	2406	301.0	662.0	273.0	201.0
Acquire-EHT_C3_60	74	2453	301.0	663.0	273.0	201.0
Acquire-EHT_C3_60	75	2484	302.0	664.0	273.0	200.0
Acquire-EHT_C3_60	76	2516	301.0	664.0	273.0	199.0
Acquire-EHT_C3_60	77	2547	301.0	664.0	273.0	198.0
Acquire-EHT_C3_60	78	2578	302.0	665.0	273.0	198.0
Acquire-EHT_C3_60	79	2609	301.0	665.0	273.0	199.0
Acquire-EHT_C3_60	80	2641	302.0	665.0	273.0	198.0
Acquire-EHT_C3_60	81	2672	301.0	665.0	273.0	198.0
Acquire-EHT_C3_60	82	2719	301.0	665.0	273.0	198.0
Acquire-EHT_C3_60	83	2750	302.0	665.0	273.0	198.0
Acquire-EHT_C3_60	84	2859	302.0	665.0	273.0	198.0
Acquire-EHT_C3_60	85	2906	302.0	664.0	273.0	199.0
Acquire-EHT_C3_60	86	2953	301.0	663.0	273.0	200.0
Acquire-EHT_C3_60	87	2984	301.0	662.0	273.0	201.0
Acquire-EHT_C3_60	88	3016	301.0	662.0	273.0	201.0
Acquire-EHT_C3_60	89	3047	301.0	662.0	273.0	201.0
Acquire-EHT_C3_60	90	3078	301.0	662.0	273.0	201.0
Acquire-EHT_C3_60	91	3109	301.0	662.0	273.0	201.0
Acquire-EHT_C3_60	92	3141	301.0	662.0	273.0	201.0
Acquire-EHT_C3_60	93	3172	301.0	662.0	273.0	201.0
Acquire-EHT_C3_60	94	3219	301.0	663.0	273.0	200.0
Acquire-EHT_C3_60	95	3250	301.0	663.0	273.0	200.0
Acquire-EHT_C3_60	96	3281	301.0	664.0	273.0	199.0
Acquire-EHT_C3_60	97	3312	302.0	664.0	273.0	199.0
Acquire-EHT_C3_60	98	3344	302.0	665.0	273.0	198.0
Acquire-EHT_C3_60	99	3375	301.0	665.0	273.0	197.0
Acquire-EHT_C3_60	100	3406	302.0	665.0	273.0	199.0
Acquire-EHT_C3_60	101	3453	301.0	665.0	272.0	198.0
Acquire-EHT_C3_60	102	3484	302.0	665.0	273.0	198.0
Acquire-EHT_C3_60	103	3516	301.0	665.0	272.0	198.0
Acquire-EHT_C3_60	104	3547	301.0	664.0	272.0	198.0
Acquire-EHT_C3_60	105	3578	301.0	665.0	273.0	198.0
Acquire-EHT_C3_60	106	3609	301.0	664.0	273.0	198.0
Acquire-EHT_C3_60	107	3641	302.0	665.0	273.0	198.0
Acquire-EHT_C3_60	108	3672	301.0	663.0	272.0	198.0
Acquire-EHT_C3_60	109	3719	301.0	663.0	273.0	201.0
Acquire-EHT_C3_60	110	3750	301.0	662.0	273.0	201.0
Acquire-EHT_C3_60	111	3781	301.0	662.0	273.0	201.0
Acquire-EHT_C3_60	112	3812	301.0	662.0	273.0	201.0
Acquire-EHT_C3_60	113	3844	301.0	662.0	273.0	201.0
Acquire-EHT_C3_60	114	3875	301.0	662.0	273.0	201.0
Acquire-EHT_C3_60	115	3906	301.0	662.0	273.0	201.0
Acquire-EHT_C3_60	116	3953	301.0	662.0	273.0	201.0
Acquire-EHT_C3_60	117	3984	301.0	663.0	273.0	201.0
Acquire-EHT_C3_60	118	4015	301.0	664.0	273.0	200.0
Acquire-EHT_C3_60	119	4047	301.0	664.0	272.0	198.0
Acquire-EHT_C3_60	120	4078	301.0	665.0	272.0	198.0
Acquire-EHT_C3_60	121	4109	301.0	665.0	272.0	198.0
Acquire-EHT_C3_60	122	4140	301.0	665.0	273.0	198.0
Acquire-EHT_C3_60	123	4172	302.0	665.0	272.0	198.0
Acquire-EHT_C3_60	124	4219	301.0	665.0	272.0	198.0
Acquire-EHT_C3_60	125	4250	301.0	665.0	272.0	198.0
Acquire-EHT_C3_60	126	4281	301.0	664.0	273.0	198.0
Acquire-EHT_C3_60	127	4312	301.0	665.0	273.0	198.0
Acquire-EHT_C3_60	128	4344	301.0	664.0	273.0	198.0
Acquire-EHT_C3_60	129	4375	301.0	662.0	273.0	201.0
Acquire-EHT_C3_60	130	4640	301.0	662.0	273.0	200.0
Acquire-EHT_C3_60	131	4672	301.0	663.0	273.0	201.0
Acquire-EHT_C3_60	132	4719	301.0	664.0	273.0	199.0
Acquire-EHT_C3_60	133	4750	301.0	664.0	272.0	198.0
Acquire-EHT_C3_60	134	4781	301.0	665.0	272.0	199.0
Acquire-EHT_C3_60	135	4812	301.0	665.0	273.0	199.0
Acquire-EHT_C3_60	136	4844	302.0	665.0	273.0	198.0
Acquire-EHT_C3_60	137	4875	302.0	665.0	272.0	198.0
Acquire-EHT_C3_60	138	4906	301.0	665.0	272.0	198.0
Acquire-EHT_C3_60	139	4953	302.0	665.0	273.0	198.0
Acquire-EHT_C3_60	140	4984	301.0	665.0	273.0	199.0
Acquire-EHT_C3_60	141	5015	301.0	665.0	272.0	198.0
Acquire-EHT_C3_60	142	5047	301.0	665.0	273.0	198.0
Acquire-EHT_C3_60	143	5078	302.0	665.0	273.0	198.0
Acquire-EHT_C3_60	144	5109	301.0	665.0	273.0	198.0
Acquire-EHT_C3_60	145	5140	302.0	665.0	273.0	198.0
Acquire-EHT_C3_60	146	5172	301.0	663.0	273.0	200.0
Acquire-EHT_C3_60	147	5219	301.0	662.0	273.0	201.0
Acquire-EHT_C3_60	148	5250	301.0	662.0	273.0	201.0
Acquire-EHT_C3_60	149	5281	301.0	662.0	273.0	201.0
Acquire-EHT_C3_60	150	5312	301.0	662.0	273.0	201.0
Acquire-EHT_C3_60	151	5344	301.0	662.0	273.0	201.0
Acquire-EHT_C3_60	152	5375	301.0	662.0	273.0	201.0
Acquire-EHT_C3_60	153	5406	301.0	662.0	273.0	201.0
Acquire-EHT_C3_60	154	5453	301.0	662.0	273.0	201.0
Acquire-EHT_C3_60	155	5484	301.0	663.0	273.0	200.0
Acquire-EHT_C3_60	156	5515	301.0	664.0	273.0	199.0
Acquire-EHT_C3_60	157	5547	301.0	664.0	273.0	198.0
Acquire-EHT_C3_60	158	5578	302.0	665.0	273.0	198.0
Acquire-EHT_C3_60	159	5609	301.0	665.0	273.0	198.0
Acquire-EHT_C3_60	160	5640	301.0	665.0	272.0	198.0
Acquire-EHT_C3_60	161	5672	301.0	665.0	272.0	198.0
Acquire-EHT_C3_60	162	5719	301.0	665.0	273.0	198.0
Acquire-EHT_C3_60	163	5750	301.0	665.0	272.0	198.0
Acquire-EHT_C3_60	164	5781	301.0	665.0	273.0	198.0
Acquire-EHT_C3_60	165	5812	301.0	665.0	273.0	198.0
Acquire-EHT_C3_60	166	5843	301.0	665.0	273.0	198.0
Acquire-EHT_C3_60	167	5875	301.0	665.0	272.0	198.0
Acquire-EHT_C3_60	168	5906	302.0	664.0	273.0	199.0
Acquire-EHT_C3_60	169	5953	301.0	663.0	273.0	201.0
Acquire-EHT_C3_60	170	5984	301.0	662.0	273.0	201.0
Acquire-EHT_C3_60	171	6015	301.0	662.0	273.0	201.0
Acquire-EHT_C3_60	172	6047	301.0	662.0	273.0	201.0
Acquire-EHT_C3_60	173	6078	301.0	662.0	273.0	201.0
Acquire-EHT_C3_60	174	6109	301.0	662.0	273.0	201.0
Acquire-EHT_C3_60	175	6140	301.0	662.0	273.0	201.0
Acquire-EHT_C3_60	176	6172	301.0	662.0	273.0	201.0
Acquire-EHT_C3_60	177	6218	301.0	663.0	273.0	201.0
Acquire-EHT_C3_60	178	6250	301.0	664.0	272.0	199.0
Acquire-EHT_C3_60	179	6281	301.0	664.0	273.0	199.0
Acquire-EHT_C3_60	180	6312	301.0	664.0	273.0	198.0
Acquire-EHT_C3_60	181	6343	301.0	665.0	273.0	198.0
Acquire-EHT_C3_60	182	6375	302.0	665.0	272.0	198.0
Acquire-EHT_C3_60	183	6406	301.0	665.0	273.0	198.0
Acquire-EHT_C3_60	184	6453	302.0	665.0	272.0	198.0
Acquire-EHT_C3_60	185	6484	302.0	665.0	272.0	198.0
Acquire-EHT_C3_60	186	6515	301.0	665.0	272.0	198.0
Acquire-EHT_C3_60	187	6547	301.0	665.0	272.0	198.0
Acquire-EHT_C3_60	188	6578	302.0	665.0	272.0	198.0
Acquire-EHT_C3_60	189	6609	301.0	665.0	272.0	198.0
Acquire-EHT_C3_60	190	6640	301.0	664.0	273.0	200.0
Acquire-EHT_C3_60	191	6672	301.0	663.0	273.0	201.0
Acquire-EHT_C3_60	192	6718	301.0	662.0	273.0	201.0
Acquire-EHT_C3_60	193	6750	301.0	662.0	273.0	201.0
Acquire-EHT_C3_60	194	6781	301.0	662.0	273.0	201.0
Acquire-EHT_C3_60	195	6812	301.0	662.0	273.0	201.0
Acquire-EHT_C3_60	196	6843	301.0	662.0	273.0	201.0
Acquire-EHT_C3_60	197	6875	301.0	662.0	273.0	201.0
Acquire-EHT_C3_60	198	6906	301.0	662.0	273.0	201.0
Acquire-EHT_C3_60	199	6953	301.0	663.0	273.0	201.0
Acquire-EHT_C3_60	200	6984	302.0	664.0	273.0	200.0
Acquire-EHT_C3_60	201	7015	301.0	664.0	273.0	199.0
Acquire-EHT_C3_60	202	7047	302.0	664.0	273.0	198.0
Acquire-EHT_C3_60	203	7078	302.0	665.0	273.0	198.0
Acquire-EHT_C3_60	204	7109	301.0	665.0	273.0	198.0
Acquire-EHT_C3_60	205	7140	301.0	665.0	272.0	198.0
Acquire-EHT_C3_60	206	7172	301.0	665.0	273.0	198.0
Acquire-EHT_C3_60	207	7218	301.0	665.0	272.0	198.0
Acquire-EHT_C3_60	208	7250	301.0	665.0	273.0	198.0
Acquire-EHT_C3_60	209	7281	302.0	665.0	272.0	198.0
Acquire-EHT_C3_60	210	7312	301.0	665.0	273.0	199.0
Acquire-EHT_C3_60	211	7343	301.0	664.0	272.0	198.0
Acquire-EHT_C3_60	212	7375	301.0	664.0	273.0	199.0
Acquire-EHT_C3_60	213	7406	301.0	663.0	273.0	201.0
Acquire-EHT_C3_60	214	7453	301.0	662.0	273.0	201.0
Acquire-EHT_C3_60	215	7484	301.0	662.0	273.0	201.0
Acquire-EHT_C3_60	216	7515	301.0	662.0	273.0	201.0
Acquire-EHT_C3_60	217	7547	301.0	662.0	273.0	201.0
Acquire-EHT_C3_60	218	7578	301.0	662.0	273.0	201.0
Acquire-EHT_C3_60	219	7609	301.0	662.0	273.0	201.0
Acquire-EHT_C3_60	220	7640	301.0	662.0	273.0	201.0
Acquire-EHT_C3_60	221	7671	301.0	663.0	273.0	201.0
Acquire-EHT_C3_60	222	7718	301.0	663.0	273.0	200.0
Acquire-EHT_C3_60	223	7750	301.0	664.0	273.0	200.0
Acquire-EHT_C3_60	224	7781	302.0	664.0	272.0	198.0
Acquire-EHT_C3_60	225	7812	301.0	665.0	273.0	199.0
Acquire-EHT_C3_60	226	7843	301.0	665.0	273.0	198.0
Acquire-EHT_C3_60	227	7875	302.0	665.0	273.0	198.0
Acquire-EHT_C3_60	228	7906	301.0	665.0	273.0	198.0
Acquire-EHT_C3_60	229	7953	301.0	665.0	273.0	198.0
Acquire-EHT_C3_60	230	7984	302.0	665.0	273.0	198.0
Acquire-EHT_C3_60	231	8015	301.0	665.0	273.0	198.0
Acquire-EHT_C3_60	232	8046	301.0	665.0	273.0	198.0
Acquire-EHT_C3_60	233	8078	302.0	665.0	273.0	198.0
Acquire-EHT_C3_60	234	8109	301.0	665.0	273.0	198.0
Acquire-EHT_C3_60	235	8140	302.0	664.0	272.0	198.0
Acquire-EHT_C3_60	236	8171	301.0	663.0	273.0	201.0
Acquire-EHT_C3_60	237	8218	301.0	662.0	273.0	201.0
Acquire-EHT_C3_60	238	8250	301.0	662.0	273.0	201.0
Acquire-EHT_C3_60	239	8281	301.0	662.0	273.0	201.0
Acquire-EHT_C3_60	240	8312	301.0	662.0	273.0	201.0
Acquire-EHT_C3_60	241	8343	301.0	662.0	273.0	201.0
Acquire-EHT_C3_60	242	8375	301.0	662.0	273.0	201.0
Acquire-EHT_C3_60	243	8406	301.0	662.0	273.0	201.0
Acquire-EHT_C3_60	244	8453	301.0	663.0	273.0	201.0
Acquire-EHT_C3_60	245	8484	301.0	663.0	273.0	200.0
Acquire-EHT_C3_60	246	8515	301.0	664.0	273.0	199.0
Acquire-EHT_C3_60	247	8546	301.0	665.0	273.0	199.0
Acquire-EHT_C3_60	248	8578	301.0	665.0	273.0	198.0
Acquire-EHT_C3_60	249	8609	301.0	665.0	272.0	198.0
Acquire-EHT_C3_60	250	8640	301.0	665.0	273.0	198.0
Acquire-EHT_C3_60	251	8671	301.0	665.0	273.0	198.0
Acquire-EHT_C3_60	252	8718	301.0	665.0	273.0	198.0
Acquire-EHT_C3_60	253	8750	301.0	665.0	272.0	198.0
Acquire-EHT_C3_60	254	8781	301.0	665.0	273.0	198.0
Acquire-EHT_C3_60	255	8812	301.0	665.0	273.0	198.0
Acquire-EHT_C3_60	256	8843	301.0	665.0	272.0	198.0
Acquire-EHT_C3_60	257	8875	301.0	665.0	272.0	198.0
Acquire-EHT_C3_60	258	8906	301.0	665.0	273.0	199.0
Acquire-EHT_C3_60	259	8953	301.0	663.0	273.0	200.0
Acquire-EHT_C3_60	260	8984	301.0	663.0	273.0	201.0
Acquire-EHT_C3_60	261	9015	301.0	662.0	273.0	201.0
Acquire-EHT_C3_60	262	9046	301.0	662.0	273.0	201.0
Acquire-EHT_C3_60	263	9078	301.0	662.0	273.0	201.0
Acquire-EHT_C3_60	264	9109	301.0	662.0	273.0	201.0
Acquire-EHT_C3_60	265	9140	301.0	662.0	273.0	201.0
Acquire-EHT_C3_60	266	9171	301.0	662.0	273.0	201.0
Acquire-EHT_C3_60	267	9218	301.0	662.0	273.0	201.0
Acquire-EHT_C3_60	268	9250	301.0	663.0	273.0	200.0
Acquire-EHT_C3_60	269	9281	302.0	664.0	273.0	199.0
Acquire-EHT_C3_60	270	9312	301.0	664.0	273.0	199.0
Acquire-EHT_C3_60	271	9343	301.0	665.0	273.0	198.0
Acquire-EHT_C3_60	272	9374	301.0	665.0	272.0	198.0
Acquire-EHT_C3_60	273	9406	301.0	665.0	273.0	198.0
Acquire-EHT_C3_60	274	9453	301.0	665.0	273.0	198.0
Acquire-EHT_C3_60	275	9484	301.0	665.0	273.0	199.0
Acquire-EHT_C3_60	276	9515	301.0	664.0	273.0	199.0
Acquire-EHT_C3_60	277	9546	301.0	663.0	273.0	199.0
Acquire-EHT_C3_60	278	9578	301.0	662.0	273.0	201.0
Acquire-EHT_C3_60	279	9609	301.0	662.0	273.0	201.0
Acquire-EHT_C3_60	280	9640	301.0	662.0	273.0	201.0
Acquire-EHT_C3_60	281	9671	301.0	662.0	273.0	201.0
Acquire-EHT_C3_60	282	9718	301.0	662.0	273.0	201.0
Acquire-EHT_C3_60	283	9749	301.0	662.0	273.0	201.0
Acquire-EHT_C3_60	284	9781	301.0	662.0	273.0	201.0
Acquire-EHT_C3_60	285	9812	301.0	663.0	273.0	201.0
Acquire-EHT_C3_60	286	9843	301.0	664.0	273.0	200.0
Acquire-EHT_C3_60	287	9874	301.0	664.0	273.0	200.0
Acquire-EHT_C3_60	288	9906	301.0	664.0	273.0	198.0
Acquire-EHT_C3_60	289	9953	302.0	664.0	273.0	198.0
Acquire-EHT_C3_60	290	9984	302.0	665.0	272.0	198.0
Acquire-EHT_C3_60	291	10015	301.0	665.0	272.0	198.0
Acquire-EHT_C3_60	292	10046	302.0	665.0	273.0	198.0
Acquire-EHT_C3_60	293	10078	301.0	665.0	273.0	198.0
Acquire-EHT_C3_60	294	10109	301.0	665.0	273.0	198.0
Acquire-EHT_C3_60	295	10140	301.0	665.0	273.0	197.0
Acquire-EHT_C3_60	296	10171	301.0	665.0	273.0	198.0
Acquire-EHT_C3_60	297	10218	301.0	665.0	273.0	198.0
Acquire-EHT_C3_60	298	10249	301.0	665.0	273.0	198.0
Acquire-EHT_C3_60	299	10281	301.0	665.0	273.0	198.0
Acquire-EHT_C3_60	300	10312	301.0	665.0	273.0	200.0
Acquire-EHT_C3_60	301	10343	301.0	663.0	273.0	199.0
Acquire-EHT_C3_60	302	10374	301.0	662.0	273.0	201.0
Acquire-EHT_C3_60	303	10406	301.0	662.0	273.0	201.0
Acquire-EHT_C3_60	304	10453	301.0	662.0	273.0	201.0
Acquire-EHT_C3_60	305	10484	301.0	662.0	273.0	201.0
Acquire-EHT_C3_60	306	10515	301.0	662.0	273.0	201.0
Acquire-EHT_C3_60	307	10546	301.0	662.0	273.0	201.0
Acquire-EHT_C3_60	308	10578	301.0	662.0	273.0	201.0
Acquire-EHT_C3_60	309	10609	301.0	663.0	273.0	201.0
Acquire-EHT_C3_60	310	10640	301.0	664.0	273.0	199.0
Acquire-EHT_C3_60	311	10718	301.0	664.0	272.0	198.0
Acquire-EHT_C3_60	312	10749	301.0	665.0	273.0	199.0
Acquire-EHT_C3_60	313	10781	301.0	665.0	273.0	198.0
Acquire-EHT_C3_60	314	10812	301.0	665.0	272.0	199.0
Acquire-EHT_C3_60	315	10843	301.0	665.0	273.0	198.0
Acquire-EHT_C3_60	316	10874	301.0	665.0	272.0	198.0
Acquire-EHT_C3_60	317	10906	301.0	665.0	272.0	198.0
Acquire-EHT_C3_60	318	10953	301.0	665.0	272.0	198.0
Acquire-EHT_C3_60	319	10984	302.0	665.0	273.0	198.0
Acquire-EHT_C3_60	320	11015	302.0	665.0	273.0	198.0
Acquire-EHT_C3_60	321	11046	301.0	665.0	272.0	198.0
Acquire-EHT_C3_60	322	11078	301.0	664.0	273.0	200.0
Acquire-EHT_C3_60	323	11109	301.0	663.0	273.0	201.0
Acquire-EHT_C3_60	324	11140	301.0	662.0	273.0	201.0
Acquire-EHT_C3_60	325	11171	301.0	662.0	273.0	201.0
Acquire-EHT_C3_60	326	11218	301.0	662.0	273.0	201.0
Acquire-EHT_C3_60	327	11249	301.0	662.0	273.0	201.0
Acquire-EHT_C3_60	328	11281	301.0	662.0	273.0	201.0
Acquire-EHT_C3_60	329	11312	301.0	662.0	273.0	201.0
Acquire-EHT_C3_60	330	11343	301.0	663.0	273.0	201.0
Acquire-EHT_C3_60	331	11374	301.0	663.0	273.0	201.0
Acquire-EHT_C3_60	332	11406	301.0	664.0	273.0	200.0
Acquire-EHT_C3_60	333	11452	301.0	664.0	273.0	199.0
Acquire-EHT_C3_60	334	11484	301.0	665.0	273.0	199.0
Acquire-EHT_C3_60	335	11515	301.0	665.0	273.0	198.0
Acquire-EHT_C3_60	336	11546	301.0	665.0	273.0	199.0
Acquire-EHT_C3_60	337	11577	301.0	665.0	272.0	198.0
Acquire-EHT_C3_60	338	11609	301.0	665.0	273.0	198.0
Acquire-EHT_C3_60	339	11640	302.0	665.0	273.0	198.0
Acquire-EHT_C3_60	340	11671	301.0	665.0	273.0	198.0
Acquire-EHT_C3_60	341	11718	301.0	665.0	273.0	198.0
Acquire-EHT_C3_60	342	11749	302.0	665.0	273.0	198.0
Acquire-EHT_C3_60	343	11781	301.0	664.0	273.0	199.0
Acquire-EHT_C3_60	344	11812	301.0	663.0	273.0	200.0
Acquire-EHT_C3_60	345	11843	301.0	662.0	273.0	201.0
Acquire-EHT_C3_60	346	11874	301.0	662.0	273.0	201.0
Acquire-EHT_C3_60	347	11906	301.0	662.0	273.0	201.0
Acquire-EHT_C3_60	348	11952	301.0	662.0	273.0	201.0
Acquire-EHT_C3_60	349	11984	301.0	662.0	273.0	201.0
Acquire-EHT_C3_60	350	12015	301.0	662.0	273.0	201.0
Acquire-EHT_C3_60	351	12046	301.0	662.0	273.0	201.0
Acquire-EHT_C3_60	352	12077	301.0	663.0	273.0	201.0
Acquire-EHT_C3_60	353	12109	301.0	663.0	273.0	201.0
Acquire-EHT_C3_60	354	12140	301.0	664.0	273.0	198.0
Acquire-EHT_C3_60	355	12171	301.0	665.0	273.0	198.0
Acquire-EHT_C3_60	356	12218	301.0	664.0	273.0	198.0
Acquire-EHT_C3_60	357	12249	301.0	665.0	273.0	199.0
Acquire-EHT_C3_60	358	12281	301.0	665.0	272.0	198.0
Acquire-EHT_C3_60	359	12312	301.0	665.0	273.0	198.0
Acquire-EHT_C3_60	360	12343	302.0	665.0	272.0	198.0
Acquire-EHT_C3_60	361	12374	302.0	665.0	273.0	198.0
Acquire-EHT_C3_60	362	12406	302.0	665.0	273.0	198.0
Acquire-EHT_C3_60	363	12452	301.0	664.0	273.0	198.0
Acquire-EHT_C3_60	364	12484	301.0	663.0	273.0	200.0
Acquire-EHT_C3_60	365	12515	301.0	662.0	273.0	201.0
Acquire-EHT_C3_60	366	12546	301.0	662.0	273.0	201.0
Acquire-EHT_C3_60	367	12577	301.0	662.0	273.0	201.0
Acquire-EHT_C3_60	368	12609	301.0	662.0	273.0	201.0
Acquire-EHT_C3_60	369	12640	301.0	662.0	273.0	201.0
Acquire-EHT_C3_60	370	12671	301.0	662.0	273.0	201.0
Acquire-EHT_C3_60	371	12718	301.0	662.0	273.0	201.0
Acquire-EHT_C3_60	372	12749	301.0	662.0	273.0	201.0
Acquire-EHT_C3_60	373	12781	301.0	663.0	273.0	201.0
Acquire-EHT_C3_60	374	12812	301.0	664.0	273.0	199.0
Acquire-EHT_C3_60	375	12843	301.0	665.0	273.0	199.0
Acquire-EHT_C3_60	376	12874	302.0	664.0	272.0	198.0
Acquire-EHT_C3_60	377	12906	301.0	665.0	273.0	198.0
Acquire-EHT_C3_60	378	12952	301.0	665.0	272.0	198.0
Acquire-EHT_C3_60	379	12984	301.0	665.0	272.0	198.0
Acquire-EHT_C3_60	380	13015	301.0	665.0	272.0	198.0
Acquire-EHT_C3_60	381	13046	301.0	665.0	273.0	199.0
Acquire-EHT_C3_60	382	13077	301.0	665.0	272.0	198.0
Acquire-EHT_C3_60	383	13109	301.0	665.0	273.0	199.0
Acquire-EHT_C3_60	384	13140	302.0	665.0	273.0	198.0
Acquire-EHT_C3_60	385	13171	301.0	665.0	272.0	198.0
Acquire-EHT_C3_60	386	13218	301.0	665.0	273.0	198.0
Acquire-EHT_C3_60	387	13249	301.0	665.0	273.0	199.0
Acquire-EHT_C3_60	388	13280	301.0	663.0	273.0	200.0
Acquire-EHT_C3_60	389	13312	301.0	662.0	273.0	201.0
Acquire-EHT_C3_60	390	13343	301.0	662.0	273.0	201.0
Acquire-EHT_C3_60	391	13374	301.0	662.0	273.0	201.0
Acquire-EHT_C3_60	392	13405	301.0	662.0	273.0	201.0
Acquire-EHT_C3_60	393	13452	301.0	662.0	273.0	201.0
Acquire-EHT_C3_60	394	13484	301.0	662.0	273.0	201.0
Acquire-EHT_C3_60	395	13515	301.0	662.0	273.0	201.0
Acquire-EHT_C3_60	396	13546	301.0	663.0	273.0	201.0
Acquire-EHT_C3_60	397	13577	301.0	663.0	273.0	200.0
Acquire-EHT_C3_60	398	13609	302.0	664.0	273.0	199.0
Acquire-EHT_C3_60	399	13640	301.0	664.0	272.0	198.0
Acquire-EHT_C3_60	400	13671	301.0	665.0	273.0	198.0
Acquire-EHT_C3_60	401	13718	301.0	665.0	274.0	198.0
Acquire-EHT_C3_60	402	13749	302.0	665.0	273.0	198.0
Acquire-EHT_C3_60	403	13780	301.0	665.0	273.0	198.0
Acquire-EHT_C3_60	404	13812	301.0	665.0	273.0	198.0
Acquire-EHT_C3_60	405	13843	301.0	665.0	272.0	198.0
Acquire-EHT_C3_60	406	13874	301.0	665.0	272.0	198.0
Acquire-EHT_C3_60	407	13905	301.0	665.0	272.0	198.0
Acquire-EHT_C3_60	408	13952	302.0	665.0	273.0	198.0
Acquire-EHT_C3_60	409	13984	301.0	665.0	273.0	198.0
Acquire-EHT_C3_60	410	14015	301.0	663.0	273.0	201.0
Acquire-EHT_C3_60	411	14046	301.0	662.0	273.0	201.0
Acquire-EHT_C3_60	412	14077	301.0	662.0	273.0	201.0
Acquire-EHT_C3_60	413	14109	301.0	662.0	273.0	201.0
Acquire-EHT_C3_60	414	14140	301.0	662.0	273.0	201.0
Acquire-EHT_C3_60	415	14171	301.0	662.0	273.0	201.0
Acquire-EHT_C3_60	416	14218	301.0	662.0	273.0	201.0
Acquire-EHT_C3_60	417	14249	301.0	662.0	273.0	201.0
Acquire-EHT_C3_60	418	14280	301.0	663.0	273.0	201.0
Acquire-EHT_C3_60	419	14312	301.0	663.0	273.0	200.0
Acquire-EHT_C3_60	420	14343	301.0	664.0	273.0	199.0
Acquire-EHT_C3_60	421	14374	301.0	665.0	273.0	198.0
Acquire-EHT_C3_60	422	14405	302.0	664.0	272.0	198.0
Acquire-EHT_C3_60	423	14452	302.0	665.0	273.0	198.0
Acquire-EHT_C3_60	424	14484	301.0	665.0	273.0	198.0
Acquire-EHT_C3_60	425	14515	302.0	665.0	273.0	198.0
Acquire-EHT_C3_60	426	14546	302.0	665.0	272.0	197.0
Acquire-EHT_C3_60	427	14577	302.0	664.0	272.0	198.0
Acquire-EHT_C3_60	428	14609	301.0	663.0	273.0	200.0
Acquire-EHT_C3_60	429	14640	301.0	663.0	273.0	201.0
Acquire-EHT_C3_60	430	14671	301.0	662.0	273.0	201.0
Acquire-EHT_C3_60	431	14718	301.0	662.0	273.0	201.0
Acquire-EHT_C3_60	432	14749	301.0	662.0	273.0	201.0
Acquire-EHT_C3_60	433	14780	301.0	662.0	273.0	201.0
Acquire-EHT_C3_60	434	14812	301.0	662.0	273.0	201.0
Acquire-EHT_C3_60	435	14843	301.0	662.0	273.0	201.0
Acquire-EHT_C3_60	436	14874	301.0	663.0	273.0	201.0
Acquire-EHT_C3_60	437	14905	301.0	664.0	273.0	200.0
Acquire-EHT_C3_60	438	14952	301.0	664.0	273.0	199.0
Acquire-EHT_C3_60	439	14983	301.0	664.0	273.0	198.0
Acquire-EHT_C3_60	440	15015	301.0	665.0	272.0	198.0
Acquire-EHT_C3_60	441	15046	301.0	665.0	273.0	198.0
Acquire-EHT_C3_60	442	15077	302.0	665.0	272.0	198.0
Acquire-EHT_C3_60	443	15108	301.0	665.0	272.0	198.0
Acquire-EHT_C3_60	444	15140	301.0	665.0	273.0	198.0
Acquire-EHT_C3_60	445	15171	301.0	665.0	273.0	198.0
Acquire-EHT_C3_60	446	15218	301.0	665.0	273.0	198.0
Acquire-EHT_C3_60	447	15249	302.0	665.0	273.0	198.0
Acquire-EHT_C3_60	448	15280	301.0	665.0	273.0	198.0
Acquire-EHT_C3_60	449	15312	302.0	665.0	272.0	197.0
Acquire-EHT_C3_60	450	15343	301.0	665.0	272.0	198.0
Acquire-EHT_C3_60	451	15374	301.0	665.0	273.0	199.0
Acquire-EHT_C3_60	452	15405	301.0	664.0	273.0	200.0
Acquire-EHT_C3_60	453	15452	301.0	663.0	273.0	201.0
Acquire-EHT_C3_60	454	15483	301.0	662.0	273.0	201.0
Acquire-EHT_C3_60	455	15515	301.0	662.0	273.0	201.0
Acquire-EHT_C3_60	456	15546	301.0	662.0	273.0	201.0
Acquire-EHT_C3_60	457	15577	301.0	662.0	273.0	201.0
Acquire-EHT_C3_60	458	15608	301.0	662.0	273.0	201.0
Acquire-EHT_C3_60	459	15640	301.0	662.0	273.0	201.0
Acquire-EHT_C3_60	460	15671	301.0	662.0	273.0	201.0
Acquire-EHT_C3_60	461	15718	301.0	663.0	273.0	201.0
Acquire-EHT_C3_60	462	15749	301.0	664.0	273.0	200.0
Acquire-EHT_C3_60	463	15780	301.0	664.0	272.0	198.0
Acquire-EHT_C3_60	464	15812	301.0	665.0	272.0	199.0
Acquire-EHT_C3_60	465	15843	302.0	665.0	272.0	198.0
Acquire-EHT_C3_60	466	15874	302.0	665.0	272.0	199.0
Acquire-EHT_C3_60	467	15905	301.0	665.0	273.0	198.0
Acquire-EHT_C3_60	468	15952	301.0	664.0	272.0	198.0
Acquire-EHT_C3_60	469	15983	301.0	665.0	273.0	198.0
Acquire-EHT_C3_60	470	16015	301.0	665.0	273.0	198.0
Acquire-EHT_C3_60	471	16046	301.0	665.0	273.0	199.0
Acquire-EHT_C3_60	472	16077	301.0	665.0	273.0	198.0
Acquire-EHT_C3_60	473	16108	302.0	665.0	272.0	198.0
Acquire-EHT_C3_60	474	16140	301.0	665.0	273.0	198.0
Acquire-EHT_C3_60	475	16171	301.0	664.0	273.0	198.0
Acquire-EHT_C3_60	476	16218	301.0	663.0	273.0	200.0
Acquire-EHT_C3_60	477	16249	301.0	663.0	273.0	201.0
Acquire-EHT_C3_60	478	16280	301.0	662.0	273.0	201.0
Acquire-EHT_C3_60	479	16312	301.0	662.0	273.0	201.0
Acquire-EHT_C3_60	480	16343	301.0	662.0	273.0	201.0
Acquire-EHT_C3_60	481	16374	301.0	662.0	273.0	201.0
Acquire-EHT_C3_60	482	16405	301.0	662.0	273.0	201.0
Acquire-EHT_C3_60	483	16452	301.0	662.0	273.0	201.0
Acquire-EHT_C3_60	484	16483	301.0	663.0	273.0	201.0
Acquire-EHT_C3_60	485	16515	301.0	663.0	273.0	200.0
Acquire-EHT_C3_60	486	16546	301.0	664.0	273.0	199.0
Acquire-EHT_C3_60	487	16577	301.0	664.0	272.0	198.0
Acquire-EHT_C3_60	488	16608	302.0	665.0	273.0	198.0
Acquire-EHT_C3_60	489	16640	302.0	665.0	273.0	198.0
Acquire-EHT_C3_60	490	16671	301.0	665.0	273.0	198.0
Acquire-EHT_C3_60	491	16718	301.0	665.0	273.0	197.0
Acquire-EHT_C3_60	492	16749	302.0	665.0	273.0	198.0
Acquire-EHT_C3_60	493	16780	301.0	665.0	273.0	198.0
Acquire-EHT_C3_60	494	16811	302.0	665.0	273.0	198.0
Acquire-EHT_C3_60	495	16843	301.0	665.0	272.0	198.0
Acquire-EHT_C3_60	496	16874	301.0	664.0	273.0	199.0
Acquire-EHT_C3_60	497	16905	301.0	665.0	273.0	198.0
Acquire-EHT_C3_60	498	16952	301.0	665.0	272.0	198.0
Acquire-EHT_C3_60	499	16983	301.0	663.0	273.0	200.0
Acquire-EHT_C3_60	500	17015	301.0	662.0	273.0	201.0
Acquire-EHT_C3_60	501	17046	301.0	662.0	273.0	201.0
Acquire-EHT_C3_60	502	17077	301.0	662.0	273.0	201.0
Acquire-EHT_C3_60	503	17108	301.0	662.0	273.0	201.0
Acquire-EHT_C3_60	504	17140	301.0	662.0	273.0	201.0
Acquire-EHT_C3_60	505	17171	301.0	662.0	273.0	201.0
Acquire-EHT_C3_60	506	17218	301.0	662.0	273.0	201.0
Acquire-EHT_C3_60	507	17249	301.0	662.0	273.0	201.0
Acquire-EHT_C3_60	508	17280	301.0	663.0	273.0	201.0
Acquire-EHT_C3_60	509	17311	301.0	664.0	273.0	200.0
Acquire-EHT_C3_60	510	17343	301.0	664.0	273.0	199.0
Acquire-EHT_C3_60	511	17374	302.0	665.0	273.0	199.0
Acquire-EHT_C3_60	512	17405	301.0	665.0	272.0	198.0
Acquire-EHT_C3_60	513	17452	301.0	665.0	273.0	198.0
Acquire-EHT_C3_60	514	17483	301.0	665.0	272.0	198.0
Acquire-EHT_C3_60	515	17515	302.0	664.0	273.0	198.0
Acquire-EHT_C3_60	516	17546	302.0	664.0	273.0	200.0
Acquire-EHT_C3_60	517	17577	301.0	663.0	273.0	201.0
Acquire-EHT_C3_60	518	17608	301.0	662.0	273.0	201.0
Acquire-EHT_C3_60	519	17640	301.0	662.0	273.0	201.0
Acquire-EHT_C3_60	520	17671	301.0	662.0	273.0	201.0
Acquire-EHT_C3_60	521	17718	301.0	662.0	273.0	201.0
Acquire-EHT_C3_60	522	17749	301.0	662.0	273.0	201.0
Acquire-EHT_C3_60	523	17780	301.0	662.0	273.0	201.0
Acquire-EHT_C3_60	524	17811	301.0	663.0	273.0	201.0
Acquire-EHT_C3_60	525	17843	301.0	663.0	273.0	200.0
Acquire-EHT_C3_60	526	17874	301.0	664.0	273.0	199.0
Acquire-EHT_C3_60	527	17905	301.0	664.0	273.0	199.0
Acquire-EHT_C3_60	528	17952	301.0	665.0	272.0	198.0
Acquire-EHT_C3_60	529	17983	301.0	665.0	272.0	198.0
Acquire-EHT_C3_60	530	18015	301.0	665.0	272.0	198.0
Acquire-EHT_C3_60	531	18046	301.0	665.0	272.0	198.0
Acquire-EHT_C3_60	532	18077	301.0	665.0	273.0	198.0
Acquire-EHT_C3_60	533	18108	301.0	665.0	273.0	198.0
Acquire-EHT_C3_60	534	18140	301.0	664.0	273.0	198.0
Acquire-EHT_C3_60	535	18171	301.0	665.0	273.0	199.0
Acquire-EHT_C3_60	536	18218	301.0	665.0	272.0	198.0
Acquire-EHT_C3_60	537	18249	301.0	665.0	273.0	198.0
Acquire-EHT_C3_60	538	18280	302.0	665.0	272.0	197.0
Acquire-EHT_C3_60	539	18311	301.0	665.0	272.0	198.0
Acquire-EHT_C3_60	540	18343	301.0	665.0	273.0	199.0
Acquire-EHT_C3_60	541	18374	302.0	664.0	273.0	200.0
Acquire-EHT_C3_60	542	18405	301.0	663.0	273.0	201.0
Acquire-EHT_C3_60	543	18452	301.0	662.0	273.0	201.0
Acquire-EHT_C3_60	544	18483	301.0	662.0	273.0	201.0
Acquire-EHT_C3_60	545	18514	301.0	662.0	273.0	201.0
Acquire-EHT_C3_60	546	18546	301.0	662.0	273.0	201.0
Acquire-EHT_C3_60	547	18577	301.0	662.0	273.0	201.0
Acquire-EHT_C3_60	548	18608	301.0	662.0	273.0	201.0
Acquire-EHT_C3_60	549	18639	301.0	662.0	273.0	201.0
Acquire-EHT_C3_60	550	18671	301.0	663.0	273.0	201.0
Acquire-EHT_C3_60	551	18718	301.0	664.0	273.0	200.0
Acquire-EHT_C3_60	552	18749	301.0	664.0	273.0	198.0
Acquire-EHT_C3_60	553	18780	301.0	664.0	272.0	198.0
Acquire-EHT_C3_60	554	18811	301.0	665.0	273.0	198.0
Acquire-EHT_C3_60	555	18843	302.0	665.0	273.0	198.0
Acquire-EHT_C3_60	556	18874	301.0	665.0	273.0	198.0
Acquire-EHT_C3_60	557	18905	301.0	665.0	272.0	198.0
Acquire-EHT_C3_60	558	18952	301.0	665.0	272.0	198.0
Acquire-EHT_C3_60	559	18983	302.0	665.0	272.0	198.0
Acquire-EHT_C3_60	560	19014	302.0	665.0	273.0	198.0
Acquire-EHT_C3_60	561	19046	302.0	665.0	273.0	198.0
Acquire-EHT_C3_60	562	19077	302.0	665.0	272.0	198.0
Acquire-EHT_C3_60	563	19108	302.0	665.0	273.0	199.0
Acquire-EHT_C3_60	564	19139	301.0	664.0	273.0	199.0
Acquire-EHT_C3_60	565	19171	301.0	662.0	273.0	201.0
Acquire-EHT_C3_60	566	19218	301.0	662.0	273.0	201.0
Acquire-EHT_C3_60	567	19249	301.0	662.0	273.0	201.0
Acquire-EHT_C3_60	568	19280	301.0	662.0	273.0	201.0
Acquire-EHT_C3_60	569	19311	301.0	662.0	273.0	201.0
Acquire-EHT_C3_60	570	19343	301.0	662.0	273.0	201.0
Acquire-EHT_C3_60	571	19374	301.0	662.0	273.0	201.0
Acquire-EHT_C3_60	572	19405	301.0	662.0	273.0	201.0
Acquire-EHT_C3_60	573	19452	301.0	663.0	273.0	201.0
Acquire-EHT_C3_60	574	19483	301.0	664.0	273.0	200.0
Acquire-EHT_C3_60	575	19514	301.0	664.0	273.0	198.0
Acquire-EHT_C3_60	576	19546	301.0	664.0	273.0	199.0
Acquire-EHT_C3_60	577	19577	302.0	665.0	273.0	199.0
Acquire-EHT_C3_60	578	19608	301.0	665.0	272.0	198.0
Acquire-EHT_C3_60	579	19639	302.0	665.0	273.0	198.0
Acquire-EHT_C3_60	580	19671	301.0	665.0	273.0	198.0
Acquire-EHT_C3_60	581	19718	301.0	665.0	273.0	198.0
Acquire-EHT_C3_60	582	19749	301.0	665.0	272.0	198.0
Acquire-EHT_C3_60	583	19780	301.0	665.0	273.0	198.0
Acquire-EHT_C3_60	584	19811	301.0	665.0	272.0	198.0
Acquire-EHT_C3_60	585	19843	301.0	665.0	273.0	198.0
Acquire-EHT_C3_60	586	19874	301.0	663.0	273.0	200.0
Acquire-EHT_C3_60	587	19905	301.0	662.0	273.0	201.0
Acquire-EHT_C3_60	588	19952	301.0	662.0	273.0	201.0
Acquire-EHT_C3_60	589	19983	301.0	662.0	273.0	201.0
Acquire-EHT_C3_60	590	20014	301.0	662.0	273.0	201.0
Acquire-EHT_C3_60	591	20046	301.0	662.0	273.0	201.0
Acquire-EHT_C3_60	592	20077	301.0	662.0	273.0	201.0
Acquire-EHT_C3_60	593	20108	301.0	662.0	273.0	201.0
Acquire-EHT_C3_60	594	20139	301.0	663.0	273.0	201.0
Acquire-EHT_C3_60	595	20186	301.0	663.0	273.0	200.0
Acquire-EHT_C3_60	596	20218	301.0	664.0	273.0	199.0
Acquire-EHT_C3_60	597	20249	301.0	665.0	273.0	198.0
Acquire-EHT_C3_60	598	20280	301.0	665.0	273.0	198.0
Acquire-EHT_C3_60	599	20311	302.0	665.0	272.0	198.0
Acquire-EHT_C3_60	600	20342	301.0	665.0	272.0	199.0
Acquire-EHT_C3_60	601	20374	301.0	665.0	273.0	198.0
Acquire-EHT_C3_60	602	20405	301.0	665.0	273.0	198.0
Acquire-EHT_C3_60	603	20452	301.0	665.0	273.0	198.0
Acquire-EHT_C3_60	604	20483	301.0	665.0	272.0	198.0
Acquire-EHT_C3_60	605	20514	302.0	665.0	273.0	198.0
Acquire-EHT_C3_60	606	20546	301.0	664.0	273.0	199.0
Acquire-EHT_C3_60	607	20577	301.0	663.0	273.0	200.0
Acquire-EHT_C3_60	608	20608	301.0	663.0	273.0	201.0
Acquire-EHT_C3_60	609	20639	301.0	662.0	273.0	201.0
Acquire-EHT_C3_60	610	20686	301.0	662.0	273.0	201.0
Acquire-EHT_C3_60	611	20717	301.0	662.0	273.0	201.0
Acquire-EHT_C3_60	612	20749	301.0	662.0	273.0	201.0
Acquire-EHT_C3_60	613	20780	301.0	662.0	273.0	201.0
Acquire-EHT_C3_60	614	20811	301.0	662.0	273.0	201.0
Acquire-EHT_C3_60	615	20842	301.0	663.0	273.0	201.0
Acquire-EHT_C3_60	616	20874	301.0	663.0	273.0	200.0
Acquire-EHT_C3_60	617	20905	302.0	664.0	273.0	198.0
Acquire-EHT_C3_60	618	20952	301.0	664.0	272.0	198.0
Acquire-EHT_C3_60	619	20983	302.0	665.0	273.0	199.0
Acquire-EHT_C3_60	620	21014	302.0	665.0	273.0	199.0
Acquire-EHT_C3_60	621	21046	302.0	665.0	273.0	198.0
Acquire-EHT_C3_60	622	21077	302.0	665.0	273.0	198.0
Acquire-EHT_C3_60	623	21108	301.0	665.0	273.0	198.0
Acquire-EHT_C3_60	624	21139	302.0	665.0	273.0	198.0
Acquire-EHT_C3_60	625	21186	301.0	664.0	273.0	198.0
Acquire-EHT_C3_60	626	21217	301.0	665.0	273.0	198.0
Acquire-EHT_C3_60	627	21249	301.0	665.0	273.0	198.0
Acquire-EHT_C3_60	628	21280	301.0	665.0	273.0	198.0
Acquire-EHT_C3_60	629	21311	302.0	665.0	273.0	198.0
Acquire-EHT_C3_60	630	21342	302.0	665.0	273.0	198.0
Acquire-EHT_C3_60	631	21374	302.0	664.0	273.0	200.0
Acquire-EHT_C3_60	632	21405	301.0	663.0	273.0	201.0
Acquire-EHT_C3_60	633	21452	301.0	662.0	273.0	201.0
Acquire-EHT_C3_60	634	21483	301.0	662.0	273.0	201.0
Acquire-EHT_C3_60	635	21514	301.0	662.0	273.0	201.0
Acquire-EHT_C3_60	636	21546	301.0	662.0	273.0	201.0
Acquire-EHT_C3_60	637	21577	301.0	662.0	273.0	201.0
Acquire-EHT_C3_60	638	21608	301.0	662.0	273.0	201.0
Acquire-EHT_C3_60	639	21639	301.0	662.0	273.0	201.0
Acquire-EHT_C3_60	640	21686	301.0	663.0	273.0	201.0
Acquire-EHT_C3_60	641	21717	301.0	663.0	273.0	200.0
Acquire-EHT_C3_60	642	21749	301.0	664.0	273.0	200.0
Acquire-EHT_C3_60	643	21780	302.0	664.0	273.0	198.0
Acquire-EHT_C3_60	644	21811	302.0	665.0	272.0	198.0
Acquire-EHT_C3_60	645	21842	301.0	665.0	272.0	198.0
Acquire-EHT_C3_60	646	21874	301.0	665.0	272.0	198.0
Acquire-EHT_C3_60	647	21905	301.0	665.0	272.0	198.0
Acquire-EHT_C3_60	648	21952	301.0	665.0	273.0	198.0
Acquire-EHT_C3_60	649	21983	301.0	665.0	272.0	198.0
Acquire-EHT_C3_60	650	22014	301.0	665.0	273.0	199.0
Acquire-EHT_C3_60	651	22046	302.0	665.0	273.0	198.0
Acquire-EHT_C3_60	652	22077	301.0	665.0	272.0	198.0
Acquire-EHT_C3_60	653	22108	301.0	665.0	272.0	198.0
Acquire-EHT_C3_60	654	22139	302.0	664.0	273.0	200.0
Acquire-EHT_C3_60	655	22186	301.0	663.0	273.0	200.0
Acquire-EHT_C3_60	656	22217	301.0	662.0	273.0	201.0
Acquire-EHT_C3_60	657	22249	301.0	662.0	273.0	201.0
Acquire-EHT_C3_60	658	22280	301.0	662.0	273.0	201.0
Acquire-EHT_C3_60	659	22311	301.0	662.0	273.0	201.0
Acquire-EHT_C3_60	660	22342	301.0	662.0	273.0	201.0
Acquire-EHT_C3_60	661	22374	301.0	662.0	273.0	201.0
Acquire-EHT_C3_60	662	22405	301.0	662.0	273.0	201.0
Acquire-EHT_C3_60	663	22452	301.0	663.0	273.0	201.0
Acquire-EHT_C3_60	664	22483	301.0	663.0	273.0	201.0
Acquire-EHT_C3_60	665	22514	301.0	664.0	273.0	198.0
Acquire-EHT_C3_60	666	22545	302.0	664.0	273.0	198.0
Acquire-EHT_C3_60	667	22577	301.0	664.0	273.0	199.0
Acquire-EHT_C3_60	668	22608	301.0	665.0	272.0	198.0
Acquire-EHT_C3_60	669	22639	301.0	665.0	272.0	198.0
Acquire-EHT_C3_60	670	22686	301.0	665.0	272.0	198.0
Acquire-EHT_C3_60	671	22717	301.0	665.0	272.0	198.0
Acquire-EHT_C3_60	672	22749	301.0	665.0	273.0	198.0
Acquire-EHT_C3_60	673	22780	302.0	665.0	272.0	198.0
Acquire-EHT_C3_60	674	22811	301.0	665.0	272.0	198.0
Acquire-EHT_C3_60	675	22842	301.0	665.0	273.0	198.0
Acquire-EHT_C3_60	676	22874	302.0	664.0	272.0	198.0
Acquire-EHT_C3_60	677	22905	301.0	663.0	273.0	200.0
Acquire-EHT_C3_60	678	22952	301.0	662.0	273.0	201.0
Acquire-EHT_C3_60	679	22983	301.0	662.0	273.0	201.0
Acquire-EHT_C3_60	680	23014	301.0	662.0	273.0	201.0
Acquire-EHT_C3_60	681	23045	301.0	662.0	273.0	201.0
Acquire-EHT_C3_60	682	23077	301.0	662.0	273.0	201.0
Acquire-EHT_C3_60	683	23108	301.0	662.0	273.0	201.0
Acquire-EHT_C3_60	684	23139	301.0	662.0	273.0	201.0
Acquire-EHT_C3_60	685	23186	301.0	662.0	273.0	201.0
Acquire-EHT_C3_60	686	23217	301.0	663.0	273.0	201.0
Acquire-EHT_C3_60	687	23249	301.0	664.0	273.0	199.0
Acquire-EHT_C3_60	688	23280	301.0	664.0	272.0	198.0
Acquire-EHT_C3_60	689	23311	301.0	665.0	273.0	198.0
Acquire-EHT_C3_60	690	23342	301.0	664.0	274.0	198.0
Acquire-EHT_C3_60	691	23374	301.0	665.0	273.0	198.0
Acquire-EHT_C3_60	692	23405	302.0	665.0	273.0	198.0
Acquire-EHT_C3_60	693	23452	301.0	665.0	273.0	198.0
Acquire-EHT_C3_60	694	23483	301.0	665.0	273.0	199.0
Acquire-EHT_C3_60	695	23514	301.0	665.0	273.0	198.0
Acquire-EHT_C3_60	696	23545	301.0	665.0	273.0	198.0
Acquire-EHT_C3_60	697	23577	302.0	664.0	273.0	198.0
Acquire-EHT_C3_60	698	23608	301.0	663.0	273.0	200.0
Acquire-EHT_C3_60	699	23639	301.0	662.0	273.0	201.0
Acquire-EHT_C3_60	700	23686	301.0	662.0	273.0	201.0
Acquire-EHT_C3_60	701	23717	301.0	662.0	273.0	201.0
Acquire-EHT_C3_60	702	23749	301.0	662.0	273.0	201.0
Acquire-EHT_C3_60	703	23780	301.0	662.0	273.0	201.0
Acquire-EHT_C3_60	704	23811	301.0	662.0	273.0	201.0
Acquire-EHT_C3_60	705	23842	301.0	662.0	273.0	201.0
Acquire-EHT_C3_60	706	23874	301.0	663.0	273.0	201.0
Acquire-EHT_C3_60	707	23905	301.0	663.0	273.0	201.0
Acquire-EHT_C3_60	708	23952	301.0	664.0	272.0	198.0
Acquire-EHT_C3_60	709	23983	301.0	665.0	273.0	199.0
Acquire-EHT_C3_60	710	24014	302.0	664.0	272.0	198.0
Acquire-EHT_C3_60	711	24045	302.0	665.0	273.0	198.0
Acquire-EHT_C3_60	712	24077	301.0	665.0	272.0	198.0
Acquire-EHT_C3_60	713	24108	301.0	664.0	273.0	198.0
Acquire-EHT_C3_60	714	24139	301.0	665.0	273.0	199.0
Acquire-EHT_C3_60	715	24186	301.0	665.0	272.0	198.0
Acquire-EHT_C3_60	716	24217	301.0	665.0	273.0	198.0
Acquire-EHT_C3_60	717	24248	301.0	665.0	273.0	198.0
Acquire-EHT_C3_60	718	24280	301.0	665.0	272.0	198.0
Acquire-EHT_C3_60	719	24311	302.0	665.0	272.0	198.0
Acquire-EHT_C3_60	720	24342	301.0	665.0	273.0	198.0
Acquire-EHT_C3_60	721	24373	301.0	665.0	273.0	198.0
Acquire-EHT_C3_60	722	24405	301.0	664.0	273.0	199.0
Acquire-EHT_C3_60	723	24452	301.0	663.0	273.0	201.0
Acquire-EHT_C3_60	724	24483	301.0	662.0	273.0	201.0
Acquire-EHT_C3_60	725	24514	301.0	662.0	273.0	201.0
Acquire-EHT_C3_60	726	24545	301.0	662.0	273.0	201.0
Acquire-EHT_C3_60	727	24577	301.0	662.0	273.0	201.0
Acquire-EHT_C3_60	728	24608	301.0	662.0	273.0	201.0
Acquire-EHT_C3_60	729	24639	301.0	662.0	273.0	201.0
Acquire-EHT_C3_60	730	24686	301.0	662.0	273.0	201.0
Acquire-EHT_C3_60	731	24717	301.0	663.0	273.0	201.0
Acquire-EHT_C3_60	732	24748	301.0	663.0	273.0	200.0
Acquire-EHT_C3_60	733	24780	301.0	664.0	273.0	199.0
Acquire-EHT_C3_60	734	24811	301.0	665.0	273.0	199.0
Acquire-EHT_C3_60	735	24842	301.0	665.0	273.0	198.0
Acquire-EHT_C3_60	736	24873	301.0	665.0	273.0	198.0
Acquire-EHT_C3_60	737	24905	301.0	665.0	272.0	198.0
Acquire-EHT_C3_60	738	24952	301.0	665.0	272.0	198.0
Acquire-EHT_C3_60	739	24983	301.0	665.0	272.0	198.0
Acquire-EHT_C3_60	740	25014	301.0	665.0	273.0	198.0
Acquire-EHT_C3_60	741	25045	301.0	665.0	272.0	198.0
Acquire-EHT_C3_60	742	25077	301.0	665.0	273.0	198.0
Acquire-EHT_C3_60	743	25108	301.0	665.0	273.0	198.0
Acquire-EHT_C3_60	744	25139	301.0	665.0	273.0	198.0
Acquire-EHT_C3_60	745	25186	301.0	664.0	273.0	199.0
Acquire-EHT_C3_60	746	25217	301.0	663.0	273.0	201.0
Acquire-EHT_C3_60	747	25248	301.0	662.0	273.0	201.0
Acquire-EHT_C3_60	748	25280	301.0	662.0	273.0	201.0
Acquire-EHT_C3_60	749	25311	301.0	662.0	273.0	201.0
Acquire-EHT_C3_60	750	25342	301.0	662.0	273.0	201.0
Acquire-EHT_C3_60	751	25373	301.0	662.0	273.0	201.0
Acquire-EHT_C3_60	752	25405	301.0	662.0	273.0	201.0
Acquire-EHT_C3_60	753	25452	301.0	662.0	273.0	201.0
Acquire-EHT_C3_60	754	25483	301.0	663.0	273.0	201.0
Acquire-EHT_C3_60	755	25514	301.0	663.0	273.0	200.0
Acquire-EHT_C3_60	756	25545	301.0	664.0	273.0	199.0
Acquire-EHT_C3_60	757	25577	301.0	664.0	273.0	199.0
Acquire-EHT_C3_60	758	25608	301.0	665.0	272.0	198.0
Acquire-EHT_C3_60	759	25639	302.0	665.0	273.0	198.0
Acquire-EHT_C3_60	760	25686	301.0	665.0	273.0	198.0
Acquire-EHT_C3_60	761	25717	301.0	665.0	273.0	198.0
Acquire-EHT_C3_60	762	25748	301.0	664.0	273.0	198.0
Acquire-EHT_C3_60	763	25780	302.0	665.0	273.0	198.0
Acquire-EHT_C3_60	764	25811	302.0	665.0	273.0	198.0
Acquire-EHT_C3_60	765	25842	302.0	665.0	273.0	198.0
Acquire-EHT_C3_60	766	25873	301.0	665.0	273.0	198.0
Acquire-EHT_C3_60	767	25905	301.0	665.0	273.0	198.0
Acquire-EHT_C3_60	768	25951	301.0	665.0	273.0	198.0
Acquire-EHT_C3_60	769	25983	301.0	664.0	273.0	199.0
Acquire-EHT_C3_60	770	26014	301.0	663.0	273.0	201.0
Acquire-EHT_C3_60	771	26045	301.0	662.0	273.0	201.0
Acquire-EHT_C3_60	772	26076	301.0	662.0	273.0	201.0
Acquire-EHT_C3_60	773	26108	301.0	662.0	273.0	201.0
Acquire-EHT_C3_60	774	26139	301.0	662.0	273.0	201.0
Acquire-EHT_C3_60	775	26186	301.0	662.0	273.0	201.0
Acquire-EHT_C3_60	776	26217	301.0	662.0	273.0	201.0
Acquire-EHT_C3_60	777	26248	301.0	662.0	273.0	201.0
Acquire-EHT_C3_60	778	26280	301.0	663.0	273.0	201.0
Acquire-EHT_C3_60	779	26311	301.0	665.0	273.0	198.0
Acquire-EHT_C3_60	780	26514	301.0	665.0	273.0	198.0
Acquire-EHT_C3_60	781	26545	301.0	665.0	273.0	198.0
Acquire-EHT_C3_60	782	26576	301.0	665.0	273.0	198.0
Acquire-EHT_C3_60	783	26608	301.0	664.0	273.0	198.0
Acquire-EHT_C3_60	784	26639	301.0	663.0	273.0	200.0
Acquire-EHT_C3_60	785	26686	301.0	662.0	273.0	201.0
Acquire-EHT_C3_60	786	26717	301.0	662.0	273.0	201.0
Acquire-EHT_C3_60	787	26748	301.0	662.0	273.0	201.0
Acquire-EHT_C3_60	788	26780	301.0	662.0	273.0	201.0
Acquire-EHT_C3_60	789	26811	301.0	662.0	273.0	201.0
Acquire-EHT_C3_60	790	26842	301.0	662.0	273.0	201.0
Acquire-EHT_C3_60	791	26873	301.0	662.0	273.0	201.0
Acquire-EHT_C3_60	792	26905	301.0	663.0	273.0	201.0
Acquire-EHT_C3_60	793	26951	301.0	664.0	273.0	200.0
Acquire-EHT_C3_60	794	26983	301.0	664.0	272.0	199.0
Acquire-EHT_C3_60	795	27014	301.0	665.0	272.0	199.0
Acquire-EHT_C3_60	796	27045	301.0	665.0	273.0	198.0
Acquire-EHT_C3_60	797	27076	301.0	665.0	272.0	198.0
Acquire-EHT_C3_60	798	27108	301.0	665.0	273.0	198.0
Acquire-EHT_C3_60	799	27139	301.0	665.0	273.0	198.0
Acquire-EHT_C3_60	800	27186	301.0	665.0	273.0	198.0
Acquire-EHT_C3_60	801	27217	301.0	665.0	273.0	199.0
Acquire-EHT_C3_60	802	27248	301.0	665.0	273.0	198.0
Acquire-EHT_C3_60	803	27280	301.0	665.0	273.0	198.0
Acquire-EHT_C3_60	804	27311	301.0	665.0	272.0	198.0
Acquire-EHT_C3_60	805	27342	301.0	665.0	272.0	198.0
Acquire-EHT_C3_60	806	27373	301.0	665.0	272.0	198.0
Acquire-EHT_C3_60	807	27405	301.0	665.0	272.0	198.0
Acquire-EHT_C3_60	808	27451	301.0	664.0	272.0	199.0
Acquire-EHT_C3_60	809	27483	301.0	663.0	273.0	201.0
Acquire-EHT_C3_60	810	27514	301.0	662.0	273.0	201.0
Acquire-EHT_C3_60	811	27545	301.0	662.0	273.0	201.0
Acquire-EHT_C3_60	812	27576	301.0	662.0	273.0	201.0
Acquire-EHT_C3_60	813	27608	301.0	662.0	273.0	201.0
Acquire-EHT_C3_60	814	27639	301.0	662.0	273.0	201.0
Acquire-EHT_C3_60	815	27686	301.0	662.0	273.0	201.0
Acquire-EHT_C3_60	816	27717	301.0	662.0	273.0	201.0
Acquire-EHT_C3_60	817	27748	301.0	663.0	273.0	201.0
Acquire-EHT_C3_60	818	27779	301.0	664.0	273.0	200.0
Acquire-EHT_C3_60	819	27811	301.0	664.0	273.0	199.0
Acquire-EHT_C3_60	820	27842	301.0	665.0	272.0	198.0
Acquire-EHT_C3_60	821	27873	301.0	664.0	273.0	198.0
Acquire-EHT_C3_60	822	27904	301.0	665.0	273.0	199.0
Acquire-EHT_C3_60	823	27951	301.0	665.0	272.0	198.0
Acquire-EHT_C3_60	824	27983	302.0	665.0	273.0	198.0
Acquire-EHT_C3_60	825	28014	302.0	665.0	272.0	198.0
Acquire-EHT_C3_60	826	28045	301.0	665.0	272.0	198.0
Acquire-EHT_C3_60	827	28076	301.0	665.0	272.0	198.0
Acquire-EHT_C3_60	828	28108	301.0	665.0	273.0	198.0
Acquire-EHT_C3_60	829	28139	301.0	665.0	272.0	198.0
Acquire-EHT_C3_60	830	28186	301.0	665.0	273.0	198.0
Acquire-EHT_C3_60	831	28217	301.0	665.0	272.0	198.0
Acquire-EHT_C3_60	832	28248	301.0	663.0	273.0	199.0
Acquire-EHT_C3_60	833	28279	301.0	662.0	273.0	201.0
Acquire-EHT_C3_60	834	28311	301.0	662.0	273.0	201.0
Acquire-EHT_C3_60	835	28342	301.0	662.0	273.0	201.0
Acquire-EHT_C3_60	836	28373	301.0	662.0	273.0	201.0
Acquire-EHT_C3_60	837	28420	301.0	662.0	273.0	201.0
Acquire-EHT_C3_60	838	28451	301.0	662.0	273.0	201.0
Acquire-EHT_C3_60	839	28483	301.0	662.0	273.0	201.0
Acquire-EHT_C3_60	840	28514	301.0	662.0	273.0	201.0
Acquire-EHT_C3_60	841	28545	301.0	663.0	273.0	201.0
Acquire-EHT_C3_60	842	28576	301.0	664.0	273.0	200.0
Acquire-EHT_C3_60	843	28608	302.0	664.0	273.0	198.0
Acquire-EHT_C3_60	844	28639	301.0	665.0	273.0	198.0
Acquire-EHT_C3_60	845	28686	302.0	665.0	273.0	198.0
Acquire-EHT_C3_60	846	28717	301.0	665.0	273.0	198.0
Acquire-EHT_C3_60	847	28748	301.0	665.0	273.0	199.0
Acquire-EHT_C3_60	848	28779	301.0	665.0	273.0	198.0
Acquire-EHT_C3_60	849	28811	301.0	665.0	272.0	198.0
Acquire-EHT_C3_60	850	28842	302.0	665.0	273.0	198.0
Acquire-EHT_C3_60	851	28873	301.0	665.0	272.0	198.0
Acquire-EHT_C3_60	852	28904	301.0	665.0	272.0	199.0
Acquire-EHT_C3_60	853	28951	302.0	665.0	273.0	198.0
Acquire-EHT_C3_60	854	28983	301.0	665.0	273.0	198.0
Acquire-EHT_C3_60	855	29014	301.0	664.0	273.0	199.0
Acquire-EHT_C3_60	856	29045	301.0	663.0	273.0	201.0
Acquire-EHT_C3_60	857	29076	301.0	662.0	273.0	201.0
Acquire-EHT_C3_60	858	29108	301.0	662.0	273.0	201.0
Acquire-EHT_C3_60	859	29139	301.0	662.0	273.0	201.0
Acquire-EHT_C3_60	860	29186	301.0	662.0	273.0	201.0
Acquire-EHT_C3_60	861	29217	301.0	662.0	273.0	201.0
Acquire-EHT_C3_60	862	29248	301.0	662.0	273.0	201.0
Acquire-EHT_C3_60	863	29279	301.0	662.0	273.0	201.0
Acquire-EHT_C3_60	864	29311	301.0	663.0	273.0	201.0
Acquire-EHT_C3_60	865	29342	301.0	664.0	273.0	200.0
Acquire-EHT_C3_60	866	29373	301.0	664.0	273.0	198.0
Acquire-EHT_C3_60	867	29404	301.0	665.0	273.0	199.0
Acquire-EHT_C3_60	868	29451	301.0	665.0	272.0	198.0
Acquire-EHT_C3_60	869	29482	301.0	665.0	273.0	198.0
Acquire-EHT_C3_60	870	29514	301.0	665.0	273.0	198.0
Acquire-EHT_C3_60	871	29545	301.0	665.0	272.0	198.0
Acquire-EHT_C3_60	872	29576	301.0	665.0	273.0	198.0
Acquire-EHT_C3_60	873	29607	301.0	665.0	272.0	198.0
Acquire-EHT_C3_60	874	29639	301.0	665.0	273.0	199.0
Acquire-EHT_C3_60	875	29686	301.0	664.0	273.0	200.0
Acquire-EHT_C3_60	876	29717	301.0	663.0	273.0	201.0
Acquire-EHT_C3_60	877	29748	301.0	662.0	273.0	201.0
Acquire-EHT_C3_60	878	29779	301.0	662.0	273.0	201.0
Acquire-EHT_C3_60	879	29811	301.0	662.0	273.0	201.0
Acquire-EHT_C3_60	880	29842	301.0	662.0	273.0	201.0
Acquire-EHT_C3_60	881	29873	301.0	662.0	273.0	201.0
Acquire-EHT_C3_60	882	29904	301.0	662.0	273.0	201.0
Acquire-EHT_C3_60	883	29951	301.0	663.0	273.0	201.0
Acquire-EHT_B3_60_1	0	0	258.0	657.0	262.0	195.0
Acquire-EHT_B3_60_1	1	15	258.0	657.0	262.0	195.0
Acquire-EHT_B3_60_1	2	47	258.0	657.0	262.0	195.0
Acquire-EHT_B3_60_1	3	78	258.0	657.0	262.0	195.0
Acquire-EHT_B3_60_1	4	109	258.0	657.0	262.0	195.0
Acquire-EHT_B3_60_1	5	140	258.0	657.0	262.0	195.0
Acquire-EHT_B3_60_1	6	172	258.0	658.0	262.0	194.0
Acquire-EHT_B3_60_1	7	218	258.0	659.0	261.0	193.0
Acquire-EHT_B3_60_1	8	250	258.0	660.0	261.0	192.0
Acquire-EHT_B3_60_1	9	281	258.0	660.0	261.0	192.0
Acquire-EHT_B3_60_1	10	312	258.0	660.0	261.0	192.0
Acquire-EHT_B3_60_1	11	343	258.0	661.0	261.0	191.0
Acquire-EHT_B3_60_1	12	375	258.0	661.0	261.0	192.0
Acquire-EHT_B3_60_1	13	406	258.0	660.0	261.0	192.0
Acquire-EHT_B3_60_1	14	437	258.0	661.0	261.0	191.0
Acquire-EHT_B3_60_1	15	484	258.0	661.0	261.0	191.0
Acquire-EHT_B3_60_1	16	515	258.0	661.0	261.0	192.0
Acquire-EHT_B3_60_1	17	546	258.0	660.0	261.0	193.0
Acquire-EHT_B3_60_1	18	578	258.0	658.0	262.0	194.0
Acquire-EHT_B3_60_1	19	609	258.0	657.0	262.0	195.0
Acquire-EHT_B3_60_1	20	640	258.0	657.0	262.0	195.0
Acquire-EHT_B3_60_1	21	671	258.0	656.0	262.0	195.0
Acquire-EHT_B3_60_1	22	718	258.0	657.0	262.0	195.0
Acquire-EHT_B3_60_1	23	750	258.0	657.0	262.0	195.0
Acquire-EHT_B3_60_1	24	781	258.0	657.0	262.0	195.0
Acquire-EHT_B3_60_1	25	812	258.0	657.0	262.0	195.0
Acquire-EHT_B3_60_1	26	843	258.0	659.0	262.0	194.0
Acquire-EHT_B3_60_1	27	875	258.0	660.0	261.0	193.0
Acquire-EHT_B3_60_1	28	906	258.0	660.0	261.0	192.0
Acquire-EHT_B3_60_1	29	937	258.0	660.0	261.0	192.0
Acquire-EHT_B3_60_1	30	984	258.0	661.0	261.0	192.0
Acquire-EHT_B3_60_1	31	1015	258.0	661.0	261.0	192.0
Acquire-EHT_B3_60_1	32	1046	258.0	661.0	261.0	192.0
Acquire-EHT_B3_60_1	33	1078	258.0	661.0	261.0	191.0
Acquire-EHT_B3_60_1	34	1109	258.0	661.0	262.0	192.0
Acquire-EHT_B3_60_1	35	1140	258.0	661.0	261.0	192.0
Acquire-EHT_B3_60_1	36	1171	258.0	660.0	261.0	192.0
Acquire-EHT_B3_60_1	37	1218	258.0	658.0	261.0	194.0
Acquire-EHT_B3_60_1	38	1250	258.0	657.0	262.0	195.0
Acquire-EHT_B3_60_1	39	1281	258.0	657.0	262.0	195.0
Acquire-EHT_B3_60_1	40	1312	258.0	656.0	262.0	195.0
Acquire-EHT_B3_60_1	41	1343	258.0	657.0	262.0	195.0
Acquire-EHT_B3_60_1	42	1375	258.0	657.0	262.0	195.0
Acquire-EHT_B3_60_1	43	1406	258.0	657.0	262.0	195.0
Acquire-EHT_B3_60_1	44	1437	258.0	657.0	262.0	195.0
Acquire-EHT_B3_60_1	45	1484	258.0	658.0	262.0	194.0
Acquire-EHT_B3_60_1	46	1515	259.0	659.0	261.0	193.0
Acquire-EHT_B3_60_1	47	1546	258.0	660.0	261.0	191.0
Acquire-EHT_B3_60_1	48	1578	258.0	660.0	261.0	192.0
Acquire-EHT_B3_60_1	49	1609	258.0	661.0	261.0	192.0
Acquire-EHT_B3_60_1	50	1640	258.0	660.0	261.0	191.0
Acquire-EHT_B3_60_1	51	1671	258.0	661.0	261.0	191.0
Acquire-EHT_B3_60_1	52	1718	258.0	661.0	261.0	192.0
Acquire-EHT_B3_60_1	53	1750	258.0	661.0	262.0	192.0
Acquire-EHT_B3_60_1	54	1781	258.0	661.0	261.0	192.0
Acquire-EHT_B3_60_1	55	1812	258.0	660.0	261.0	192.0
Acquire-EHT_B3_60_1	56	1843	258.0	659.0	261.0	193.0
Acquire-EHT_B3_60_1	57	1875	258.0	658.0	262.0	194.0
Acquire-EHT_B3_60_1	58	1906	258.0	657.0	262.0	195.0
Acquire-EHT_B3_60_1	59	1937	258.0	657.0	262.0	195.0
Acquire-EHT_B3_60_1	60	1984	258.0	657.0	262.0	195.0
Acquire-EHT_B3_60_1	61	2015	258.0	656.0	262.0	195.0
Acquire-EHT_B3_60_1	62	2046	258.0	657.0	262.0	195.0
Acquire-EHT_B3_60_1	63	2078	258.0	657.0	262.0	195.0
Acquire-EHT_B3_60_1	64	2109	258.0	658.0	262.0	195.0
Acquire-EHT_B3_60_1	65	2140	258.0	659.0	262.0	194.0
Acquire-EHT_B3_60_1	66	2171	258.0	660.0	260.0	192.0
Acquire-EHT_B3_60_1	67	2218	258.0	660.0	261.0	192.0
Acquire-EHT_B3_60_1	68	2249	259.0	660.0	261.0	192.0
Acquire-EHT_B3_60_1	69	2281	258.0	660.0	261.0	192.0
Acquire-EHT_B3_60_1	70	2312	258.0	661.0	261.0	192.0
Acquire-EHT_B3_60_1	71	2343	258.0	661.0	260.0	191.0
Acquire-EHT_B3_60_1	72	2374	259.0	660.0	261.0	191.0
Acquire-EHT_B3_60_1	73	2406	258.0	661.0	261.0	192.0
Acquire-EHT_B3_60_1	74	2437	258.0	661.0	261.0	192.0
Acquire-EHT_B3_60_1	75	2484	258.0	661.0	262.0	192.0
Acquire-EHT_B3_60_1	76	2515	258.0	659.0	262.0	193.0
Acquire-EHT_B3_60_1	77	2546	258.0	658.0	262.0	194.0
Acquire-EHT_B3_60_1	78	2578	258.0	657.0	262.0	195.0
Acquire-EHT_B3_60_1	79	2609	258.0	657.0	262.0	195.0
Acquire-EHT_B3_60_1	80	2640	258.0	657.0	262.0	195.0
Acquire-EHT_B3_60_1	81	2671	258.0	657.0	262.0	195.0
Acquire-EHT_B3_60_1	82	2718	258.0	657.0	262.0	195.0
Acquire-EHT_B3_60_1	83	2749	258.0	657.0	262.0	195.0
Acquire-EHT_B3_60_1	84	2781	258.0	658.0	262.0	194.0
Acquire-EHT_B3_60_1	85	2812	258.0	659.0	262.0	194.0
Acquire-EHT_B3_60_1	86	2843	258.0	660.0	261.0	192.0
Acquire-EHT_B3_60_1	87	2874	258.0	660.0	261.0	192.0
Acquire-EHT_B3_60_1	88	2906	258.0	660.0	262.0	192.0
Acquire-EHT_B3_60_1	89	2937	259.0	660.0	261.0	191.0
Acquire-EHT_B3_60_1	90	2984	259.0	660.0	261.0	192.0
Acquire-EHT_B3_60_1	91	3015	258.0	661.0	261.0	192.0
Acquire-EHT_B3_60_1	92	3046	258.0	661.0	262.0	192.0
Acquire-EHT_B3_60_1	93	3078	258.0	661.0	260.0	192.0
Acquire-EHT_B3_60_1	94	3109	258.0	661.0	261.0	192.0
Acquire-EHT_B3_60_1	95	3140	258.0	661.0	261.0	191.0
Acquire-EHT_B3_60_1	96	3171	258.0	660.0	261.0	193.0
Acquire-EHT_B3_60_1	97	3218	258.0	658.0	262.0	194.0
Acquire-EHT_B3_60_1	98	3249	258.0	657.0	262.0	195.0
Acquire-EHT_B3_60_1	99	3281	258.0	657.0	262.0	195.0
Acquire-EHT_B3_60_1	100	3312	258.0	656.0	262.0	195.0
Acquire-EHT_B3_60_1	101	3343	258.0	657.0	262.0	195.0
Acquire-EHT_B3_60_1	102	3374	258.0	657.0	262.0	195.0
Acquire-EHT_B3_60_1	103	3406	258.0	657.0	262.0	195.0
Acquire-EHT_B3_60_1	104	3437	258.0	657.0	262.0	195.0
Acquire-EHT_B3_60_1	105	3484	258.0	659.0	262.0	194.0
Acquire-EHT_B3_60_1	106	3515	258.0	659.0	261.0	193.0
Acquire-EHT_B3_60_1	107	3546	258.0	660.0	261.0	192.0
Acquire-EHT_B3_60_1	108	3578	259.0	660.0	261.0	192.0
Acquire-EHT_B3_60_1	109	3609	259.0	660.0	262.0	192.0
Acquire-EHT_B3_60_1	110	3640	258.0	660.0	261.0	191.0
Acquire-EHT_B3_60_1	111	3671	258.0	661.0	261.0	192.0
Acquire-EHT_B3_60_1	112	3718	258.0	660.0	261.0	191.0
Acquire-EHT_B3_60_1	113	3749	258.0	661.0	261.0	192.0
Acquire-EHT_B3_60_1	114	3781	258.0	661.0	261.0	191.0
Acquire-EHT_B3_60_1	115	3812	258.0	661.0	261.0	192.0
Acquire-EHT_B3_60_1	116	3843	258.0	660.0	261.0	192.0
Acquire-EHT_B3_60_1	117	3874	258.0	659.0	262.0	194.0
Acquire-EHT_B3_60_1	118	3906	258.0	657.0	262.0	195.0
Acquire-EHT_B3_60_1	119	3937	258.0	657.0	262.0	195.0
Acquire-EHT_B3_60_1	120	3984	258.0	656.0	262.0	195.0
Acquire-EHT_B3_60_1	121	4015	258.0	657.0	262.0	195.0
Acquire-EHT_B3_60_1	122	4046	258.0	657.0	262.0	195.0
Acquire-EHT_B3_60_1	123	4077	258.0	657.0	262.0	195.0
Acquire-EHT_B3_60_1	124	4109	258.0	657.0	262.0	195.0
Acquire-EHT_B3_60_1	125	4140	258.0	658.0	261.0	193.0
Acquire-EHT_B3_60_1	126	4171	258.0	659.0	261.0	192.0
Acquire-EHT_B3_60_1	127	4218	258.0	660.0	261.0	192.0
Acquire-EHT_B3_60_1	128	4249	259.0	660.0	260.0	192.0
Acquire-EHT_B3_60_1	129	4281	258.0	661.0	261.0	192.0
Acquire-EHT_B3_60_1	130	4312	259.0	660.0	261.0	192.0
Acquire-EHT_B3_60_1	131	4343	258.0	661.0	261.0	192.0
Acquire-EHT_B3_60_1	132	4374	258.0	661.0	260.0	192.0
Acquire-EHT_B3_60_1	133	4406	258.0	661.0	261.0	192.0
Acquire-EHT_B3_60_1	134	4437	258.0	661.0	262.0	192.0
Acquire-EHT_B3_60_1	135	4484	258.0	661.0	261.0	192.0
Acquire-EHT_B3_60_1	136	4515	258.0	659.0	261.0	192.0
Acquire-EHT_B3_60_1	137	4546	258.0	658.0	262.0	194.0
Acquire-EHT_B3_60_1	138	4577	258.0	657.0	262.0	195.0
Acquire-EHT_B3_60_1	139	4609	258.0	657.0	262.0	195.0
Acquire-EHT_B3_60_1	140	4640	258.0	656.0	262.0	195.0
Acquire-EHT_B3_60_1	141	4671	258.0	657.0	262.0	195.0
Acquire-EHT_B3_60_1	142	4718	258.0	657.0	262.0	195.0
Acquire-EHT_B3_60_1	143	4749	258.0	657.0	262.0	195.0
Acquire-EHT_B3_60_1	144	4781	258.0	658.0	262.0	195.0
Acquire-EHT_B3_60_1	145	4812	258.0	659.0	262.0	194.0
Acquire-EHT_B3_60_1	146	4843	258.0	660.0	261.0	193.0
Acquire-EHT_B3_60_1	147	4874	258.0	660.0	261.0	192.0
Acquire-EHT_B3_60_1	148	4906	258.0	661.0	261.0	192.0
Acquire-EHT_B3_60_1	149	4937	258.0	660.0	261.0	192.0
Acquire-EHT_B3_60_1	150	4984	258.0	661.0	261.0	191.0
Acquire-EHT_B3_60_1	151	5015	258.0	661.0	261.0	191.0
Acquire-EHT_B3_60_1	152	5046	258.0	661.0	261.0	191.0
Acquire-EHT_B3_60_1	153	5077	258.0	661.0	261.0	192.0
Acquire-EHT_B3_60_1	154	5109	258.0	661.0	261.0	191.0
Acquire-EHT_B3_60_1	155	5140	258.0	660.0	261.0	192.0
Acquire-EHT_B3_60_1	156	5171	258.0	658.0	262.0	194.0
Acquire-EHT_B3_60_1	157	5218	258.0	657.0	262.0	195.0
Acquire-EHT_B3_60_1	158	5249	258.0	657.0	262.0	195.0
Acquire-EHT_B3_60_1	159	5281	258.0	657.0	262.0	195.0
Acquire-EHT_B3_60_1	160	5312	258.0	657.0	262.0	195.0
Acquire-EHT_B3_60_1	161	5343	258.0	657.0	262.0	195.0
Acquire-EHT_B3_60_1	162	5374	258.0	657.0	262.0	195.0
Acquire-EHT_B3_60_1	163	5406	258.0	657.0	262.0	195.0
Acquire-EHT_B3_60_1	164	5437	258.0	658.0	261.0	193.0
Acquire-EHT_B3_60_1	165	5484	259.0	659.0	262.0	193.0
Acquire-EHT_B3_60_1	166	5515	258.0	660.0	261.0	193.0
Acquire-EHT_B3_60_1	167	5546	259.0	660.0	261.0	192.0
Acquire-EHT_B3_60_1	168	5577	258.0	660.0	261.0	191.0
Acquire-EHT_B3_60_1	169	5609	258.0	661.0	261.0	192.0
Acquire-EHT_B3_60_1	170	5640	258.0	660.0	261.0	192.0
Acquire-EHT_B3_60_1	171	5671	258.0	661.0	262.0	192.0
Acquire-EHT_B3_60_1	172	5718	258.0	661.0	261.0	192.0
Acquire-EHT_B3_60_1	173	5749	258.0	661.0	261.0	192.0
Acquire-EHT_B3_60_1	174	5780	258.0	660.0	261.0	192.0
Acquire-EHT_B3_60_1	175	5812	258.0	660.0	261.0	193.0
Acquire-EHT_B3_60_1	176	5843	258.0	658.0	262.0	195.0
Acquire-EHT_B3_60_1	177	5874	258.0	657.0	262.0	195.0
Acquire-EHT_B3_60_1	178	5905	258.0	657.0	262.0	195.0
Acquire-EHT_B3_60_1	179	5937	258.0	657.0	262.0	195.0
Acquire-EHT_B3_60_1	180	5984	258.0	656.0	262.0	195.0
Acquire-EHT_B3_60_1	181	6015	258.0	657.0	262.0	195.0
Acquire-EHT_B3_60_1	182	6046	258.0	657.0	262.0	195.0
Acquire-EHT_B3_60_1	183	6077	258.0	657.0	262.0	195.0
Acquire-EHT_B3_60_1	184	6109	258.0	658.0	262.0	194.0
Acquire-EHT_B3_60_1	185	6140	259.0	659.0	262.0	192.0
Acquire-EHT_B3_60_1	186	6171	259.0	660.0	261.0	192.0
Acquire-EHT_B3_60_1	187	6218	258.0	660.0	261.0	192.0
Acquire-EHT_B3_60_1	188	6249	258.0	661.0	261.0	192.0
Acquire-EHT_B3_60_1	189	6280	259.0	660.0	261.0	192.0
Acquire-EHT_B3_60_1	190	6312	258.0	661.0	262.0	192.0
Acquire-EHT_B3_60_1	191	6343	258.0	661.0	261.0	191.0
Acquire-EHT_B3_60_1	192	6374	258.0	661.0	261.0	192.0
Acquire-EHT_B3_60_1	193	6405	258.0	661.0	261.0	192.0
Acquire-EHT_B3_60_1	194	6437	258.0	660.0	262.0	192.0
Acquire-EHT_B3_60_1	195	6484	258.0	659.0	261.0	193.0
Acquire-EHT_B3_60_1	196	6515	258.0	657.0	262.0	195.0
Acquire-EHT_B3_60_1	197	6546	258.0	657.0	262.0	195.0
Acquire-EHT_B3_60_1	198	6577	258.0	657.0	262.0	195.0
Acquire-EHT_B3_60_1	199	6609	258.0	657.0	262.0	195.0
Acquire-EHT_B3_60_1	200	6640	258.0	657.0	262.0	195.0
Acquire-EHT_B3_60_1	201	6671	258.0	657.0	262.0	195.0
Acquire-EHT_B3_60_1	202	6718	258.0	657.0	262.0	195.0
Acquire-EHT_B3_60_1	203	6749	258.0	658.0	262.0	195.0
Acquire-EHT_B3_60_1	204	6780	258.0	659.0	262.0	194.0
Acquire-EHT_B3_60_1	205	6812	259.0	659.0	262.0	192.0
Acquire-EHT_B3_60_1	206	6843	258.0	660.0	262.0	192.0
Acquire-EHT_B3_60_1	207	6874	258.0	660.0	261.0	192.0
Acquire-EHT_B3_60_1	208	6905	258.0	661.0	261.0	192.0
Acquire-EHT_B3_60_1	209	6937	258.0	661.0	261.0	191.0
Acquire-EHT_B3_60_1	210	6984	258.0	660.0	261.0	192.0
Acquire-EHT_B3_60_1	211	7015	258.0	661.0	261.0	191.0
Acquire-EHT_B3_60_1	212	7046	258.0	661.0	261.0	191.0
Acquire-EHT_B3_60_1	213	7077	258.0	660.0	261.0	192.0
Acquire-EHT_B3_60_1	214	7109	258.0	659.0	262.0	194.0
Acquire-EHT_B3_60_1	215	7140	258.0	658.0	262.0	194.0
Acquire-EHT_B3_60_1	216	7171	258.0	657.0	262.0	195.0
Acquire-EHT_B3_60_1	217	7218	258.0	657.0	262.0	195.0
Acquire-EHT_B3_60_1	218	7249	258.0	657.0	262.0	195.0
Acquire-EHT_B3_60_1	219	7280	258.0	657.0	262.0	195.0
Acquire-EHT_B3_60_1	220	7312	258.0	657.0	262.0	195.0
Acquire-EHT_B3_60_1	221	7343	258.0	657.0	262.0	195.0
Acquire-EHT_B3_60_1	222	7374	258.0	657.0	262.0	194.0
Acquire-EHT_B3_60_1	223	7405	258.0	659.0	262.0	194.0
Acquire-EHT_B3_60_1	224	7437	258.0	660.0	261.0	192.0
Acquire-EHT_B3_60_1	225	7483	258.0	660.0	261.0	192.0
Acquire-EHT_B3_60_1	226	7515	258.0	661.0	261.0	192.0
Acquire-EHT_B3_60_1	227	7546	258.0	661.0	261.0	192.0
Acquire-EHT_B3_60_1	228	7577	258.0	661.0	261.0	191.0
Acquire-EHT_B3_60_1	229	7608	258.0	661.0	261.0	191.0
Acquire-EHT_B3_60_1	230	7640	258.0	661.0	261.0	191.0
Acquire-EHT_B3_60_1	231	7671	258.0	661.0	260.0	192.0
Acquire-EHT_B3_60_1	232	7718	258.0	661.0	261.0	191.0
Acquire-EHT_B3_60_1	233	7749	258.0	660.0	261.0	192.0
Acquire-EHT_B3_60_1	234	7780	258.0	659.0	262.0	193.0
Acquire-EHT_B3_60_1	235	7812	258.0	658.0	262.0	194.0
Acquire-EHT_B3_60_1	236	7843	258.0	657.0	262.0	195.0
Acquire-EHT_B3_60_1	237	7874	258.0	657.0	262.0	195.0
Acquire-EHT_B3_60_1	238	7905	258.0	656.0	262.0	195.0
Acquire-EHT_B3_60_1	239	7937	258.0	656.0	262.0	195.0
Acquire-EHT_B3_60_1	240	7983	258.0	657.0	262.0	195.0
Acquire-EHT_B3_60_1	241	8015	258.0	657.0	262.0	195.0
Acquire-EHT_B3_60_1	242	8046	258.0	658.0	262.0	194.0
Acquire-EHT_B3_60_1	243	8077	258.0	659.0	261.0	193.0
Acquire-EHT_B3_60_1	244	8108	258.0	660.0	261.0	193.0
Acquire-EHT_B3_60_1	245	8140	258.0	660.0	260.0	192.0
Acquire-EHT_B3_60_1	246	8171	258.0	661.0	262.0	192.0
Acquire-EHT_B3_60_1	247	8218	258.0	661.0	261.0	191.0
Acquire-EHT_B3_60_1	248	8249	258.0	661.0	261.0	191.0
Acquire-EHT_B3_60_1	249	8280	259.0	660.0	261.0	191.0
Acquire-EHT_B3_60_1	250	8312	258.0	660.0	261.0	191.0
Acquire-EHT_B3_60_1	251	8343	258.0	661.0	261.0	191.0
Acquire-EHT_B3_60_1	252	8374	258.0	661.0	261.0	191.0
Acquire-EHT_B3_60_1	253	8405	258.0	660.0	261.0	192.0
Acquire-EHT_B3_60_1	254	8452	258.0	659.0	261.0	193.0
Acquire-EHT_B3_60_1	255	8483	258.0	657.0	262.0	194.0
Acquire-EHT_B3_60_1	256	8515	258.0	657.0	262.0	195.0
Acquire-EHT_B3_60_1	257	8546	258.0	657.0	262.0	195.0
Acquire-EHT_B3_60_1	258	8577	258.0	657.0	262.0	195.0
Acquire-EHT_B3_60_1	259	8608	258.0	657.0	262.0	195.0
Acquire-EHT_B3_60_1	260	8640	258.0	657.0	262.0	195.0
Acquire-EHT_B3_60_1	261	8671	258.0	657.0	262.0	195.0
Acquire-EHT_B3_60_1	262	8718	258.0	658.0	262.0	195.0
Acquire-EHT_B3_60_1	263	8749	258.0	659.0	261.0	193.0
Acquire-EHT_B3_60_1	264	8780	258.0	660.0	261.0	192.0
Acquire-EHT_B3_60_1	265	8812	258.0	660.0	261.0	192.0
Acquire-EHT_B3_60_1	266	8843	259.0	660.0	262.0	192.0
Acquire-EHT_B3_60_1	267	8874	258.0	661.0	261.0	192.0
Acquire-EHT_B3_60_1	268	8905	258.0	660.0	261.0	191.0
Acquire-EHT_B3_60_1	269	8952	258.0	660.0	261.0	191.0
Acquire-EHT_B3_60_1	270	8983	258.0	661.0	261.0	191.0
Acquire-EHT_B3_60_1	271	9015	258.0	661.0	261.0	191.0
Acquire-EHT_B3_60_1	272	9046	258.0	661.0	261.0	192.0
Acquire-EHT_B3_60_1	273	9077	258.0	661.0	261.0	191.0
Acquire-EHT_B3_60_1	274	9108	259.0	659.0	261.0	193.0
Acquire-EHT_B3_60_1	275	9140	258.0	658.0	262.0	194.0
Acquire-EHT_B3_60_1	276	9171	258.0	657.0	262.0	195.0
Acquire-EHT_B3_60_1	277	9218	258.0	657.0	262.0	195.0
Acquire-EHT_B3_60_1	278	9249	258.0	657.0	262.0	195.0
Acquire-EHT_B3_60_1	279	9280	258.0	657.0	262.0	195.0
Acquire-EHT_B3_60_1	280	9312	258.0	657.0	262.0	195.0
Acquire-EHT_B3_60_1	281	9343	258.0	657.0	262.0	195.0
Acquire-EHT_B3_60_1	282	9374	258.0	657.0	262.0	195.0
Acquire-EHT_B3_60_1	283	9405	258.0	658.0	262.0	194.0
Acquire-EHT_B3_60_1	284	9452	258.0	660.0	261.0	193.0
Acquire-EHT_B3_60_1	285	9483	258.0	660.0	261.0	193.0
Acquire-EHT_B3_60_1	286	9515	258.0	660.0	261.0	191.0
Acquire-EHT_B3_60_1	287	9546	258.0	660.0	261.0	192.0
Acquire-EHT_B3_60_1	288	9577	258.0	661.0	260.0	192.0
Acquire-EHT_B3_60_1	289	9608	258.0	661.0	261.0	192.0
Acquire-EHT_B3_60_1	290	9640	258.0	661.0	261.0	192.0
Acquire-EHT_B3_60_1	291	9671	258.0	661.0	261.0	192.0
Acquire-EHT_B3_60_1	292	9718	258.0	661.0	261.0	192.0
Acquire-EHT_B3_60_1	293	9749	258.0	661.0	261.0	192.0
Acquire-EHT_B3_60_1	294	9780	258.0	659.0	262.0	194.0
Acquire-EHT_B3_60_1	295	9811	258.0	658.0	262.0	195.0
Acquire-EHT_B3_60_1	296	9843	258.0	657.0	262.0	195.0
Acquire-EHT_B3_60_1	297	9874	258.0	657.0	262.0	195.0
Acquire-EHT_B3_60_1	298	9905	258.0	657.0	262.0	195.0
Acquire-EHT_B3_60_1	299	9952	258.0	657.0	262.0	195.0
Acquire-EHT_B3_60_1	300	9983	258.0	657.0	262.0	195.0
Acquire-EHT_B3_60_1	301	10015	258.0	657.0	262.0	195.0
Acquire-EHT_B3_60_1	302	10046	258.0	658.0	262.0	195.0
Acquire-EHT_B3_60_1	303	10077	258.0	659.0	261.0	193.0
Acquire-EHT_B3_60_1	304	10108	258.0	660.0	260.0	193.0
Acquire-EHT_B3_60_1	305	10140	258.0	660.0	262.0	192.0
Acquire-EHT_B3_60_1	306	10171	258.0	661.0	261.0	192.0
Acquire-EHT_B3_60_1	307	10218	258.0	661.0	261.0	191.0
Acquire-EHT_B3_60_1	308	10249	259.0	660.0	261.0	192.0
Acquire-EHT_B3_60_1	309	10280	258.0	661.0	261.0	192.0
Acquire-EHT_B3_60_1	310	10311	258.0	661.0	261.0	191.0
Acquire-EHT_B3_60_1	311	10343	258.0	661.0	261.0	191.0
Acquire-EHT_B3_60_1	312	10374	258.0	661.0	261.0	192.0
Acquire-EHT_B3_60_1	313	10405	258.0	660.0	262.0	192.0
Acquire-EHT_B3_60_1	314	10452	258.0	659.0	261.0	193.0
Acquire-EHT_B3_60_1	315	10483	258.0	657.0	262.0	195.0
Acquire-EHT_B3_60_1	316	10515	258.0	657.0	262.0	195.0
Acquire-EHT_B3_60_1	317	10546	258.0	657.0	262.0	195.0
Acquire-EHT_B3_60_1	318	10577	258.0	657.0	262.0	195.0
Acquire-EHT_B3_60_1	319	10608	258.0	657.0	262.0	195.0
Acquire-EHT_B3_60_1	320	10640	258.0	657.0	262.0	195.0
Acquire-EHT_B3_60_1	321	10671	258.0	657.0	262.0	195.0
Acquire-EHT_B3_60_1	322	10718	258.0	658.0	262.0	194.0
Acquire-EHT_B3_60_1	323	10749	258.0	659.0	261.0	193.0
Acquire-EHT_B3_60_1	324	10780	258.0	660.0	261.0	193.0
Acquire-EHT_B3_60_1	325	10811	259.0	660.0	262.0	192.0
Acquire-EHT_B3_60_1	326	10843	258.0	660.0	261.0	192.0
Acquire-EHT_B3_60_1	327	10874	258.0	660.0	261.0	192.0
Acquire-EHT_B3_60_1	328	10905	258.0	661.0	261.0	192.0
Acquire-EHT_B3_60_1	329	10952	258.0	660.0	261.0	191.0
Acquire-EHT_B3_60_1	330	10983	258.0	661.0	262.0	192.0
Acquire-EHT_B3_60_1	331	11015	258.0	661.0	261.0	192.0
Acquire-EHT_B3_60_1	332	11046	258.0	661.0	261.0	192.0
Acquire-EHT_B3_60_1	333	11077	258.0	660.0	261.0	192.0
Acquire-EHT_B3_60_1	334	11108	258.0	659.0	261.0	193.0
Acquire-EHT_B3_60_1	335	11139	258.0	658.0	262.0	195.0
Acquire-EHT_B3_60_1	336	11171	258.0	657.0	262.0	195.0
Acquire-EHT_B3_60_1	337	11218	258.0	657.0	262.0	195.0
Acquire-EHT_B3_60_1	338	11249	258.0	656.0	262.0	195.0
Acquire-EHT_B3_60_1	339	11280	258.0	656.0	262.0	195.0
Acquire-EHT_B3_60_1	340	11311	258.0	657.0	262.0	195.0
Acquire-EHT_B3_60_1	341	11343	258.0	657.0	262.0	195.0
Acquire-EHT_B3_60_1	342	11374	258.0	658.0	261.0	194.0
Acquire-EHT_B3_60_1	343	11405	258.0	659.0	262.0	194.0
Acquire-EHT_B3_60_1	344	11452	258.0	660.0	261.0	192.0
Acquire-EHT_B3_60_1	345	11483	258.0	660.0	261.0	192.0
Acquire-EHT_B3_60_1	346	11514	258.0	660.0	261.0	191.0
Acquire-EHT_B3_60_1	347	11546	258.0	660.0	261.0	192.0
Acquire-EHT_B3_60_1	348	11577	258.0	661.0	261.0	192.0
Acquire-EHT_B3_60_1	349	11608	258.0	661.0	261.0	191.0
Acquire-EHT_B3_60_1	350	11639	258.0	661.0	261.0	192.0
Acquire-EHT_B3_60_1	351	11671	258.0	661.0	261.0	192.0
Acquire-EHT_B3_60_1	352	11718	258.0	661.0	261.0	191.0
Acquire-EHT_B3_60_1	353	11749	258.0	660.0	261.0	191.0
Acquire-EHT_B3_60_1	354	11780	258.0	660.0	261.0	193.0
Acquire-EHT_B3_60_1	355	11811	258.0	658.0	262.0	194.0
Acquire-EHT_B3_60_1	356	11843	258.0	657.0	262.0	195.0
Acquire-EHT_B3_60_1	357	11874	258.0	657.0	262.0	195.0
Acquire-EHT_B3_60_1	358	11905	258.0	656.0	262.0	195.0
Acquire-EHT_B3_60_1	359	11952	258.0	657.0	262.0	195.0
Acquire-EHT_B3_60_1	360	11983	258.0	657.0	262.0	195.0
Acquire-EHT_B3_60_1	361	12014	258.0	657.0	262.0	195.0
Acquire-EHT_B3_60_1	362	12046	258.0	658.0	262.0	194.0
Acquire-EHT_B3_60_1	363	12077	258.0	659.0	262.0	194.0
Acquire-EHT_B3_60_1	364	12108	258.0	660.0	261.0	192.0
Acquire-EHT_B3_60_1	365	12139	258.0	660.0	261.0	192.0
Acquire-EHT_B3_60_1	366	12171	258.0	660.0	261.0	192.0
Acquire-EHT_B3_60_1	367	12218	258.0	661.0	261.0	191.0
Acquire-EHT_B3_60_1	368	12249	258.0	661.0	261.0	192.0
Acquire-EHT_B3_60_1	369	12280	258.0	661.0	261.0	192.0
Acquire-EHT_B3_60_1	370	12311	258.0	661.0	261.0	191.0
Acquire-EHT_B3_60_1	371	12343	258.0	661.0	261.0	191.0
Acquire-EHT_B3_60_1	372	12374	258.0	661.0	261.0	192.0
Acquire-EHT_B3_60_1	373	12405	258.0	661.0	261.0	192.0
Acquire-EHT_B3_60_1	374	12452	258.0	659.0	261.0	193.0
Acquire-EHT_B3_60_1	375	12483	258.0	658.0	262.0	194.0
Acquire-EHT_B3_60_1	376	12514	258.0	657.0	262.0	195.0
Acquire-EHT_B3_60_1	377	12546	258.0	657.0	262.0	195.0
Acquire-EHT_B3_60_1	378	12577	258.0	657.0	262.0	195.0
Acquire-EHT_B3_60_1	379	12608	258.0	656.0	262.0	195.0
Acquire-EHT_B3_60_1	380	12639	258.0	657.0	262.0	195.0
Acquire-EHT_B3_60_1	381	12671	258.0	657.0	262.0	195.0
Acquire-EHT_B3_60_1	382	12718	258.0	657.0	262.0	195.0
Acquire-EHT_B3_60_1	383	12749	258.0	659.0	262.0	193.0
Acquire-EHT_B3_60_1	384	12780	258.0	660.0	261.0	192.0
Acquire-EHT_B3_60_1	385	12811	258.0	660.0	261.0	192.0
Acquire-EHT_B3_60_1	386	12843	258.0	660.0	261.0	192.0
Acquire-EHT_B3_60_1	387	12874	258.0	661.0	261.0	192.0
Acquire-EHT_B3_60_1	388	12905	258.0	661.0	261.0	192.0
Acquire-EHT_B3_60_1	389	12952	259.0	660.0	261.0	191.0
Acquire-EHT_B3_60_1	390	12983	258.0	661.0	261.0	191.0
Acquire-EHT_B3_60_1	391	13014	258.0	661.0	262.0	192.0
Acquire-EHT_B3_60_1	392	13046	258.0	661.0	262.0	191.0
Acquire-EHT_B3_60_1	393	13077	259.0	660.0	261.0	191.0
Acquire-EHT_B3_60_1	394	13108	258.0	659.0	262.0	194.0
Acquire-EHT_B3_60_1	395	13139	258.0	658.0	262.0	195.0
Acquire-EHT_B3_60_1	396	13171	258.0	657.0	262.0	195.0
Acquire-EHT_B3_60_1	397	13217	258.0	657.0	262.0	195.0
Acquire-EHT_B3_60_1	398	13249	258.0	657.0	262.0	195.0
Acquire-EHT_B3_60_1	399	13280	258.0	656.0	262.0	195.0
Acquire-EHT_B3_60_1	400	13311	258.0	657.0	262.0	195.0
Acquire-EHT_B3_60_1	401	13342	258.0	657.0	262.0	195.0
Acquire-EHT_B3_60_1	402	13374	258.0	658.0	262.0	194.0
Acquire-EHT_B3_60_1	403	13405	258.0	659.0	261.0	192.0
Acquire-EHT_B3_60_1	404	13452	258.0	660.0	260.0	192.0
Acquire-EHT_B3_60_1	405	13483	259.0	660.0	261.0	192.0
Acquire-EHT_B3_60_1	406	13514	259.0	660.0	261.0	192.0
Acquire-EHT_B3_60_1	407	13546	258.0	661.0	261.0	192.0
Acquire-EHT_B3_60_1	408	13577	258.0	660.0	261.0	192.0
Acquire-EHT_B3_60_1	409	13608	258.0	661.0	261.0	191.0
Acquire-EHT_B3_60_1	410	13639	258.0	661.0	261.0	192.0
Acquire-EHT_B3_60_1	411	13671	258.0	661.0	260.0	192.0
Acquire-EHT_B3_60_1	412	13717	258.0	660.0	261.0	192.0
Acquire-EHT_B3_60_1	413	13749	258.0	659.0	261.0	193.0
Acquire-EHT_B3_60_1	414	13780	258.0	658.0	262.0	194.0
Acquire-EHT_B3_60_1	415	13811	258.0	657.0	262.0	195.0
Acquire-EHT_B3_60_1	416	13842	258.0	657.0	262.0	195.0
Acquire-EHT_B3_60_1	417	13874	258.0	656.0	262.0	195.0
Acquire-EHT_B3_60_1	418	13905	258.0	657.0	262.0	195.0
Acquire-EHT_B3_60_1	419	13952	258.0	657.0	262.0	195.0
Acquire-EHT_B3_60_1	420	13983	258.0	657.0	262.0	195.0
Acquire-EHT_B3_60_1	421	14014	258.0	657.0	262.0	195.0
Acquire-EHT_B3_60_1	422	14046	258.0	659.0	261.0	193.0
Acquire-EHT_B3_60_1	423	14077	258.0	659.0	260.0	192.0
Acquire-EHT_B3_60_1	424	14108	258.0	660.0	261.0	192.0
Acquire-EHT_B3_60_1	425	14139	258.0	660.0	261.0	192.0
Acquire-EHT_B3_60_1	426	14171	258.0	661.0	261.0	192.0
Acquire-EHT_B3_60_1	427	14217	258.0	661.0	261.0	191.0
Acquire-EHT_B3_60_1	428	14249	258.0	661.0	261.0	192.0
Acquire-EHT_B3_60_1	429	14280	258.0	661.0	261.0	192.0
Acquire-EHT_B3_60_1	430	14311	259.0	660.0	261.0	191.0
Acquire-EHT_B3_60_1	431	14342	258.0	661.0	262.0	192.0
Acquire-EHT_B3_60_1	432	14374	258.0	659.0	261.0	193.0
Acquire-EHT_B3_60_1	433	14405	258.0	658.0	262.0	194.0
Acquire-EHT_B3_60_1	434	14452	258.0	657.0	262.0	195.0
Acquire-EHT_B3_60_1	435	14483	258.0	657.0	262.0	195.0
Acquire-EHT_B3_60_1	436	14514	258.0	657.0	262.0	195.0
Acquire-EHT_B3_60_1	437	14546	258.0	657.0	262.0	195.0
Acquire-EHT_B3_60_1	438	14577	258.0	657.0	262.0	195.0
Acquire-EHT_B3_60_1	439	14608	258.0	657.0	262.0	195.0
Acquire-EHT_B3_60_1	440	14639	258.0	658.0	262.0	195.0
Acquire-EHT_B3_60_1	441	14671	258.0	659.0	262.0	194.0
Acquire-EHT_B3_60_1	442	14717	259.0	659.0	261.0	192.0
Acquire-EHT_B3_60_1	443	14749	258.0	660.0	261.0	192.0
Acquire-EHT_B3_60_1	444	14780	258.0	660.0	261.0	192.0
Acquire-EHT_B3_60_1	445	14811	258.0	660.0	261.0	192.0
Acquire-EHT_B3_60_1	446	14842	258.0	661.0	261.0	192.0
Acquire-EHT_B3_60_1	447	14874	258.0	661.0	261.0	192.0
Acquire-EHT_B3_60_1	448	14905	258.0	661.0	261.0	191.0
Acquire-EHT_B3_60_1	449	14952	258.0	661.0	261.0	191.0
Acquire-EHT_B3_60_1	450	14983	258.0	661.0	261.0	192.0
Acquire-EHT_B3_60_1	451	15014	258.0	660.0	261.0	192.0
Acquire-EHT_B3_60_1	452	15045	258.0	659.0	261.0	193.0
Acquire-EHT_B3_60_1	453	15077	258.0	658.0	262.0	195.0
Acquire-EHT_B3_60_1	454	15108	258.0	657.0	262.0	195.0
Acquire-EHT_B3_60_1	455	15139	258.0	657.0	262.0	195.0
Acquire-EHT_B3_60_1	456	15170	258.0	656.0	262.0	195.0
Acquire-EHT_B3_60_1	457	15217	258.0	657.0	262.0	195.0
Acquire-EHT_B3_60_1	458	15249	258.0	657.0	262.0	195.0
Acquire-EHT_B3_60_1	459	15280	258.0	657.0	262.0	195.0
Acquire-EHT_B3_60_1	460	15311	258.0	658.0	262.0	194.0
Acquire-EHT_B3_60_1	461	15342	258.0	659.0	262.0	194.0
Acquire-EHT_B3_60_1	462	15374	259.0	659.0	261.0	192.0
Acquire-EHT_B3_60_1	463	15405	258.0	660.0	262.0	192.0
Acquire-EHT_B3_60_1	464	15452	258.0	660.0	261.0	191.0
Acquire-EHT_B3_60_1	465	15483	258.0	661.0	261.0	191.0
Acquire-EHT_B3_60_1	466	15514	258.0	661.0	261.0	191.0
Acquire-EHT_B3_60_1	467	15545	258.0	661.0	261.0	191.0
Acquire-EHT_B3_60_1	468	15577	258.0	661.0	261.0	192.0
Acquire-EHT_B3_60_1	469	15608	258.0	661.0	261.0	192.0
Acquire-EHT_B3_60_1	470	15639	258.0	661.0	261.0	192.0
Acquire-EHT_B3_60_1	471	15670	259.0	660.0	261.0	191.0
Acquire-EHT_B3_60_1	472	15717	258.0	659.0	261.0	193.0
Acquire-EHT_B3_60_1	473	15749	258.0	658.0	262.0	194.0
Acquire-EHT_B3_60_1	474	15780	258.0	657.0	262.0	195.0
Acquire-EHT_B3_60_1	475	15811	258.0	657.0	262.0	195.0
Acquire-EHT_B3_60_1	476	15842	258.0	656.0	262.0	195.0
Acquire-EHT_B3_60_1	477	15874	258.0	656.0	262.0	195.0
Acquire-EHT_B3_60_1	478	15905	258.0	657.0	262.0	195.0
Acquire-EHT_B3_60_1	479	15952	258.0	657.0	262.0	195.0
Acquire-EHT_B3_60_1	480	15983	258.0	658.0	262.0	194.0
Acquire-EHT_B3_60_1	481	16014	258.0	659.0	262.0	194.0
Acquire-EHT_B3_60_1	482	16045	259.0	659.0	261.0	192.0
Acquire-EHT_B3_60_1	483	16077	258.0	660.0	260.0	192.0
Acquire-EHT_B3_60_1	484	16108	258.0	660.0	261.0	192.0
Acquire-EHT_B3_60_1	485	16139	257.0	661.0	261.0	192.0
Acquire-EHT_B3_60_1	486	16170	258.0	661.0	261.0	191.0
Acquire-EHT_B3_60_1	487	16217	258.0	660.0	261.0	191.0
Acquire-EHT_B3_60_1	488	16249	258.0	661.0	261.0	191.0
Acquire-EHT_B3_60_1	489	16280	258.0	661.0	261.0	192.0
Acquire-EHT_B3_60_1	490	16311	258.0	661.0	261.0	192.0
Acquire-EHT_B3_60_1	491	16342	258.0	660.0	261.0	192.0
Acquire-EHT_B3_60_1	492	16374	258.0	658.0	262.0	195.0
Acquire-EHT_B3_60_1	493	16405	258.0	657.0	262.0	195.0
Acquire-EHT_B3_60_1	494	16452	258.0	657.0	262.0	195.0
Acquire-EHT_B3_60_1	495	16483	258.0	657.0	262.0	195.0
Acquire-EHT_B3_60_1	496	16514	258.0	657.0	262.0	195.0
Acquire-EHT_B3_60_1	497	16545	258.0	657.0	262.0	195.0
Acquire-EHT_B3_60_1	498	16577	258.0	657.0	262.0	195.0
Acquire-EHT_B3_60_1	499	16608	258.0	658.0	262.0	194.0
Acquire-EHT_B3_60_1	500	16639	258.0	658.0	262.0	193.0
Acquire-EHT_B3_60_1	501	16670	258.0	660.0	261.0	193.0
Acquire-EHT_B3_60_1	502	16717	258.0	660.0	261.0	192.0
Acquire-EHT_B3_60_1	503	16748	258.0	660.0	260.0	192.0
Acquire-EHT_B3_60_1	504	16780	258.0	660.0	261.0	192.0
Acquire-EHT_B3_60_1	505	16811	258.0	661.0	261.0	192.0
Acquire-EHT_B3_60_1	506	16842	258.0	661.0	261.0	192.0
Acquire-EHT_B3_60_1	507	16873	258.0	660.0	261.0	192.0
Acquire-EHT_B3_60_1	508	16905	258.0	661.0	261.0	192.0
Acquire-EHT_B3_60_1	509	16952	258.0	661.0	261.0	191.0
Acquire-EHT_B3_60_1	510	16983	258.0	661.0	261.0	192.0
Acquire-EHT_B3_60_1	511	17014	258.0	659.0	262.0	192.0
Acquire-EHT_B3_60_1	512	17045	258.0	658.0	262.0	194.0
Acquire-EHT_B3_60_1	513	17077	258.0	657.0	262.0	195.0
Acquire-EHT_B3_60_1	514	17108	258.0	657.0	262.0	195.0
Acquire-EHT_B3_60_1	515	17139	258.0	656.0	262.0	195.0
Acquire-EHT_B3_60_1	516	17170	258.0	656.0	262.0	195.0
Acquire-EHT_B3_60_1	517	17217	258.0	657.0	262.0	195.0
Acquire-EHT_B3_60_1	518	17248	258.0	657.0	262.0	195.0
Acquire-EHT_B3_60_1	519	17280	258.0	658.0	261.0	194.0
Acquire-EHT_B3_60_1	520	17311	258.0	659.0	262.0	194.0
Acquire-EHT_B3_60_1	521	17342	259.0	659.0	261.0	193.0
Acquire-EHT_B3_60_1	522	17373	258.0	660.0	261.0	192.0
Acquire-EHT_B3_60_1	523	17405	259.0	660.0	262.0	192.0
Acquire-EHT_B3_60_1	524	17452	259.0	660.0	261.0	191.0
Acquire-EHT_B3_60_1	525	17483	259.0	660.0	261.0	191.0
Acquire-EHT_B3_60_1	526	17514	258.0	661.0	261.0	191.0
Acquire-EHT_B3_60_1	527	17545	258.0	661.0	261.0	191.0
Acquire-EHT_B3_60_1	528	17577	258.0	660.0	261.0	191.0
Acquire-EHT_B3_60_1	529	17608	258.0	661.0	261.0	192.0
Acquire-EHT_B3_60_1	530	17639	258.0	660.0	261.0	191.0
Acquire-EHT_B3_60_1	531	17670	258.0	660.0	261.0	192.0
Acquire-EHT_B3_60_1	532	17717	258.0	658.0	261.0	193.0
Acquire-EHT_B3_60_1	533	17748	258.0	657.0	262.0	195.0
Acquire-EHT_B3_60_1	534	17780	258.0	657.0	262.0	195.0
Acquire-EHT_B3_60_1	535	17811	258.0	656.0	262.0	195.0
Acquire-EHT_B3_60_1	536	17842	258.0	657.0	262.0	195.0
Acquire-EHT_B3_60_1	537	17873	258.0	657.0	262.0	195.0
Acquire-EHT_B3_60_1	538	17905	258.0	657.0	262.0	195.0
Acquire-EHT_B3_60_1	539	17952	258.0	657.0	262.0	195.0
Acquire-EHT_B3_60_1	540	17983	258.0	659.0	262.0	193.0
Acquire-EHT_B3_60_1	541	18014	258.0	659.0	261.0	192.0
Acquire-EHT_B3_60_1	542	18045	258.0	660.0	261.0	192.0
Acquire-EHT_B3_60_1	543	18077	258.0	661.0	261.0	192.0
Acquire-EHT_B3_60_1	544	18108	258.0	660.0	261.0	192.0
Acquire-EHT_B3_60_1	545	18139	258.0	661.0	261.0	192.0
Acquire-EHT_B3_60_1	546	18170	258.0	661.0	262.0	192.0
Acquire-EHT_B3_60_1	547	18217	258.0	661.0	261.0	192.0
Acquire-EHT_B3_60_1	548	18248	258.0	661.0	261.0	191.0
Acquire-EHT_B3_60_1	549	18280	258.0	660.0	261.0	192.0
Acquire-EHT_B3_60_1	550	18311	258.0	660.0	261.0	192.0
Acquire-EHT_B3_60_1	551	18342	258.0	659.0	262.0	194.0
Acquire-EHT_B3_60_1	552	18373	258.0	658.0	262.0	195.0
Acquire-EHT_B3_60_1	553	18405	258.0	657.0	262.0	195.0
Acquire-EHT_B3_60_1	554	18451	258.0	657.0	262.0	195.0
Acquire-EHT_B3_60_1	555	18483	258.0	657.0	262.0	195.0
Acquire-EHT_B3_60_1	556	18514	258.0	657.0	262.0	195.0
Acquire-EHT_B3_60_1	557	18545	258.0	657.0	262.0	195.0
Acquire-EHT_B3_60_1	558	18576	258.0	657.0	262.0	195.0
Acquire-EHT_B3_60_1	559	18608	258.0	658.0	262.0	194.0
Acquire-EHT_B3_60_1	560	18639	258.0	659.0	261.0	193.0
Acquire-EHT_B3_60_1	561	18670	258.0	660.0	260.0	192.0
Acquire-EHT_B3_60_1	562	18717	258.0	660.0	261.0	193.0
Acquire-EHT_B3_60_1	563	18748	258.0	661.0	262.0	192.0
Acquire-EHT_B3_60_1	564	18780	258.0	661.0	261.0	192.0
Acquire-EHT_B3_60_1	565	18811	258.0	661.0	261.0	191.0
Acquire-EHT_B3_60_1	566	18842	258.0	661.0	261.0	192.0
Acquire-EHT_B3_60_1	567	18873	258.0	660.0	261.0	191.0
Acquire-EHT_B3_60_1	568	18905	258.0	661.0	261.0	191.0
Acquire-EHT_B3_60_1	569	18951	258.0	661.0	262.0	192.0
Acquire-EHT_B3_60_1	570	18983	258.0	659.0	261.0	193.0
Acquire-EHT_B3_60_1	571	19014	258.0	658.0	262.0	194.0
Acquire-EHT_B3_60_1	572	19045	258.0	657.0	262.0	195.0
Acquire-EHT_B3_60_1	573	19076	258.0	657.0	262.0	195.0
Acquire-EHT_B3_60_1	574	19108	258.0	657.0	262.0	195.0
Acquire-EHT_B3_60_1	575	19139	258.0	657.0	262.0	195.0
Acquire-EHT_B3_60_1	576	19170	258.0	657.0	262.0	195.0
Acquire-EHT_B3_60_1	577	19217	258.0	657.0	262.0	195.0
Acquire-EHT_B3_60_1	578	19248	258.0	658.0	262.0	194.0
Acquire-EHT_B3_60_1	579	19280	258.0	659.0	261.0	193.0
Acquire-EHT_B3_60_1	580	19311	258.0	660.0	261.0	193.0
Acquire-EHT_B3_60_1	581	19342	258.0	660.0	261.0	192.0
Acquire-EHT_B3_60_1	582	19373	258.0	661.0	261.0	192.0
Acquire-EHT_B3_60_1	583	19405	258.0	661.0	261.0	191.0
Acquire-EHT_B3_60_1	584	19451	258.0	661.0	261.0	192.0
Acquire-EHT_B3_60_1	585	19483	258.0	661.0	261.0	192.0
Acquire-EHT_B3_60_1	586	19514	258.0	661.0	261.0	191.0
Acquire-EHT_B3_60_1	587	19545	258.0	661.0	261.0	191.0
Acquire-EHT_B3_60_1	588	19576	258.0	661.0	261.0	192.0
Acquire-EHT_B3_60_1	589	19608	258.0	660.0	261.0	192.0
Acquire-EHT_B3_60_1	590	19639	258.0	659.0	261.0	193.0
Acquire-EHT_B3_60_1	591	19670	258.0	657.0	262.0	195.0
Acquire-EHT_B3_60_1	592	19717	258.0	657.0	262.0	195.0
Acquire-EHT_B3_60_1	593	19748	258.0	657.0	262.0	195.0
Acquire-EHT_B3_60_1	594	19780	258.0	656.0	262.0	195.0
Acquire-EHT_B3_60_1	595	19811	258.0	657.0	262.0	195.0
Acquire-EHT_B3_60_1	596	19842	258.0	657.0	262.0	195.0
Acquire-EHT_B3_60_1	597	19873	258.0	657.0	262.0	195.0
Acquire-EHT_B3_60_1	598	19905	258.0	658.0	262.0	194.0
Acquire-EHT_B3_60_1	599	19951	258.0	659.0	261.0	193.0
Acquire-EHT_B3_60_1	600	19983	258.0	660.0	261.0	193.0
Acquire-EHT_B3_60_1	601	20014	259.0	660.0	261.0	192.0
Acquire-EHT_B3_60_1	602	20045	259.0	660.0	260.0	192.0
Acquire-EHT_B3_60_1	603	20076	258.0	661.0	261.0	191.0
Acquire-EHT_B3_60_1	604	20108	258.0	661.0	261.0	192.0
Acquire-EHT_B3_60_1	605	20139	259.0	660.0	261.0	191.0
Acquire-EHT_B3_60_1	606	20170	258.0	661.0	261.0	191.0
Acquire-EHT_B3_60_1	607	20217	258.0	661.0	261.0	191.0
Acquire-EHT_B3_60_1	608	20248	258.0	661.0	261.0	192.0
Acquire-EHT_B3_60_1	609	20279	258.0	660.0	261.0	192.0
Acquire-EHT_B3_60_1	610	20311	258.0	659.0	261.0	193.0
Acquire-EHT_B3_60_1	611	20342	258.0	658.0	262.0	195.0
Acquire-EHT_B3_60_1	612	20373	258.0	657.0	262.0	195.0
Acquire-EHT_B3_60_1	613	20404	258.0	657.0	262.0	195.0
Acquire-EHT_B3_60_1	614	20451	258.0	656.0	262.0	195.0
Acquire-EHT_B3_60_1	615	20483	258.0	657.0	262.0	195.0
Acquire-EHT_B3_60_1	616	20514	258.0	657.0	262.0	195.0
Acquire-EHT_B3_60_1	617	20545	258.0	657.0	262.0	195.0
Acquire-EHT_B3_60_1	618	20576	258.0	658.0	262.0	194.0
Acquire-EHT_B3_60_1	619	20608	258.0	659.0	261.0	193.0
Acquire-EHT_B3_60_1	620	20639	258.0	660.0	261.0	192.0
Acquire-EHT_B3_60_1	621	20670	258.0	660.0	261.0	192.0
Acquire-EHT_B3_60_1	622	20717	258.0	660.0	261.0	191.0
Acquire-EHT_B3_60_1	623	20748	258.0	661.0	260.0	191.0
Acquire-EHT_B3_60_1	624	20779	258.0	660.0	261.0	192.0
Acquire-EHT_B3_60_1	625	20811	258.0	661.0	261.0	191.0
Acquire-EHT_B3_60_1	626	20842	258.0	661.0	261.0	192.0
Acquire-EHT_B3_60_1	627	20873	258.0	661.0	261.0	191.0
Acquire-EHT_B3_60_1	628	20904	258.0	660.0	260.0	192.0
Acquire-EHT_B3_60_1	629	20951	258.0	659.0	262.0	194.0
Acquire-EHT_B3_60_1	630	20983	258.0	657.0	262.0	195.0
Acquire-EHT_B3_60_1	631	21014	258.0	657.0	262.0	195.0
Acquire-EHT_B3_60_1	632	21045	258.0	657.0	262.0	195.0
Acquire-EHT_B3_60_1	633	21076	258.0	657.0	262.0	195.0
Acquire-EHT_B3_60_1	634	21108	258.0	657.0	262.0	195.0
Acquire-EHT_B3_60_1	635	21139	258.0	657.0	262.0	195.0
Acquire-EHT_B3_60_1	636	21170	258.0	657.0	262.0	195.0
Acquire-EHT_B3_60_1	637	21217	258.0	658.0	262.0	194.0
Acquire-EHT_B3_60_1	638	21248	258.0	659.0	261.0	193.0
Acquire-EHT_B3_60_1	639	21279	258.0	660.0	261.0	192.0
Acquire-EHT_B3_60_1	640	21311	258.0	660.0	261.0	192.0
Acquire-EHT_B3_60_1	641	21342	258.0	660.0	261.0	192.0
Acquire-EHT_B3_60_1	642	21373	258.0	661.0	261.0	192.0
Acquire-EHT_B3_60_1	643	21404	258.0	661.0	261.0	191.0
Acquire-EHT_B3_60_1	644	21451	258.0	661.0	261.0	192.0
Acquire-EHT_B3_60_1	645	21483	258.0	661.0	261.0	191.0
Acquire-EHT_B3_60_1	646	21514	258.0	661.0	261.0	191.0
Acquire-EHT_B3_60_1	647	21545	258.0	661.0	261.0	192.0
Acquire-EHT_B3_60_1	648	21576	258.0	660.0	261.0	192.0
Acquire-EHT_B3_60_1	649	21608	258.0	659.0	262.0	194.0
Acquire-EHT_B3_60_1	650	21639	258.0	657.0	262.0	195.0
Acquire-EHT_B3_60_1	651	21670	258.0	657.0	262.0	195.0
Acquire-EHT_B3_60_1	652	21717	258.0	657.0	262.0	195.0
Acquire-EHT_B3_60_1	653	21748	258.0	657.0	262.0	195.0
Acquire-EHT_B3_60_1	654	21779	258.0	657.0	262.0	195.0
Acquire-EHT_B3_60_1	655	21811	258.0	657.0	262.0	195.0
Acquire-EHT_B3_60_1	656	21842	258.0	657.0	262.0	195.0
Acquire-EHT_B3_60_1	657	21873	258.0	658.0	262.0	194.0
Acquire-EHT_B3_60_1	658	21904	258.0	659.0	261.0	193.0
Acquire-EHT_B3_60_1	659	21951	258.0	660.0	261.0	192.0
Acquire-EHT_B3_60_1	660	21982	259.0	660.0	261.0	192.0
Acquire-EHT_B3_60_1	661	22014	258.0	661.0	261.0	192.0
Acquire-EHT_B3_60_1	662	22045	258.0	661.0	261.0	192.0
Acquire-EHT_B3_60_1	663	22076	258.0	661.0	261.0	191.0
Acquire-EHT_B3_60_1	664	22107	258.0	661.0	261.0	192.0
Acquire-EHT_B3_60_1	665	22139	258.0	660.0	261.0	192.0
Acquire-EHT_B3_60_1	666	22170	259.0	660.0	261.0	191.0
Acquire-EHT_B3_60_1	667	22217	258.0	661.0	261.0	192.0
Acquire-EHT_B3_60_1	668	22248	258.0	660.0	261.0	192.0
Acquire-EHT_B3_60_1	669	22279	258.0	658.0	262.0	194.0
Acquire-EHT_B3_60_1	670	22311	258.0	657.0	262.0	195.0
Acquire-EHT_B3_60_1	671	22342	258.0	657.0	262.0	195.0
Acquire-EHT_B3_60_1	672	22373	258.0	656.0	262.0	195.0
Acquire-EHT_B3_60_1	673	22404	258.0	657.0	262.0	195.0
Acquire-EHT_B3_60_1	674	22451	258.0	657.0	262.0	195.0
Acquire-EHT_B3_60_1	675	22482	258.0	657.0	262.0	195.0
Acquire-EHT_B3_60_1	676	22514	258.0	657.0	262.0	194.0
Acquire-EHT_B3_60_1	677	22545	258.0	659.0	262.0	194.0
Acquire-EHT_B3_60_1	678	22576	259.0	659.0	261.0	193.0
Acquire-EHT_B3_60_1	679	22607	258.0	660.0	261.0	193.0
Acquire-EHT_B3_60_1	680	22639	258.0	660.0	261.0	192.0
Acquire-EHT_B3_60_1	681	22670	258.0	660.0	261.0	192.0
Acquire-EHT_B3_60_1	682	22717	258.0	661.0	261.0	191.0
Acquire-EHT_B3_60_1	683	22748	258.0	661.0	261.0	192.0
Acquire-EHT_B3_60_1	684	22779	259.0	660.0	261.0	191.0
Acquire-EHT_B3_60_1	685	22811	258.0	661.0	261.0	192.0
Acquire-EHT_B3_60_1	686	22842	258.0	661.0	261.0	192.0
Acquire-EHT_B3_60_1	687	22873	258.0	661.0	261.0	192.0
Acquire-EHT_B3_60_1	688	22904	258.0	661.0	261.0	192.0
Acquire-EHT_B3_60_1	689	22951	258.0	659.0	261.0	193.0
Acquire-EHT_B3_60_1	690	22982	258.0	658.0	262.0	195.0
Acquire-EHT_B3_60_1	691	23014	258.0	657.0	262.0	195.0
Acquire-EHT_B3_60_1	692	23045	258.0	657.0	262.0	195.0
Acquire-EHT_B3_60_1	693	23076	258.0	656.0	262.0	195.0
Acquire-EHT_B3_60_1	694	23107	258.0	656.0	262.0	195.0
Acquire-EHT_B3_60_1	695	23139	258.0	657.0	262.0	195.0
Acquire-EHT_B3_60_1	696	23170	258.0	657.0	262.0	195.0
Acquire-EHT_B3_60_1	697	23217	258.0	658.0	262.0	195.0
Acquire-EHT_B3_60_1	698	23248	258.0	659.0	262.0	194.0
Acquire-EHT_B3_60_1	699	23279	258.0	659.0	261.0	193.0
Acquire-EHT_B3_60_1	700	23311	258.0	660.0	261.0	192.0
Acquire-EHT_B3_60_1	701	23342	259.0	660.0	261.0	191.0
Acquire-EHT_B3_60_1	702	23373	258.0	661.0	260.0	192.0
Acquire-EHT_B3_60_1	703	23404	258.0	661.0	261.0	192.0
Acquire-EHT_B3_60_1	704	23451	258.0	661.0	261.0	192.0
Acquire-EHT_B3_60_1	705	23482	258.0	661.0	261.0	192.0
Acquire-EHT_B3_60_1	706	23514	258.0	661.0	261.0	191.0
Acquire-EHT_B3_60_1	707	23545	258.0	661.0	261.0	191.0
Acquire-EHT_B3_60_1	708	23576	258.0	661.0	261.0	191.0
Acquire-EHT_B3_60_1	709	23607	258.0	660.0	261.0	193.0
Acquire-EHT_B3_60_1	710	23639	258.0	659.0	261.0	193.0
Acquire-EHT_B3_60_1	711	23670	258.0	658.0	262.0	195.0
Acquire-EHT_B3_60_1	712	23717	258.0	657.0	262.0	195.0
Acquire-EHT_B3_60_1	713	23748	258.0	657.0	262.0	195.0
Acquire-EHT_B3_60_1	714	23779	258.0	656.0	262.0	195.0
Acquire-EHT_B3_60_1	715	23810	258.0	656.0	262.0	195.0
Acquire-EHT_B3_60_1	716	23842	258.0	657.0	262.0	195.0
Acquire-EHT_B3_60_1	717	23873	258.0	657.0	262.0	195.0
Acquire-EHT_B3_60_1	718	23904	258.0	658.0	262.0	195.0
Acquire-EHT_B3_60_1	719	23951	259.0	659.0	262.0	193.0
Acquire-EHT_B3_60_1	720	23982	258.0	660.0	261.0	192.0
Acquire-EHT_B3_60_1	721	24014	258.0	660.0	261.0	192.0
Acquire-EHT_B3_60_1	722	24045	258.0	660.0	261.0	191.0
Acquire-EHT_B3_60_1	723	24076	258.0	661.0	261.0	191.0
Acquire-EHT_B3_60_1	724	24107	258.0	660.0	261.0	191.0
Acquire-EHT_B3_60_1	725	24139	258.0	661.0	262.0	192.0
Acquire-EHT_B3_60_1	726	24170	258.0	660.0	261.0	191.0
Acquire-EHT_B3_60_1	727	24217	258.0	661.0	261.0	192.0
Acquire-EHT_B3_60_1	728	24248	257.0	661.0	261.0	191.0
Acquire-EHT_B3_60_1	729	24279	258.0	661.0	261.0	192.0
Acquire-EHT_B3_60_1	730	24310	258.0	659.0	261.0	193.0
Acquire-EHT_B3_60_1	731	24342	258.0	658.0	262.0	194.0
Acquire-EHT_B3_60_1	732	24373	258.0	657.0	262.0	195.0
Acquire-EHT_B3_60_1	733	24404	258.0	657.0	262.0	195.0
Acquire-EHT_B3_60_1	734	24451	258.0	656.0	262.0	195.0
Acquire-EHT_B3_60_1	735	24482	258.0	657.0	262.0	195.0
Acquire-EHT_B3_60_1	736	24514	258.0	657.0	262.0	195.0
Acquire-EHT_B3_60_1	737	24545	258.0	657.0	262.0	195.0
Acquire-EHT_B3_60_1	738	24576	258.0	658.0	262.0	194.0
Acquire-EHT_B3_60_1	739	24607	258.0	659.0	261.0	193.0
Acquire-EHT_B3_60_1	740	24639	258.0	660.0	262.0	192.0
Acquire-EHT_B3_60_1	741	24670	258.0	660.0	261.0	191.0
Acquire-EHT_B3_60_1	742	24717	258.0	660.0	261.0	191.0
Acquire-EHT_B3_60_1	743	24748	258.0	660.0	261.0	191.0
Acquire-EHT_B3_60_1	744	24779	258.0	661.0	261.0	191.0
Acquire-EHT_B3_60_1	745	24810	258.0	661.0	261.0	191.0
Acquire-EHT_B3_60_1	746	24842	258.0	661.0	261.0	191.0
Acquire-EHT_B3_60_1	747	24873	258.0	661.0	261.0	192.0
Acquire-EHT_B3_60_1	748	24904	258.0	661.0	261.0	191.0
Acquire-EHT_B3_60_1	749	24951	258.0	660.0	261.0	193.0
Acquire-EHT_B3_60_1	750	24982	258.0	658.0	262.0	194.0
Acquire-EHT_B3_60_1	751	25014	258.0	657.0	262.0	195.0
Acquire-EHT_B3_60_1	752	25045	258.0	657.0	262.0	195.0
Acquire-EHT_B3_60_1	753	25076	258.0	657.0	262.0	195.0
Acquire-EHT_B3_60_1	754	25107	258.0	656.0	262.0	195.0
Acquire-EHT_B3_60_1	755	25139	258.0	657.0	262.0	195.0
Acquire-EHT_B3_60_1	756	25170	258.0	657.0	262.0	195.0
Acquire-EHT_B3_60_1	757	25217	258.0	657.0	262.0	195.0
Acquire-EHT_B3_60_1	758	25248	258.0	658.0	262.0	194.0
Acquire-EHT_B3_60_1	759	25279	259.0	659.0	260.0	192.0
Acquire-EHT_B3_60_1	760	25310	258.0	660.0	261.0	192.0
Acquire-EHT_B3_60_1	761	25342	258.0	660.0	261.0	192.0
Acquire-EHT_B3_60_1	762	25373	258.0	660.0	261.0	192.0
Acquire-EHT_B3_60_1	763	25404	259.0	660.0	261.0	191.0
Acquire-EHT_B3_60_1	764	25451	258.0	661.0	261.0	192.0
Acquire-EHT_B3_60_1	765	25482	258.0	661.0	261.0	191.0
Acquire-EHT_B3_60_1	766	25514	258.0	661.0	261.0	191.0
Acquire-EHT_B3_60_1	767	25545	258.0	661.0	261.0	192.0
Acquire-EHT_B3_60_1	768	25576	258.0	661.0	261.0	191.0
Acquire-EHT_B3_60_1	769	25607	258.0	660.0	261.0	192.0
Acquire-EHT_B3_60_1	770	25638	257.0	659.0	262.0	194.0
Acquire-EHT_B3_60_1	771	25670	258.0	657.0	262.0	195.0
Acquire-EHT_B3_60_1	772	25717	258.0	657.0	262.0	195.0
Acquire-EHT_B3_60_1	773	25748	258.0	656.0	262.0	195.0
Acquire-EHT_B3_60_1	774	25779	258.0	657.0	262.0	195.0
Acquire-EHT_B3_60_1	775	25810	258.0	657.0	262.0	195.0
Acquire-EHT_B3_60_1	776	25842	258.0	657.0	262.0	195.0
Acquire-EHT_B3_60_1	777	25873	258.0	657.0	262.0	195.0
Acquire-EHT_B3_60_1	778	25904	258.0	658.0	262.0	194.0
Acquire-EHT_B3_60_1	779	25951	258.0	659.0	261.0	193.0
Acquire-EHT_B3_60_1	780	25982	258.0	660.0	261.0	192.0
Acquire-EHT_B3_60_1	781	26013	258.0	660.0	261.0	192.0
Acquire-EHT_B3_60_1	782	26045	259.0	660.0	261.0	191.0
Acquire-EHT_B3_60_1	783	26076	258.0	661.0	261.0	192.0
Acquire-EHT_B3_60_1	784	26107	258.0	661.0	261.0	191.0
Acquire-EHT_B3_60_1	785	26138	258.0	661.0	261.0	192.0
Acquire-EHT_B3_60_1	786	26170	258.0	660.0	261.0	191.0
Acquire-EHT_B3_60_1	787	26217	258.0	661.0	261.0	191.0
Acquire-EHT_B3_60_1	788	26248	259.0	660.0	260.0	192.0
Acquire-EHT_B3_60_1	789	26279	258.0	660.0	262.0	192.0
Acquire-EHT_B3_60_1	790	26310	258.0	659.0	261.0	193.0
Acquire-EHT_B3_60_1	791	26342	258.0	657.0	262.0	195.0
Acquire-EHT_B3_60_1	792	26373	258.0	657.0	262.0	195.0
Acquire-EHT_B3_60_1	793	26404	258.0	657.0	262.0	195.0
Acquire-EHT_B3_60_1	794	26451	258.0	656.0	262.0	195.0
Acquire-EHT_B3_60_1	795	26482	258.0	657.0	262.0	195.0
Acquire-EHT_B3_60_1	796	26513	258.0	657.0	262.0	195.0
Acquire-EHT_B3_60_1	797	26545	258.0	657.0	262.0	195.0
Acquire-EHT_B3_60_1	798	26576	258.0	658.0	262.0	194.0
Acquire-EHT_B3_60_1	799	26607	258.0	659.0	261.0	193.0
Acquire-EHT_B3_60_1	800	26638	258.0	660.0	261.0	192.0
Acquire-EHT_B3_60_1	801	26670	258.0	660.0	261.0	192.0
Acquire-EHT_B3_60_1	802	26717	258.0	660.0	261.0	192.0
Acquire-EHT_B3_60_1	803	26748	259.0	660.0	261.0	191.0
Acquire-EHT_B3_60_1	804	26779	258.0	661.0	261.0	191.0
Acquire-EHT_B3_60_1	805	26810	258.0	661.0	261.0	191.0
Acquire-EHT_B3_60_1	806	26842	258.0	661.0	261.0	191.0
Acquire-EHT_B3_60_1	807	26873	258.0	661.0	261.0	191.0
Acquire-EHT_B3_60_1	808	26904	258.0	660.0	261.0	191.0
Acquire-EHT_B3_60_1	809	26951	258.0	660.0	261.0	192.0
Acquire-EHT_B3_60_1	810	26982	258.0	659.0	261.0	193.0
Acquire-EHT_B3_60_1	811	27013	258.0	658.0	262.0	195.0
Acquire-EHT_B3_60_1	812	27045	258.0	657.0	262.0	195.0
Acquire-EHT_B3_60_1	813	27076	258.0	657.0	262.0	195.0
Acquire-EHT_B3_60_1	814	27107	258.0	657.0	262.0	195.0
Acquire-EHT_B3_60_1	815	27138	258.0	657.0	262.0	195.0
Acquire-EHT_B3_60_1	816	27170	258.0	657.0	262.0	195.0
Acquire-EHT_B3_60_1	817	27217	258.0	657.0	262.0	195.0
Acquire-EHT_B3_60_1	818	27248	258.0	658.0	262.0	194.0
Acquire-EHT_B3_60_1	819	27279	258.0	659.0	261.0	193.0
Acquire-EHT_B3_60_1	820	27310	258.0	660.0	261.0	192.0
Acquire-EHT_B3_60_1	821	27342	258.0	660.0	262.0	192.0
Acquire-EHT_B3_60_1	822	27373	258.0	660.0	261.0	192.0
Acquire-EHT_B3_60_1	823	27404	258.0	661.0	261.0	191.0
Acquire-EHT_B3_60_1	824	27451	258.0	661.0	262.0	192.0
Acquire-EHT_B3_60_1	825	27482	258.0	661.0	261.0	192.0
Acquire-EHT_B3_60_1	826	27513	258.0	660.0	261.0	191.0
Acquire-EHT_B3_60_1	827	27545	258.0	661.0	261.0	191.0
Acquire-EHT_B3_60_1	828	27576	258.0	661.0	261.0	191.0
Acquire-EHT_B3_60_1	829	27607	258.0	660.0	261.0	192.0
Acquire-EHT_B3_60_1	830	27638	258.0	659.0	261.0	193.0
Acquire-EHT_B3_60_1	831	27670	258.0	658.0	262.0	194.0
Acquire-EHT_B3_60_1	832	27716	258.0	657.0	262.0	195.0
Acquire-EHT_B3_60_1	833	27748	258.0	657.0	262.0	195.0
Acquire-EHT_B3_60_1	834	27779	258.0	657.0	262.0	195.0
Acquire-EHT_B3_60_1	835	27810	258.0	656.0	262.0	195.0
Acquire-EHT_B3_60_1	836	27841	258.0	657.0	262.0	195.0
Acquire-EHT_B3_60_1	837	27873	258.0	657.0	262.0	195.0
Acquire-EHT_B3_60_1	838	27904	258.0	658.0	262.0	194.0
Acquire-EHT_B3_60_1	839	27951	258.0	659.0	262.0	193.0
Acquire-EHT_B3_60_1	840	27982	258.0	660.0	261.0	193.0
Acquire-EHT_B3_60_1	841	28013	258.0	660.0	261.0	192.0
Acquire-EHT_B3_60_1	842	28045	258.0	661.0	261.0	192.0
Acquire-EHT_B3_60_1	843	28107	258.0	661.0	261.0	191.0
Acquire-EHT_B3_60_1	844	28138	258.0	661.0	261.0	191.0
Acquire-EHT_B3_60_1	845	28170	258.0	661.0	260.0	191.0
Acquire-EHT_B3_60_1	846	28216	258.0	660.0	260.0	192.0
Acquire-EHT_B3_60_1	847	28248	258.0	661.0	261.0	192.0
Acquire-EHT_B3_60_1	848	28279	258.0	660.0	260.0	193.0
Acquire-EHT_B3_60_1	849	28310	258.0	658.0	262.0	194.0
Acquire-EHT_B3_60_1	850	28341	258.0	657.0	262.0	195.0
Acquire-EHT_B3_60_1	851	28373	258.0	657.0	262.0	195.0
Acquire-EHT_B3_60_1	852	28404	258.0	657.0	262.0	195.0
Acquire-EHT_B3_60_1	853	28451	258.0	657.0	262.0	195.0
Acquire-EHT_B3_60_1	854	28482	258.0	657.0	262.0	195.0
Acquire-EHT_B3_60_1	855	28513	258.0	657.0	262.0	195.0
Acquire-EHT_B3_60_1	856	28545	258.0	658.0	262.0	195.0
Acquire-EHT_B3_60_1	857	28576	258.0	658.0	261.0	193.0
Acquire-EHT_B3_60_1	858	28607	258.0	660.0	261.0	193.0
Acquire-EHT_B3_60_1	859	28638	258.0	660.0	261.0	192.0
Acquire-EHT_B3_60_1	860	28670	258.0	661.0	261.0	192.0
Acquire-EHT_B3_60_1	861	28716	258.0	660.0	262.0	192.0
Acquire-EHT_B3_60_1	862	28748	258.0	661.0	261.0	192.0
Acquire-EHT_B3_60_1	863	28779	258.0	661.0	261.0	192.0
Acquire-EHT_B3_60_1	864	28810	258.0	660.0	261.0	192.0
Acquire-EHT_B3_60_1	865	28841	258.0	661.0	261.0	191.0
Acquire-EHT_B3_60_1	866	28873	258.0	661.0	261.0	191.0
Acquire-EHT_B3_60_1	867	28904	258.0	660.0	261.0	192.0
Acquire-EHT_B3_60_1	868	28951	258.0	658.0	262.0	194.0
Acquire-EHT_B3_60_1	869	28982	258.0	657.0	262.0	195.0
Acquire-EHT_B3_60_1	870	29013	258.0	657.0	262.0	195.0
Acquire-EHT_B3_60_1	871	29045	258.0	657.0	262.0	195.0
Acquire-EHT_B3_60_1	872	29076	258.0	656.0	262.0	195.0
Acquire-EHT_B3_60_1	873	29107	258.0	657.0	262.0	195.0
Acquire-EHT_B3_60_1	874	29138	258.0	657.0	262.0	195.0
Acquire-EHT_B3_60_1	875	29185	258.0	657.0	262.0	195.0
Acquire-EHT_B3_60_1	876	29216	258.0	659.0	262.0	194.0
Acquire-EHT_B3_60_1	877	29248	258.0	659.0	261.0	193.0
Acquire-EHT_B3_60_1	878	29279	258.0	660.0	261.0	191.0
Acquire-EHT_B3_60_1	879	29310	258.0	660.0	261.0	191.0
Acquire-EHT_B3_60_1	880	29341	258.0	660.0	261.0	191.0
Acquire-EHT_B3_60_1	881	29373	258.0	660.0	261.0	192.0
Acquire-EHT_B3_60_1	882	29404	258.0	661.0	261.0	192.0
Acquire-EHT_B3_60_1	883	29451	258.0	661.0	261.0	191.0
Acquire-EHT_B3_60_1	884	29482	258.0	661.0	261.0	191.0
Acquire-EHT_B3_60_1	885	29513	258.0	661.0	261.0	191.0
Acquire-EHT_B3_60_1	886	29544	258.0	660.0	261.0	192.0
Acquire-EHT_B3_60_1	887	29576	258.0	659.0	261.0	193.0
Acquire-EHT_B3_60_1	888	29607	258.0	657.0	262.0	195.0
Acquire-EHT_B3_60_1	889	29638	258.0	657.0	262.0	195.0
Acquire-EHT_B3_60_1	890	29685	258.0	657.0	262.0	195.0
Acquire-EHT_B3_60_1	891	29716	258.0	657.0	262.0	195.0
Acquire-EHT_B3_60_1	892	29748	258.0	657.0	262.0	195.0
Acquire-EHT_B3_60_1	893	29779	258.0	657.0	262.0	195.0
Acquire-EHT_B3_60_1	894	29810	258.0	657.0	262.0	195.0
Acquire-EHT_B3_60_1	895	29841	258.0	658.0	262.0	194.0
Acquire-EHT_B3_60_1	896	29873	259.0	659.0	261.0	192.0
Acquire-EHT_B3_60_1	897	29904	258.0	660.0	261.0	192.0
Acquire-EHT_B3_60_1	898	29951	258.0	660.0	261.0	192.0
Acquire-EHT_C1_60	0	0	396.0	758.0	374.0	263.0
Acquire-EHT_C1_60	1	109	396.0	757.0	374.0	263.0
Acquire-EHT_C1_60	2	141	396.0	757.0	374.0	263.0
Acquire-EHT_C1_60	3	172	396.0	757.0	374.0	264.0
Acquire-EHT_C1_60	4	203	396.0	757.0	374.0	264.0
Acquire-EHT_C1_60	5	234	396.0	757.0	374.0	263.0
Acquire-EHT_C1_60	6	266	396.0	757.0	374.0	263.0
Acquire-EHT_C1_60	7	313	396.0	758.0	374.0	263.0
Acquire-EHT_C1_60	8	344	396.0	758.0	374.0	263.0
Acquire-EHT_C1_60	9	375	396.0	758.0	374.0	262.0
Acquire-EHT_C1_60	10	406	396.0	759.0	374.0	261.0
Acquire-EHT_C1_60	11	437	396.0	759.0	374.0	260.0
Acquire-EHT_C1_60	12	500	396.0	759.0	374.0	260.0
Acquire-EHT_C1_60	13	531	396.0	759.0	374.0	261.0
Acquire-EHT_C1_60	14	578	396.0	759.0	374.0	261.0
Acquire-EHT_C1_60	15	609	396.0	758.0	374.0	262.0
Acquire-EHT_C1_60	16	641	396.0	758.0	374.0	263.0
Acquire-EHT_C1_60	17	672	396.0	757.0	374.0	263.0
Acquire-EHT_C1_60	18	703	396.0	757.0	374.0	263.0
Acquire-EHT_C1_60	19	734	396.0	757.0	374.0	264.0
Acquire-EHT_C1_60	20	766	396.0	757.0	374.0	264.0
Acquire-EHT_C1_60	21	812	396.0	757.0	374.0	263.0
Acquire-EHT_C1_60	22	844	396.0	757.0	374.0	263.0
Acquire-EHT_C1_60	23	875	396.0	758.0	374.0	263.0
Acquire-EHT_C1_60	24	906	396.0	758.0	374.0	263.0
Acquire-EHT_C1_60	25	937	396.0	759.0	374.0	262.0
Acquire-EHT_C1_60	26	969	396.0	759.0	374.0	262.0
Acquire-EHT_C1_60	27	1000	396.0	759.0	374.0	261.0
Acquire-EHT_C1_60	28	1031	396.0	759.0	374.0	261.0
Acquire-EHT_C1_60	29	1078	396.0	759.0	374.0	261.0
Acquire-EHT_C1_60	30	1109	396.0	759.0	374.0	261.0
Acquire-EHT_C1_60	31	1141	396.0	759.0	374.0	261.0
Acquire-EHT_C1_60	32	1172	396.0	758.0	374.0	262.0
Acquire-EHT_C1_60	33	1203	396.0	758.0	374.0	263.0
Acquire-EHT_C1_60	34	1234	396.0	757.0	374.0	263.0
Acquire-EHT_C1_60	35	1266	396.0	757.0	374.0	264.0
Acquire-EHT_C1_60	36	1312	396.0	757.0	374.0	264.0
Acquire-EHT_C1_60	37	1344	396.0	757.0	374.0	264.0
Acquire-EHT_C1_60	38	1375	396.0	757.0	374.0	264.0
Acquire-EHT_C1_60	39	1406	396.0	757.0	374.0	263.0
Acquire-EHT_C1_60	40	1437	396.0	758.0	374.0	263.0
Acquire-EHT_C1_60	41	1469	396.0	758.0	374.0	262.0
Acquire-EHT_C1_60	42	1500	396.0	759.0	374.0	262.0
Acquire-EHT_C1_60	43	1531	396.0	759.0	374.0	261.0
Acquire-EHT_C1_60	44	1578	396.0	759.0	374.0	261.0
Acquire-EHT_C1_60	45	1609	396.0	759.0	374.0	261.0
Acquire-EHT_C1_60	46	1641	396.0	759.0	374.0	260.0
Acquire-EHT_C1_60	47	1672	396.0	759.0	374.0	261.0
Acquire-EHT_C1_60	48	1703	396.0	759.0	374.0	261.0
Acquire-EHT_C1_60	49	1734	396.0	758.0	374.0	261.0
Acquire-EHT_C1_60	50	1766	396.0	758.0	374.0	263.0
Acquire-EHT_C1_60	51	1812	396.0	758.0	374.0	263.0
Acquire-EHT_C1_60	52	1844	396.0	757.0	374.0	264.0
Acquire-EHT_C1_60	53	1875	396.0	757.0	374.0	264.0
Acquire-EHT_C1_60	54	1906	396.0	756.0	374.0	264.0
Acquire-EHT_C1_60	55	1937	396.0	757.0	374.0	264.0
Acquire-EHT_C1_60	56	1969	396.0	757.0	374.0	263.0
Acquire-EHT_C1_60	57	2000	396.0	758.0	374.0	263.0
Acquire-EHT_C1_60	58	2031	396.0	758.0	374.0	263.0
Acquire-EHT_C1_60	59	2078	396.0	758.0	374.0	262.0
Acquire-EHT_C1_60	60	2109	396.0	759.0	374.0	262.0
Acquire-EHT_C1_60	61	2141	396.0	759.0	374.0	261.0
Acquire-EHT_C1_60	62	2172	396.0	759.0	374.0	261.0
Acquire-EHT_C1_60	63	2203	396.0	759.0	374.0	261.0
Acquire-EHT_C1_60	64	2234	396.0	759.0	374.0	261.0
Acquire-EHT_C1_60	65	2265	396.0	759.0	374.0	260.0
Acquire-EHT_C1_60	66	2312	396.0	759.0	374.0	262.0
Acquire-EHT_C1_60	67	2344	396.0	758.0	374.0	262.0
Acquire-EHT_C1_60	68	2375	396.0	758.0	374.0	263.0
Acquire-EHT_C1_60	69	2406	396.0	757.0	374.0	263.0
Acquire-EHT_C1_60	70	2437	396.0	757.0	374.0	264.0
Acquire-EHT_C1_60	71	2469	396.0	757.0	374.0	264.0
Acquire-EHT_C1_60	72	2500	396.0	757.0	374.0	263.0
Acquire-EHT_C1_60	73	2531	396.0	757.0	374.0	264.0
Acquire-EHT_C1_60	74	2578	396.0	757.0	374.0	263.0
Acquire-EHT_C1_60	75	2609	396.0	758.0	374.0	263.0
Acquire-EHT_C1_60	76	2640	396.0	758.0	374.0	262.0
Acquire-EHT_C1_60	77	2672	396.0	759.0	374.0	262.0
Acquire-EHT_C1_60	78	2703	396.0	759.0	374.0	261.0
Acquire-EHT_C1_60	79	2734	396.0	759.0	374.0	261.0
Acquire-EHT_C1_60	80	2765	396.0	760.0	374.0	262.0
Acquire-EHT_C1_60	81	2812	396.0	759.0	374.0	260.0
Acquire-EHT_C1_60	82	2844	396.0	759.0	374.0	260.0
Acquire-EHT_C1_60	83	2875	396.0	759.0	374.0	262.0
Acquire-EHT_C1_60	84	2906	396.0	758.0	374.0	263.0
Acquire-EHT_C1_60	85	2937	396.0	758.0	374.0	263.0
Acquire-EHT_C1_60	86	2969	396.0	757.0	374.0	263.0
Acquire-EHT_C1_60	87	3000	396.0	757.0	374.0	264.0
Acquire-EHT_C1_60	88	3031	396.0	757.0	374.0	264.0
Acquire-EHT_C1_60	89	3078	396.0	757.0	374.0	263.0
Acquire-EHT_C1_60	90	3109	396.0	757.0	374.0	263.0
Acquire-EHT_C1_60	91	3140	396.0	758.0	374.0	263.0
Acquire-EHT_C1_60	92	3172	396.0	758.0	374.0	263.0
Acquire-EHT_C1_60	93	3203	396.0	758.0	374.0	262.0
Acquire-EHT_C1_60	94	3234	396.0	759.0	374.0	262.0
Acquire-EHT_C1_60	95	3265	396.0	759.0	374.0	261.0
Acquire-EHT_C1_60	96	3312	396.0	759.0	374.0	261.0
Acquire-EHT_C1_60	97	3344	396.0	759.0	374.0	260.0
Acquire-EHT_C1_60	98	3375	396.0	759.0	374.0	260.0
Acquire-EHT_C1_60	99	3406	396.0	759.0	374.0	262.0
Acquire-EHT_C1_60	100	3437	396.0	758.0	374.0	262.0
Acquire-EHT_C1_60	101	3469	396.0	758.0	374.0	263.0
Acquire-EHT_C1_60	102	3500	396.0	758.0	374.0	263.0
Acquire-EHT_C1_60	103	3531	396.0	757.0	374.0	263.0
Acquire-EHT_C1_60	104	3578	396.0	757.0	374.0	264.0
Acquire-EHT_C1_60	105	3609	396.0	757.0	374.0	263.0
Acquire-EHT_C1_60	106	3640	396.0	757.0	374.0	263.0
Acquire-EHT_C1_60	107	3672	396.0	757.0	374.0	263.0
Acquire-EHT_C1_60	108	3703	396.0	758.0	374.0	263.0
Acquire-EHT_C1_60	109	3734	396.0	758.0	374.0	262.0
Acquire-EHT_C1_60	110	3765	396.0	759.0	374.0	261.0
Acquire-EHT_C1_60	111	3812	396.0	759.0	374.0	261.0
Acquire-EHT_C1_60	112	3844	396.0	759.0	374.0	261.0
Acquire-EHT_C1_60	113	3875	396.0	759.0	374.0	261.0
Acquire-EHT_C1_60	114	3906	396.0	759.0	374.0	261.0
Acquire-EHT_C1_60	115	3937	396.0	759.0	374.0	261.0
Acquire-EHT_C1_60	116	3968	396.0	758.0	374.0	262.0
Acquire-EHT_C1_60	117	4000	396.0	758.0	374.0	263.0
Acquire-EHT_C1_60	118	4031	396.0	757.0	374.0	263.0
Acquire-EHT_C1_60	119	4078	396.0	757.0	374.0	263.0
Acquire-EHT_C1_60	120	4109	396.0	757.0	374.0	263.0
Acquire-EHT_C1_60	121	4140	396.0	757.0	374.0	263.0
Acquire-EHT_C1_60	122	4172	396.0	757.0	374.0	263.0
Acquire-EHT_C1_60	123	4203	396.0	757.0	374.0	263.0
Acquire-EHT_C1_60	124	4234	396.0	758.0	374.0	263.0
Acquire-EHT_C1_60	125	4265	396.0	758.0	374.0	262.0
Acquire-EHT_C1_60	126	4312	396.0	759.0	374.0	261.0
Acquire-EHT_C1_60	127	4343	396.0	759.0	374.0	261.0
Acquire-EHT_C1_60	128	4375	396.0	759.0	374.0	261.0
Acquire-EHT_C1_60	129	4406	396.0	759.0	374.0	261.0
Acquire-EHT_C1_60	130	4437	396.0	759.0	374.0	260.0
Acquire-EHT_C1_60	131	4468	396.0	759.0	374.0	261.0
Acquire-EHT_C1_60	132	4500	396.0	759.0	374.0	261.0
Acquire-EHT_C1_60	133	4531	396.0	758.0	374.0	263.0
Acquire-EHT_C1_60	134	4578	396.0	758.0	374.0	263.0
Acquire-EHT_C1_60	135	4609	396.0	757.0	374.0	264.0
Acquire-EHT_C1_60	136	4640	396.0	757.0	374.0	264.0
Acquire-EHT_C1_60	137	4672	396.0	757.0	374.0	263.0
Acquire-EHT_C1_60	138	4703	396.0	757.0	374.0	263.0
Acquire-EHT_C1_60	139	4734	396.0	757.0	374.0	264.0
Acquire-EHT_C1_60	140	4765	396.0	758.0	374.0	263.0
Acquire-EHT_C1_60	141	4812	396.0	758.0	374.0	263.0
Acquire-EHT_C1_60	142	4843	396.0	759.0	374.0	262.0
Acquire-EHT_C1_60	143	4875	396.0	759.0	374.0	262.0
Acquire-EHT_C1_60	144	4906	396.0	759.0	374.0	261.0
Acquire-EHT_C1_60	145	4937	396.0	759.0	374.0	261.0
Acquire-EHT_C1_60	146	4968	396.0	759.0	374.0	261.0
Acquire-EHT_C1_60	147	5000	396.0	759.0	374.0	261.0
Acquire-EHT_C1_60	148	5031	396.0	758.0	374.0	261.0
Acquire-EHT_C1_60	149	5078	396.0	758.0	374.0	263.0
Acquire-EHT_C1_60	150	5109	396.0	758.0	374.0	263.0
Acquire-EHT_C1_60	151	5140	396.0	757.0	374.0	263.0
Acquire-EHT_C1_60	152	5172	396.0	757.0	374.0	263.0
Acquire-EHT_C1_60	153	5203	396.0	757.0	374.0	264.0
Acquire-EHT_C1_60	154	5234	396.0	757.0	374.0	263.0
Acquire-EHT_C1_60	155	5265	396.0	757.0	374.0	263.0
Acquire-EHT_C1_60	156	5312	396.0	758.0	374.0	263.0
Acquire-EHT_C1_60	157	5343	396.0	758.0	374.0	263.0
Acquire-EHT_C1_60	158	5375	396.0	758.0	374.0	262.0
Acquire-EHT_C1_60	159	5406	396.0	759.0	374.0	261.0
Acquire-EHT_C1_60	160	5437	396.0	759.0	374.0	261.0
Acquire-EHT_C1_60	161	5468	396.0	759.0	374.0	260.0
Acquire-EHT_C1_60	162	5500	396.0	759.0	374.0	261.0
Acquire-EHT_C1_60	163	5531	396.0	759.0	374.0	260.0
Acquire-EHT_C1_60	164	5578	396.0	759.0	374.0	260.0
Acquire-EHT_C1_60	165	5609	396.0	759.0	374.0	261.0
Acquire-EHT_C1_60	166	5640	396.0	758.0	374.0	262.0
Acquire-EHT_C1_60	167	5672	396.0	758.0	374.0	263.0
Acquire-EHT_C1_60	168	5703	396.0	757.0	374.0	264.0
Acquire-EHT_C1_60	169	5734	396.0	757.0	374.0	264.0
Acquire-EHT_C1_60	170	5765	396.0	756.0	374.0	264.0
Acquire-EHT_C1_60	171	5812	396.0	757.0	374.0	264.0
Acquire-EHT_C1_60	172	5843	396.0	757.0	374.0	263.0
Acquire-EHT_C1_60	173	5875	396.0	757.0	374.0	263.0
Acquire-EHT_C1_60	174	5906	396.0	758.0	374.0	263.0
Acquire-EHT_C1_60	175	5937	396.0	758.0	374.0	262.0
Acquire-EHT_C1_60	176	5968	396.0	759.0	374.0	262.0
Acquire-EHT_C1_60	177	6000	396.0	759.0	374.0	261.0
Acquire-EHT_C1_60	178	6031	396.0	759.0	374.0	261.0
Acquire-EHT_C1_60	179	6078	396.0	759.0	374.0	261.0
Acquire-EHT_C1_60	180	6109	396.0	759.0	374.0	261.0
Acquire-EHT_C1_60	181	6140	396.0	759.0	374.0	260.0
Acquire-EHT_C1_60	182	6171	396.0	759.0	374.0	261.0
Acquire-EHT_C1_60	183	6203	396.0	758.0	374.0	262.0
Acquire-EHT_C1_60	184	6234	396.0	758.0	374.0	263.0
Acquire-EHT_C1_60	185	6265	396.0	757.0	374.0	263.0
Acquire-EHT_C1_60	186	6312	396.0	757.0	374.0	264.0
Acquire-EHT_C1_60	187	6343	396.0	756.0	374.0	264.0
Acquire-EHT_C1_60	188	6375	396.0	757.0	374.0	264.0
Acquire-EHT_C1_60	189	6406	396.0	757.0	374.0	264.0
Acquire-EHT_C1_60	190	6437	396.0	757.0	374.0	263.0
Acquire-EHT_C1_60	191	6468	396.0	758.0	374.0	263.0
Acquire-EHT_C1_60	192	6500	396.0	758.0	374.0	263.0
Acquire-EHT_C1_60	193	6531	396.0	759.0	374.0	262.0
Acquire-EHT_C1_60	194	6578	396.0	759.0	374.0	261.0
Acquire-EHT_C1_60	195	6609	396.0	759.0	374.0	261.0
Acquire-EHT_C1_60	196	6640	396.0	759.0	374.0	261.0
Acquire-EHT_C1_60	197	6671	396.0	759.0	374.0	261.0
Acquire-EHT_C1_60	198	6703	396.0	759.0	374.0	261.0
Acquire-EHT_C1_60	199	6734	396.0	759.0	374.0	261.0
Acquire-EHT_C1_60	200	6765	396.0	759.0	374.0	261.0
Acquire-EHT_C1_60	201	6812	396.0	758.0	374.0	263.0
Acquire-EHT_C1_60	202	6843	396.0	758.0	374.0	263.0
Acquire-EHT_C1_60	203	6875	396.0	757.0	374.0	263.0
Acquire-EHT_C1_60	204	6906	396.0	757.0	374.0	264.0
Acquire-EHT_C1_60	205	6937	396.0	756.0	374.0	264.0
Acquire-EHT_C1_60	206	6968	396.0	757.0	374.0	264.0
Acquire-EHT_C1_60	207	7000	396.0	757.0	374.0	264.0
Acquire-EHT_C1_60	208	7031	396.0	758.0	374.0	263.0
Acquire-EHT_C1_60	209	7078	396.0	758.0	374.0	263.0
Acquire-EHT_C1_60	210	7109	396.0	758.0	374.0	262.0
Acquire-EHT_C1_60	211	7140	396.0	759.0	374.0	262.0
Acquire-EHT_C1_60	212	7171	396.0	759.0	374.0	261.0
Acquire-EHT_C1_60	213	7203	396.0	759.0	374.0	261.0
Acquire-EHT_C1_60	214	7234	396.0	759.0	374.0	261.0
Acquire-EHT_C1_60	215	7265	396.0	759.0	374.0	260.0
Acquire-EHT_C1_60	216	7312	396.0	759.0	374.0	261.0
Acquire-EHT_C1_60	217	7343	396.0	758.0	374.0	263.0
Acquire-EHT_C1_60	218	7375	396.0	758.0	374.0	263.0
Acquire-EHT_C1_60	219	7406	396.0	757.0	374.0	263.0
Acquire-EHT_C1_60	220	7437	396.0	757.0	374.0	263.0
Acquire-EHT_C1_60	221	7468	396.0	757.0	374.0	264.0
Acquire-EHT_C1_60	222	7500	396.0	757.0	374.0	263.0
Acquire-EHT_C1_60	223	7546	396.0	757.0	374.0	263.0
Acquire-EHT_C1_60	224	7578	396.0	758.0	374.0	263.0
Acquire-EHT_C1_60	225	7609	396.0	758.0	374.0	263.0
Acquire-EHT_C1_60	226	7640	396.0	758.0	374.0	262.0
Acquire-EHT_C1_60	227	7671	396.0	759.0	374.0	262.0
Acquire-EHT_C1_60	228	7703	396.0	759.0	374.0	261.0
Acquire-EHT_C1_60	229	7734	396.0	759.0	374.0	261.0
Acquire-EHT_C1_60	230	7765	396.0	759.0	374.0	261.0
Acquire-EHT_C1_60	231	7812	396.0	759.0	374.0	261.0
Acquire-EHT_C1_60	232	7843	396.0	759.0	374.0	261.0
Acquire-EHT_C1_60	233	7874	396.0	759.0	374.0	262.0
Acquire-EHT_C1_60	234	7906	396.0	758.0	374.0	263.0
Acquire-EHT_C1_60	235	7937	396.0	758.0	374.0	263.0
Acquire-EHT_C1_60	236	7968	396.0	757.0	374.0	263.0
Acquire-EHT_C1_60	237	7999	396.0	757.0	374.0	264.0
Acquire-EHT_C1_60	238	8046	396.0	757.0	374.0	263.0
Acquire-EHT_C1_60	239	8078	396.0	757.0	374.0	263.0
Acquire-EHT_C1_60	240	8109	396.0	757.0	374.0	263.0
Acquire-EHT_C1_60	241	8140	396.0	758.0	374.0	263.0
Acquire-EHT_C1_60	242	8171	396.0	758.0	374.0	263.0
Acquire-EHT_C1_60	243	8203	396.0	758.0	374.0	262.0
Acquire-EHT_C1_60	244	8234	396.0	759.0	374.0	261.0
Acquire-EHT_C1_60	245	8265	396.0	759.0	374.0	261.0
Acquire-EHT_C1_60	246	8312	396.0	759.0	374.0	261.0
Acquire-EHT_C1_60	247	8343	396.0	759.0	374.0	260.0
Acquire-EHT_C1_60	248	8374	396.0	759.0	374.0	261.0
Acquire-EHT_C1_60	249	8406	396.0	759.0	374.0	261.0
Acquire-EHT_C1_60	250	8437	396.0	759.0	374.0	261.0
Acquire-EHT_C1_60	251	8468	396.0	758.0	374.0	263.0
Acquire-EHT_C1_60	252	8499	396.0	758.0	374.0	263.0
Acquire-EHT_C1_60	253	8546	396.0	757.0	374.0	263.0
Acquire-EHT_C1_60	254	8578	396.0	757.0	374.0	264.0
Acquire-EHT_C1_60	255	8609	396.0	757.0	374.0	264.0
Acquire-EHT_C1_60	256	8640	396.0	757.0	374.0	264.0
Acquire-EHT_C1_60	257	8671	396.0	757.0	374.0	263.0
Acquire-EHT_C1_60	258	8703	396.0	758.0	374.0	263.0
Acquire-EHT_C1_60	259	8734	396.0	758.0	374.0	263.0
Acquire-EHT_C1_60	260	8765	396.0	758.0	374.0	262.0
Acquire-EHT_C1_60	261	8812	396.0	759.0	374.0	262.0
Acquire-EHT_C1_60	262	8843	396.0	759.0	374.0	261.0
Acquire-EHT_C1_60	263	8874	396.0	759.0	374.0	261.0
Acquire-EHT_C1_60	264	8906	396.0	759.0	374.0	260.0
Acquire-EHT_C1_60	265	8937	396.0	759.0	374.0	261.0
Acquire-EHT_C1_60	266	8968	396.0	759.0	374.0	261.0
Acquire-EHT_C1_60	267	8999	396.0	759.0	374.0	261.0
Acquire-EHT_C1_60	268	9046	396.0	758.0	374.0	263.0
Acquire-EHT_C1_60	269	9078	396.0	758.0	374.0	263.0
Acquire-EHT_C1_60	270	9109	396.0	757.0	374.0	263.0
Acquire-EHT_C1_60	271	9140	396.0	757.0	374.0	264.0
Acquire-EHT_C1_60	272	9171	396.0	757.0	374.0	264.0
Acquire-EHT_C1_60	273	9203	396.0	757.0	374.0	264.0
Acquire-EHT_C1_60	274	9234	396.0	757.0	374.0	263.0
Acquire-EHT_C1_60	275	9265	396.0	758.0	374.0	263.0
Acquire-EHT_C1_60	276	9312	396.0	758.0	374.0	263.0
Acquire-EHT_C1_60	277	9343	396.0	758.0	374.0	262.0
Acquire-EHT_C1_60	278	9374	396.0	759.0	374.0	261.0
Acquire-EHT_C1_60	279	9406	396.0	759.0	374.0	262.0
Acquire-EHT_C1_60	280	9437	396.0	759.0	374.0	261.0
Acquire-EHT_C1_60	281	9468	396.0	759.0	374.0	261.0
Acquire-EHT_C1_60	282	9499	396.0	759.0	374.0	261.0
Acquire-EHT_C1_60	283	9546	396.0	759.0	374.0	260.0
Acquire-EHT_C1_60	284	9577	396.0	759.0	374.0	261.0
Acquire-EHT_C1_60	285	9609	396.0	758.0	374.0	262.0
Acquire-EHT_C1_60	286	9640	396.0	758.0	374.0	263.0
Acquire-EHT_C1_60	287	9671	396.0	757.0	374.0	263.0
Acquire-EHT_C1_60	288	9702	396.0	757.0	374.0	264.0
Acquire-EHT_C1_60	289	9734	396.0	757.0	374.0	264.0
Acquire-EHT_C1_60	290	9765	396.0	757.0	374.0	263.0
Acquire-EHT_C1_60	291	9812	396.0	757.0	374.0	264.0
Acquire-EHT_C1_60	292	9843	396.0	757.0	374.0	263.0
Acquire-EHT_C1_60	293	9874	396.0	758.0	374.0	263.0
Acquire-EHT_C1_60	294	9906	396.0	758.0	374.0	263.0
Acquire-EHT_C1_60	295	9937	396.0	758.0	374.0	262.0
Acquire-EHT_C1_60	296	9968	396.0	759.0	374.0	262.0
Acquire-EHT_C1_60	297	9999	396.0	759.0	374.0	261.0
Acquire-EHT_C1_60	298	10046	396.0	759.0	374.0	261.0
Acquire-EHT_C1_60	299	10077	396.0	759.0	374.0	260.0
Acquire-EHT_C1_60	300	10109	396.0	759.0	374.0	261.0
Acquire-EHT_C1_60	301	10140	396.0	759.0	374.0	261.0
Acquire-EHT_C1_60	302	10171	396.0	758.0	374.0	262.0
Acquire-EHT_C1_60	303	10202	396.0	758.0	374.0	263.0
Acquire-EHT_C1_60	304	10234	396.0	757.0	374.0	263.0
Acquire-EHT_C1_60	305	10265	396.0	757.0	374.0	263.0
Acquire-EHT_C1_60	306	10312	396.0	757.0	374.0	264.0
Acquire-EHT_C1_60	307	10343	396.0	757.0	374.0	263.0
Acquire-EHT_C1_60	308	10374	396.0	757.0	374.0	263.0
Acquire-EHT_C1_60	309	10406	396.0	757.0	374.0	263.0
Acquire-EHT_C1_60	310	10437	396.0	758.0	374.0	263.0
Acquire-EHT_C1_60	311	10468	396.0	758.0	374.0	263.0
Acquire-EHT_C1_60	312	10499	396.0	758.0	374.0	262.0
Acquire-EHT_C1_60	313	10546	396.0	759.0	374.0	261.0
Acquire-EHT_C1_60	314	10577	396.0	759.0	374.0	261.0
Acquire-EHT_C1_60	315	10609	396.0	759.0	374.0	261.0
Acquire-EHT_C1_60	316	10640	396.0	759.0	374.0	261.0
Acquire-EHT_C1_60	317	10671	396.0	759.0	374.0	261.0
Acquire-EHT_C1_60	318	10702	396.0	759.0	374.0	261.0
Acquire-EHT_C1_60	319	10734	396.0	758.0	374.0	262.0
Acquire-EHT_C1_60	320	10765	396.0	758.0	374.0	263.0
Acquire-EHT_C1_60	321	10812	396.0	757.0	374.0	263.0
Acquire-EHT_C1_60	322	10843	396.0	757.0	374.0	263.0
Acquire-EHT_C1_60	323	10874	396.0	757.0	374.0	264.0
Acquire-EHT_C1_60	324	10906	396.0	757.0	374.0	264.0
Acquire-EHT_C1_60	325	10937	396.0	757.0	374.0	264.0
Acquire-EHT_C1_60	326	10968	396.0	757.0	374.0	263.0
Acquire-EHT_C1_60	327	10999	396.0	758.0	374.0	263.0
Acquire-EHT_C1_60	328	11046	396.0	758.0	374.0	263.0
Acquire-EHT_C1_60	329	11077	396.0	758.0	374.0	262.0
Acquire-EHT_C1_60	330	11109	396.0	759.0	374.0	261.0
Acquire-EHT_C1_60	331	11140	396.0	759.0	374.0	261.0
Acquire-EHT_C1_60	332	11171	396.0	759.0	374.0	260.0
Acquire-EHT_C1_60	333	11202	396.0	759.0	374.0	261.0
Acquire-EHT_C1_60	334	11234	396.0	759.0	374.0	261.0
Acquire-EHT_C1_60	335	11265	396.0	759.0	374.0	262.0
Acquire-EHT_C1_60	336	11312	396.0	758.0	374.0	263.0
Acquire-EHT_C1_60	337	11343	396.0	757.0	374.0	263.0
Acquire-EHT_C1_60	338	11374	396.0	757.0	374.0	263.0
Acquire-EHT_C1_60	339	11405	396.0	757.0	374.0	263.0
Acquire-EHT_C1_60	340	11437	396.0	757.0	374.0	264.0
Acquire-EHT_C1_60	341	11468	396.0	757.0	374.0	263.0
Acquire-EHT_C1_60	342	11499	396.0	757.0	374.0	263.0
Acquire-EHT_C1_60	343	11546	396.0	758.0	374.0	263.0
Acquire-EHT_C1_60	344	11577	396.0	758.0	374.0	263.0
Acquire-EHT_C1_60	345	11609	396.0	758.0	374.0	262.0
Acquire-EHT_C1_60	346	11640	396.0	759.0	374.0	261.0
Acquire-EHT_C1_60	347	11671	396.0	759.0	374.0	261.0
Acquire-EHT_C1_60	348	11702	396.0	759.0	374.0	261.0
Acquire-EHT_C1_60	349	11734	396.0	759.0	374.0	260.0
Acquire-EHT_C1_60	350	11765	396.0	759.0	374.0	261.0
Acquire-EHT_C1_60	351	11812	396.0	759.0	374.0	261.0
Acquire-EHT_C1_60	352	11843	396.0	759.0	374.0	261.0
Acquire-EHT_C1_60	353	11874	396.0	758.0	374.0	263.0
Acquire-EHT_C1_60	354	11905	396.0	758.0	374.0	263.0
Acquire-EHT_C1_60	355	11937	396.0	757.0	374.0	263.0
Acquire-EHT_C1_60	356	11968	396.0	757.0	374.0	263.0
Acquire-EHT_C1_60	357	11999	396.0	757.0	374.0	264.0
Acquire-EHT_C1_60	358	12046	396.0	757.0	374.0	264.0
Acquire-EHT_C1_60	359	12077	396.0	757.0	374.0	263.0
Acquire-EHT_C1_60	360	12109	396.0	757.0	374.0	263.0
Acquire-EHT_C1_60	361	12140	396.0	758.0	374.0	263.0
Acquire-EHT_C1_60	362	12171	396.0	758.0	374.0	263.0
Acquire-EHT_C1_60	363	12202	396.0	759.0	374.0	262.0
Acquire-EHT_C1_60	364	12234	396.0	759.0	374.0	261.0
Acquire-EHT_C1_60	365	12265	396.0	759.0	374.0	261.0
Acquire-EHT_C1_60	366	12312	396.0	759.0	374.0	261.0
Acquire-EHT_C1_60	367	12343	396.0	759.0	374.0	261.0
Acquire-EHT_C1_60	368	12374	396.0	759.0	374.0	261.0
Acquire-EHT_C1_60	369	12405	396.0	759.0	374.0	261.0
Acquire-EHT_C1_60	370	12437	396.0	758.0	374.0	262.0
Acquire-EHT_C1_60	371	12468	396.0	758.0	374.0	263.0
Acquire-EHT_C1_60	372	12499	396.0	757.0	374.0	263.0
Acquire-EHT_C1_60	373	12546	396.0	757.0	374.0	264.0
Acquire-EHT_C1_60	374	12577	396.0	757.0	374.0	264.0
Acquire-EHT_C1_60	375	12609	396.0	757.0	374.0	263.0
Acquire-EHT_C1_60	376	12640	396.0	757.0	374.0	264.0
Acquire-EHT_C1_60	377	12671	396.0	757.0	374.0	263.0
Acquire-EHT_C1_60	378	12702	396.0	758.0	374.0	263.0
Acquire-EHT_C1_60	379	12734	396.0	758.0	374.0	262.0
Acquire-EHT_C1_60	380	12765	396.0	759.0	374.0	261.0
Acquire-EHT_C1_60	381	12812	396.0	759.0	374.0	262.0
Acquire-EHT_C1_60	382	12843	396.0	759.0	374.0	261.0
Acquire-EHT_C1_60	383	12874	396.0	759.0	374.0	261.0
Acquire-EHT_C1_60	384	12905	396.0	759.0	374.0	261.0
Acquire-EHT_C1_60	385	12937	396.0	759.0	374.0	261.0
Acquire-EHT_C1_60	386	12968	396.0	759.0	374.0	261.0
Acquire-EHT_C1_60	387	12999	396.0	758.0	374.0	262.0
Acquire-EHT_C1_60	388	13046	396.0	758.0	374.0	263.0
Acquire-EHT_C1_60	389	13077	396.0	757.0	374.0	263.0
Acquire-EHT_C1_60	390	13108	396.0	757.0	374.0	263.0
Acquire-EHT_C1_60	391	13140	396.0	757.0	374.0	264.0
Acquire-EHT_C1_60	392	13171	396.0	757.0	374.0	264.0
Acquire-EHT_C1_60	393	13202	396.0	757.0	374.0	264.0
Acquire-EHT_C1_60	394	13233	396.0	757.0	374.0	263.0
Acquire-EHT_C1_60	395	13265	396.0	758.0	374.0	263.0
Acquire-EHT_C1_60	396	13312	396.0	758.0	374.0	263.0
Acquire-EHT_C1_60	397	13343	396.0	758.0	374.0	262.0
Acquire-EHT_C1_60	398	13374	396.0	759.0	374.0	261.0
Acquire-EHT_C1_60	399	13405	396.0	759.0	374.0	261.0
Acquire-EHT_C1_60	400	13437	396.0	759.0	374.0	261.0
Acquire-EHT_C1_60	401	13468	396.0	759.0	374.0	261.0
Acquire-EHT_C1_60	402	13499	396.0	759.0	374.0	260.0
Acquire-EHT_C1_60	403	13546	396.0	759.0	374.0	261.0
Acquire-EHT_C1_60	404	13577	396.0	758.0	374.0	262.0
Acquire-EHT_C1_60	405	13608	396.0	758.0	374.0	263.0
Acquire-EHT_C1_60	406	13640	396.0	757.0	374.0	263.0
Acquire-EHT_C1_60	407	13671	396.0	757.0	374.0	263.0
Acquire-EHT_C1_60	408	13702	396.0	757.0	374.0	264.0
Acquire-EHT_C1_60	409	13733	396.0	757.0	374.0	264.0
Acquire-EHT_C1_60	410	13765	396.0	757.0	374.0	263.0
Acquire-EHT_C1_60	411	13812	396.0	757.0	374.0	263.0
Acquire-EHT_C1_60	412	13843	396.0	758.0	374.0	263.0
Acquire-EHT_C1_60	413	13874	396.0	758.0	374.0	262.0
Acquire-EHT_C1_60	414	13905	396.0	759.0	374.0	262.0
Acquire-EHT_C1_60	415	13937	396.0	759.0	374.0	261.0
Acquire-EHT_C1_60	416	13968	396.0	759.0	374.0	261.0
Acquire-EHT_C1_60	417	13999	396.0	759.0	374.0	261.0
Acquire-EHT_C1_60	418	14046	396.0	759.0	374.0	261.0
Acquire-EHT_C1_60	419	14077	396.0	759.0	374.0	261.0
Acquire-EHT_C1_60	420	14108	396.0	759.0	374.0	261.0
Acquire-EHT_C1_60	421	14140	396.0	758.0	374.0	262.0
Acquire-EHT_C1_60	422	14171	396.0	758.0	374.0	263.0
Acquire-EHT_C1_60	423	14202	396.0	757.0	374.0	263.0
Acquire-EHT_C1_60	424	14233	396.0	757.0	374.0	263.0
Acquire-EHT_C1_60	425	14265	396.0	757.0	374.0	264.0
Acquire-EHT_C1_60	426	14312	396.0	757.0	374.0	264.0
Acquire-EHT_C1_60	427	14343	396.0	757.0	374.0	263.0
Acquire-EHT_C1_60	428	14374	396.0	757.0	374.0	263.0
Acquire-EHT_C1_60	429	14405	396.0	758.0	374.0	263.0
Acquire-EHT_C1_60	430	14437	396.0	758.0	374.0	263.0
Acquire-EHT_C1_60	431	14468	396.0	759.0	374.0	262.0
Acquire-EHT_C1_60	432	14499	396.0	759.0	374.0	261.0
Acquire-EHT_C1_60	433	14546	396.0	759.0	374.0	261.0
Acquire-EHT_C1_60	434	14577	396.0	759.0	374.0	260.0
Acquire-EHT_C1_60	435	14608	396.0	759.0	374.0	261.0
Acquire-EHT_C1_60	436	14640	396.0	759.0	374.0	261.0
Acquire-EHT_C1_60	437	14671	396.0	759.0	374.0	260.0
Acquire-EHT_C1_60	438	14702	396.0	757.0	374.0	263.0
Acquire-EHT_C1_60	439	14733	396.0	758.0	374.0	263.0
Acquire-EHT_C1_60	440	15046	396.0	758.0	374.0	262.0
Acquire-EHT_C1_60	441	15077	396.0	758.0	374.0	261.0
Acquire-EHT_C1_60	442	15108	396.0	759.0	374.0	261.0
Acquire-EHT_C1_60	443	15140	396.0	759.0	374.0	261.0
Acquire-EHT_C1_60	444	15171	396.0	759.0	374.0	261.0
Acquire-EHT_C1_60	445	15202	396.0	759.0	374.0	261.0
Acquire-EHT_C1_60	446	15233	396.0	759.0	374.0	261.0
Acquire-EHT_C1_60	447	15265	396.0	758.0	374.0	262.0
Acquire-EHT_C1_60	448	15311	396.0	758.0	374.0	263.0
Acquire-EHT_C1_60	449	15343	396.0	758.0	374.0	263.0
Acquire-EHT_C1_60	450	15374	396.0	757.0	374.0	263.0
Acquire-EHT_C1_60	451	15405	396.0	757.0	374.0	264.0
Acquire-EHT_C1_60	452	15436	396.0	757.0	374.0	263.0
Acquire-EHT_C1_60	453	15468	396.0	757.0	374.0	263.0
Acquire-EHT_C1_60	454	15499	396.0	757.0	374.0	263.0
Acquire-EHT_C1_60	455	15546	396.0	758.0	374.0	263.0
Acquire-EHT_C1_60	456	15577	396.0	758.0	374.0	262.0
Acquire-EHT_C1_60	457	15608	396.0	758.0	374.0	262.0
Acquire-EHT_C1_60	458	15640	396.0	759.0	374.0	262.0
Acquire-EHT_C1_60	459	15671	396.0	759.0	374.0	261.0
Acquire-EHT_C1_60	460	15702	396.0	759.0	374.0	261.0
Acquire-EHT_C1_60	461	15733	396.0	759.0	374.0	261.0
Acquire-EHT_C1_60	462	15765	396.0	759.0	374.0	261.0
Acquire-EHT_C1_60	463	15811	396.0	759.0	374.0	260.0
Acquire-EHT_C1_60	464	15843	396.0	758.0	374.0	262.0
Acquire-EHT_C1_60	465	15874	396.0	758.0	374.0	263.0
Acquire-EHT_C1_60	466	15905	396.0	758.0	374.0	263.0
Acquire-EHT_C1_60	467	15936	396.0	757.0	374.0	263.0
Acquire-EHT_C1_60	468	15968	396.0	757.0	374.0	264.0
Acquire-EHT_C1_60	469	15999	396.0	757.0	374.0	264.0
Acquire-EHT_C1_60	470	16046	396.0	757.0	374.0	264.0
Acquire-EHT_C1_60	471	16077	396.0	757.0	374.0	263.0
Acquire-EHT_C1_60	472	16108	396.0	758.0	374.0	263.0
Acquire-EHT_C1_60	473	16140	396.0	758.0	374.0	263.0
Acquire-EHT_C1_60	474	16171	396.0	758.0	374.0	262.0
Acquire-EHT_C1_60	475	16202	396.0	759.0	374.0	262.0
Acquire-EHT_C1_60	476	16233	396.0	759.0	374.0	261.0
Acquire-EHT_C1_60	477	16265	396.0	759.0	374.0	261.0
Acquire-EHT_C1_60	478	16311	396.0	759.0	374.0	261.0
Acquire-EHT_C1_60	479	16343	396.0	759.0	374.0	260.0
Acquire-EHT_C1_60	480	16374	396.0	759.0	374.0	261.0
Acquire-EHT_C1_60	481	16405	396.0	758.0	374.0	262.0
Acquire-EHT_C1_60	482	16436	396.0	758.0	374.0	263.0
Acquire-EHT_C1_60	483	16468	396.0	757.0	374.0	263.0
Acquire-EHT_C1_60	484	16499	396.0	757.0	374.0	263.0
Acquire-EHT_C1_60	485	16546	396.0	757.0	374.0	264.0
Acquire-EHT_C1_60	486	16577	396.0	757.0	374.0	264.0
Acquire-EHT_C1_60	487	16608	396.0	757.0	374.0	263.0
Acquire-EHT_C1_60	488	16639	396.0	758.0	374.0	263.0
Acquire-EHT_C1_60	489	16671	396.0	758.0	374.0	263.0
Acquire-EHT_C1_60	490	16702	396.0	758.0	374.0	262.0
Acquire-EHT_C1_60	491	16733	396.0	759.0	374.0	262.0
Acquire-EHT_C1_60	492	16764	396.0	759.0	374.0	261.0
Acquire-EHT_C1_60	493	16811	396.0	759.0	374.0	261.0
Acquire-EHT_C1_60	494	16843	396.0	759.0	374.0	260.0
Acquire-EHT_C1_60	495	16874	396.0	759.0	374.0	260.0
Acquire-EHT_C1_60	496	16905	396.0	759.0	374.0	261.0
Acquire-EHT_C1_60	497	16936	396.0	759.0	374.0	261.0
Acquire-EHT_C1_60	498	16968	396.0	758.0	374.0	262.0
Acquire-EHT_C1_60	499	16999	396.0	758.0	374.0	263.0
Acquire-EHT_C1_60	500	17046	396.0	757.0	374.0	263.0
Acquire-EHT_C1_60	501	17077	396.0	757.0	374.0	263.0
Acquire-EHT_C1_60	502	17108	396.0	757.0	374.0	264.0
Acquire-EHT_C1_60	503	17139	396.0	756.0	374.0	264.0
Acquire-EHT_C1_60	504	17171	396.0	757.0	374.0	263.0
Acquire-EHT_C1_60	505	17202	396.0	757.0	374.0	263.0
Acquire-EHT_C1_60	506	17233	396.0	758.0	374.0	263.0
Acquire-EHT_C1_60	507	17264	396.0	758.0	374.0	263.0
Acquire-EHT_C1_60	508	17311	396.0	758.0	374.0	262.0
Acquire-EHT_C1_60	509	17343	396.0	759.0	374.0	261.0
Acquire-EHT_C1_60	510	17374	396.0	759.0	374.0	261.0
Acquire-EHT_C1_60	511	17405	396.0	759.0	374.0	261.0
Acquire-EHT_C1_60	512	17436	396.0	759.0	374.0	261.0
Acquire-EHT_C1_60	513	17468	396.0	759.0	374.0	260.0
Acquire-EHT_C1_60	514	17499	396.0	759.0	374.0	262.0
Acquire-EHT_C1_60	515	17546	396.0	758.0	374.0	262.0
Acquire-EHT_C1_60	516	17577	396.0	758.0	374.0	263.0
Acquire-EHT_C1_60	517	17608	396.0	757.0	374.0	263.0
Acquire-EHT_C1_60	518	17639	396.0	757.0	374.0	263.0
Acquire-EHT_C1_60	519	17671	396.0	757.0	374.0	263.0
Acquire-EHT_C1_60	520	17702	396.0	757.0	374.0	263.0
Acquire-EHT_C1_60	521	17733	396.0	757.0	374.0	263.0
Acquire-EHT_C1_60	522	17764	396.0	758.0	374.0	263.0
Acquire-EHT_C1_60	523	17811	396.0	758.0	374.0	263.0
Acquire-EHT_C1_60	524	17843	396.0	758.0	374.0	262.0
Acquire-EHT_C1_60	525	17874	396.0	759.0	374.0	262.0
Acquire-EHT_C1_60	526	17905	396.0	759.0	374.0	261.0
Acquire-EHT_C1_60	527	17936	396.0	759.0	374.0	261.0
Acquire-EHT_C1_60	528	17968	396.0	759.0	374.0	261.0
Acquire-EHT_C1_60	529	17999	396.0	759.0	374.0	260.0
Acquire-EHT_C1_60	530	18046	396.0	759.0	374.0	261.0
Acquire-EHT_C1_60	531	18077	396.0	758.0	374.0	262.0
Acquire-EHT_C1_60	532	18108	396.0	758.0	374.0	263.0
Acquire-EHT_C1_60	533	18139	396.0	757.0	374.0	263.0
Acquire-EHT_C1_60	534	18171	396.0	757.0	374.0	264.0
Acquire-EHT_C1_60	535	18202	396.0	757.0	374.0	264.0
Acquire-EHT_C1_60	536	18233	396.0	757.0	374.0	264.0
Acquire-EHT_C1_60	537	18264	396.0	757.0	374.0	264.0
Acquire-EHT_C1_60	538	18311	396.0	757.0	374.0	263.0
Acquire-EHT_C1_60	539	18343	396.0	758.0	374.0	263.0
Acquire-EHT_C1_60	540	18374	396.0	758.0	374.0	262.0
Acquire-EHT_C1_60	541	18405	396.0	759.0	374.0	262.0
Acquire-EHT_C1_60	542	18436	396.0	759.0	374.0	261.0
Acquire-EHT_C1_60	543	18468	396.0	759.0	374.0	261.0
Acquire-EHT_C1_60	544	18499	396.0	759.0	374.0	261.0
Acquire-EHT_C1_60	545	18546	396.0	759.0	374.0	261.0
Acquire-EHT_C1_60	546	18577	396.0	759.0	374.0	260.0
Acquire-EHT_C1_60	547	18608	396.0	759.0	374.0	261.0
Acquire-EHT_C1_60	548	18639	396.0	758.0	374.0	262.0
Acquire-EHT_C1_60	549	18671	396.0	758.0	374.0	263.0
Acquire-EHT_C1_60	550	18702	396.0	757.0	374.0	263.0
Acquire-EHT_C1_60	551	18733	396.0	757.0	374.0	264.0
Acquire-EHT_C1_60	552	18764	396.0	757.0	374.0	263.0
Acquire-EHT_C1_60	553	18811	396.0	757.0	374.0	264.0
Acquire-EHT_C1_60	554	18842	396.0	757.0	374.0	263.0
Acquire-EHT_C1_60	555	18874	396.0	757.0	374.0	263.0
Acquire-EHT_C1_60	556	18905	396.0	758.0	374.0	263.0
Acquire-EHT_C1_60	557	18936	396.0	758.0	374.0	262.0
Acquire-EHT_C1_60	558	18967	396.0	759.0	374.0	262.0
Acquire-EHT_C1_60	559	18999	396.0	759.0	374.0	261.0
Acquire-EHT_C1_60	560	19046	396.0	759.0	374.0	261.0
Acquire-EHT_C1_60	561	19077	396.0	759.0	374.0	261.0
Acquire-EHT_C1_60	562	19108	396.0	759.0	374.0	260.0
Acquire-EHT_C1_60	563	19139	396.0	759.0	374.0	261.0
Acquire-EHT_C1_60	564	19171	396.0	758.0	374.0	262.0
Acquire-EHT_C1_60	565	19202	396.0	758.0	374.0	263.0
Acquire-EHT_C1_60	566	19233	396.0	758.0	374.0	263.0
Acquire-EHT_C1_60	567	19264	396.0	757.0	374.0	263.0
Acquire-EHT_C1_60	568	19311	396.0	757.0	374.0	264.0
Acquire-EHT_C1_60	569	19342	396.0	757.0	374.0	264.0
Acquire-EHT_C1_60	570	19374	396.0	757.0	374.0	263.0
Acquire-EHT_C1_60	571	19405	396.0	757.0	374.0	263.0
Acquire-EHT_C1_60	572	19436	396.0	758.0	374.0	263.0
Acquire-EHT_C1_60	573	19467	396.0	758.0	374.0	263.0
Acquire-EHT_C1_60	574	19499	396.0	758.0	374.0	262.0
Acquire-EHT_C1_60	575	19546	396.0	759.0	374.0	262.0
Acquire-EHT_C1_60	576	19577	396.0	759.0	374.0	261.0
Acquire-EHT_C1_60	577	19608	396.0	759.0	374.0	261.0
Acquire-EHT_C1_60	578	19639	396.0	759.0	374.0	260.0
Acquire-EHT_C1_60	579	19671	396.0	759.0	374.0	260.0
Acquire-EHT_C1_60	580	19702	396.0	759.0	374.0	261.0
Acquire-EHT_C1_60	581	19733	396.0	758.0	374.0	262.0
Acquire-EHT_C1_60	582	19764	396.0	758.0	374.0	263.0
Acquire-EHT_C1_60	583	19811	396.0	758.0	374.0	263.0
Acquire-EHT_C1_60	584	19842	396.0	757.0	374.0	263.0
Acquire-EHT_C1_60	585	19874	396.0	757.0	374.0	264.0
Acquire-EHT_C1_60	586	19905	396.0	757.0	374.0	264.0
Acquire-EHT_C1_60	587	19936	396.0	757.0	374.0	263.0
Acquire-EHT_C1_60	588	19967	396.0	757.0	374.0	263.0
Acquire-EHT_C1_60	589	19999	396.0	758.0	374.0	263.0
Acquire-EHT_C1_60	590	20046	396.0	758.0	374.0	263.0
Acquire-EHT_C1_60	591	20077	396.0	758.0	374.0	262.0
Acquire-EHT_C1_60	592	20108	396.0	759.0	374.0	262.0
Acquire-EHT_C1_60	593	20139	396.0	759.0	374.0	261.0
Acquire-EHT_C1_60	594	20171	396.0	759.0	374.0	261.0
Acquire-EHT_C1_60	595	20202	396.0	759.0	374.0	260.0
Acquire-EHT_C1_60	596	20233	396.0	759.0	374.0	260.0
Acquire-EHT_C1_60	597	20264	396.0	759.0	374.0	261.0
Acquire-EHT_C1_60	598	20311	396.0	758.0	374.0	262.0
Acquire-EHT_C1_60	599	20342	396.0	758.0	374.0	263.0
Acquire-EHT_C1_60	600	20374	396.0	758.0	374.0	263.0
Acquire-EHT_C1_60	601	20405	396.0	757.0	374.0	263.0
Acquire-EHT_C1_60	602	20436	396.0	757.0	374.0	264.0
Acquire-EHT_C1_60	603	20467	396.0	757.0	374.0	264.0
Acquire-EHT_C1_60	604	20499	396.0	757.0	374.0	263.0
Acquire-EHT_C1_60	605	20545	396.0	757.0	374.0	263.0
Acquire-EHT_C1_60	606	20577	396.0	758.0	374.0	263.0
Acquire-EHT_C1_60	607	20608	396.0	758.0	374.0	263.0
Acquire-EHT_C1_60	608	20639	396.0	759.0	374.0	261.0
Acquire-EHT_C1_60	609	20670	396.0	759.0	374.0	261.0
Acquire-EHT_C1_60	610	20702	396.0	759.0	374.0	260.0
Acquire-EHT_C1_60	611	20733	396.0	759.0	374.0	261.0
Acquire-EHT_C1_60	612	20764	396.0	759.0	374.0	261.0
Acquire-EHT_C1_60	613	20811	396.0	759.0	374.0	262.0
Acquire-EHT_C1_60	614	20842	396.0	758.0	374.0	262.0
Acquire-EHT_C1_60	615	20874	396.0	758.0	374.0	263.0
Acquire-EHT_C1_60	616	20905	396.0	757.0	374.0	263.0
Acquire-EHT_C1_60	617	20936	396.0	757.0	374.0	263.0
Acquire-EHT_C1_60	618	20967	396.0	757.0	374.0	264.0
Acquire-EHT_C1_60	619	20999	396.0	757.0	374.0	264.0
Acquire-EHT_C1_60	620	21045	396.0	757.0	374.0	263.0
Acquire-EHT_C1_60	621	21077	396.0	757.0	374.0	263.0
Acquire-EHT_C1_60	622	21108	396.0	758.0	374.0	263.0
Acquire-EHT_C1_60	623	21139	396.0	758.0	374.0	262.0
Acquire-EHT_C1_60	624	21170	396.0	759.0	374.0	262.0
Acquire-EHT_C1_60	625	21202	396.0	759.0	374.0	261.0
Acquire-EHT_C1_60	626	21233	396.0	759.0	374.0	261.0
Acquire-EHT_C1_60	627	21264	396.0	759.0	374.0	261.0
Acquire-EHT_C1_60	628	21311	396.0	759.0	374.0	260.0
Acquire-EHT_C1_60	629	21342	396.0	759.0	374.0	260.0
Acquire-EHT_C1_60	630	21374	396.0	759.0	374.0	261.0
Acquire-EHT_C1_60	631	21405	396.0	758.0	374.0	262.0
Acquire-EHT_C1_60	632	21436	396.0	758.0	374.0	263.0
Acquire-EHT_C1_60	633	21467	396.0	757.0	374.0	263.0
Acquire-EHT_C1_60	634	21499	396.0	757.0	374.0	263.0
Acquire-EHT_C1_60	635	21545	396.0	757.0	374.0	263.0
Acquire-EHT_C1_60	636	21577	396.0	756.0	374.0	264.0
Acquire-EHT_C1_60	637	21608	396.0	757.0	374.0	263.0
Acquire-EHT_C1_60	638	21639	396.0	757.0	374.0	263.0
Acquire-EHT_C1_60	639	21670	396.0	758.0	374.0	263.0
Acquire-EHT_C1_60	640	21702	396.0	758.0	374.0	262.0
Acquire-EHT_C1_60	641	21733	396.0	758.0	374.0	262.0
Acquire-EHT_C1_60	642	21764	396.0	759.0	374.0	261.0
Acquire-EHT_C1_60	643	21811	396.0	759.0	374.0	261.0
Acquire-EHT_C1_60	644	21842	396.0	759.0	374.0	261.0
Acquire-EHT_C1_60	645	21874	396.0	759.0	374.0	260.0
Acquire-EHT_C1_60	646	21905	396.0	759.0	374.0	261.0
Acquire-EHT_C1_60	647	21936	396.0	759.0	374.0	261.0
Acquire-EHT_C1_60	648	21967	396.0	758.0	374.0	262.0
Acquire-EHT_C1_60	649	21999	396.0	758.0	374.0	263.0
Acquire-EHT_C1_60	650	22045	396.0	757.0	374.0	263.0
Acquire-EHT_C1_60	651	22077	396.0	757.0	374.0	264.0
Acquire-EHT_C1_60	652	22108	396.0	756.0	374.0	263.0
Acquire-EHT_C1_60	653	22139	396.0	757.0	374.0	264.0
Acquire-EHT_C1_60	654	22170	396.0	757.0	374.0	264.0
Acquire-EHT_C1_60	655	22202	396.0	757.0	374.0	263.0
Acquire-EHT_C1_60	656	22233	396.0	758.0	374.0	263.0
Acquire-EHT_C1_60	657	22264	396.0	758.0	374.0	263.0
Acquire-EHT_C1_60	658	22311	396.0	758.0	374.0	262.0
Acquire-EHT_C1_60	659	22342	396.0	759.0	374.0	261.0
Acquire-EHT_C1_60	660	22373	396.0	759.0	374.0	261.0
Acquire-EHT_C1_60	661	22405	396.0	759.0	374.0	260.0
Acquire-EHT_C1_60	662	22436	396.0	759.0	374.0	261.0
Acquire-EHT_C1_60	663	22467	396.0	759.0	374.0	260.0
Acquire-EHT_C1_60	664	22498	396.0	759.0	374.0	261.0
Acquire-EHT_C1_60	665	22545	396.0	758.0	374.0	262.0
Acquire-EHT_C1_60	666	22577	396.0	758.0	374.0	263.0
Acquire-EHT_C1_60	667	22608	396.0	757.0	374.0	263.0
Acquire-EHT_C1_60	668	22639	396.0	757.0	374.0	263.0
Acquire-EHT_C1_60	669	22670	396.0	757.0	374.0	263.0
Acquire-EHT_C1_60	670	22702	396.0	757.0	374.0	264.0
Acquire-EHT_C1_60	671	22733	396.0	757.0	374.0	263.0
Acquire-EHT_C1_60	672	22764	396.0	757.0	374.0	263.0
Acquire-EHT_C1_60	673	22811	396.0	758.0	374.0	263.0
Acquire-EHT_C1_60	674	22842	396.0	758.0	374.0	262.0
Acquire-EHT_C1_60	675	22873	396.0	758.0	374.0	262.0
Acquire-EHT_C1_60	676	22905	396.0	759.0	374.0	261.0
Acquire-EHT_C1_60	677	22936	396.0	759.0	374.0	260.0
Acquire-EHT_C1_60	678	22967	396.0	759.0	374.0	261.0
Acquire-EHT_C1_60	679	22998	396.0	759.0	374.0	261.0
Acquire-EHT_C1_60	680	23045	396.0	759.0	374.0	261.0
Acquire-EHT_C1_60	681	23077	396.0	759.0	374.0	262.0
Acquire-EHT_C1_60	682	23108	396.0	758.0	374.0	262.0
Acquire-EHT_C1_60	683	23139	396.0	758.0	374.0	263.0
Acquire-EHT_C1_60	684	23170	396.0	757.0	374.0	263.0
Acquire-EHT_C1_60	685	23202	396.0	757.0	374.0	263.0
Acquire-EHT_C1_60	686	23233	396.0	757.0	374.0	264.0
Acquire-EHT_C1_60	687	23264	396.0	757.0	374.0	264.0
Acquire-EHT_C1_60	688	23311	396.0	757.0	374.0	263.0
Acquire-EHT_C1_60	689	23342	396.0	758.0	374.0	263.0
Acquire-EHT_C1_60	690	23373	396.0	758.0	374.0	263.0
Acquire-EHT_C1_60	691	23405	396.0	758.0	374.0	262.0
Acquire-EHT_C1_60	692	23436	396.0	759.0	374.0	261.0
Acquire-EHT_C1_60	693	23467	396.0	759.0	374.0	261.0
Acquire-EHT_C1_60	694	23498	396.0	759.0	374.0	261.0
Acquire-EHT_C1_60	695	23545	396.0	759.0	374.0	261.0
Acquire-EHT_C1_60	696	23577	396.0	759.0	374.0	261.0
Acquire-EHT_C1_60	697	23608	396.0	759.0	374.0	262.0
Acquire-EHT_C1_60	698	23639	396.0	758.0	374.0	263.0
Acquire-EHT_C1_60	699	23670	396.0	757.0	374.0	264.0
Acquire-EHT_C1_60	700	23701	396.0	757.0	374.0	264.0
Acquire-EHT_C1_60	701	23842	396.0	757.0	374.0	263.0
Acquire-EHT_C1_60	702	23873	396.0	758.0	374.0	263.0
Acquire-EHT_C1_60	703	23905	396.0	758.0	374.0	262.0
Acquire-EHT_C1_60	704	23936	396.0	758.0	374.0	262.0
Acquire-EHT_C1_60	705	23967	396.0	759.0	374.0	261.0
Acquire-EHT_C1_60	706	23998	396.0	759.0	374.0	261.0
Acquire-EHT_C1_60	707	24045	396.0	759.0	374.0	261.0
Acquire-EHT_C1_60	708	24076	396.0	759.0	374.0	261.0
Acquire-EHT_C1_60	709	24108	396.0	759.0	374.0	261.0
Acquire-EHT_C1_60	710	24139	396.0	759.0	374.0	261.0
Acquire-EHT_C1_60	711	24170	396.0	759.0	374.0	262.0
Acquire-EHT_C1_60	712	24201	396.0	758.0	374.0	263.0
Acquire-EHT_C1_60	713	24233	396.0	758.0	374.0	263.0
Acquire-EHT_C1_60	714	24264	396.0	757.0	374.0	263.0
Acquire-EHT_C1_60	715	24311	396.0	757.0	374.0	263.0
Acquire-EHT_C1_60	716	24342	396.0	757.0	374.0	264.0
Acquire-EHT_C1_60	717	24373	396.0	757.0	374.0	264.0
Acquire-EHT_C1_60	718	24405	396.0	757.0	374.0	263.0
Acquire-EHT_C1_60	719	24436	396.0	758.0	374.0	263.0
Acquire-EHT_C1_60	720	24467	396.0	758.0	374.0	263.0
Acquire-EHT_C1_60	721	24498	396.0	758.0	374.0	262.0
Acquire-EHT_C1_60	722	24545	396.0	759.0	374.0	262.0
Acquire-EHT_C1_60	723	24576	396.0	759.0	374.0	261.0
Acquire-EHT_C1_60	724	24608	396.0	759.0	374.0	260.0
Acquire-EHT_C1_60	725	24639	396.0	759.0	374.0	261.0
Acquire-EHT_C1_60	726	24670	396.0	759.0	374.0	260.0
Acquire-EHT_C1_60	727	24701	396.0	759.0	374.0	261.0
Acquire-EHT_C1_60	728	24733	396.0	758.0	374.0	262.0
Acquire-EHT_C1_60	729	24764	396.0	758.0	374.0	263.0
Acquire-EHT_C1_60	730	24811	396.0	757.0	374.0	263.0
Acquire-EHT_C1_60	731	24842	396.0	757.0	374.0	263.0
Acquire-EHT_C1_60	732	24873	396.0	757.0	374.0	264.0
Acquire-EHT_C1_60	733	24905	396.0	757.0	374.0	264.0
Acquire-EHT_C1_60	734	24936	396.0	757.0	374.0	263.0
Acquire-EHT_C1_60	735	24967	396.0	757.0	374.0	263.0
Acquire-EHT_C1_60	736	24998	396.0	758.0	374.0	263.0
Acquire-EHT_C1_60	737	25045	396.0	758.0	374.0	262.0
Acquire-EHT_C1_60	738	25076	396.0	758.0	374.0	262.0
Acquire-EHT_C1_60	739	25108	396.0	759.0	374.0	261.0
Acquire-EHT_C1_60	740	25139	396.0	759.0	374.0	261.0
Acquire-EHT_C1_60	741	25170	396.0	759.0	374.0	260.0
Acquire-EHT_C1_60	742	25201	396.0	759.0	374.0	260.0
Acquire-EHT_C1_60	743	25233	396.0	759.0	374.0	261.0
Acquire-EHT_C1_60	744	25264	396.0	759.0	374.0	262.0
Acquire-EHT_C1_60	745	25311	396.0	758.0	374.0	263.0
Acquire-EHT_C1_60	746	25342	396.0	758.0	374.0	263.0
Acquire-EHT_C1_60	747	25373	396.0	757.0	374.0	263.0
Acquire-EHT_C1_60	748	25405	396.0	757.0	374.0	264.0
Acquire-EHT_C1_60	749	25436	396.0	757.0	374.0	264.0
Acquire-EHT_C1_60	750	25467	396.0	757.0	374.0	263.0
Acquire-EHT_C1_60	751	25498	396.0	757.0	374.0	264.0
Acquire-EHT_C1_60	752	25545	396.0	757.0	374.0	263.0
Acquire-EHT_C1_60	753	25576	396.0	758.0	374.0	263.0
Acquire-EHT_C1_60	754	25608	396.0	758.0	374.0	262.0
Acquire-EHT_C1_60	755	25639	396.0	759.0	374.0	262.0
Acquire-EHT_C1_60	756	25670	396.0	759.0	374.0	261.0
Acquire-EHT_C1_60	757	25701	396.0	759.0	374.0	261.0
Acquire-EHT_C1_60	758	25733	396.0	759.0	374.0	261.0
Acquire-EHT_C1_60	759	25764	396.0	759.0	374.0	260.0
Acquire-EHT_C1_60	760	25811	396.0	759.0	374.0	261.0
Acquire-EHT_C1_60	761	25842	396.0	759.0	374.0	262.0
Acquire-EHT_C1_60	762	25873	396.0	758.0	374.0	263.0
Acquire-EHT_C1_60	763	25904	396.0	758.0	374.0	263.0
Acquire-EHT_C1_60	764	25936	396.0	757.0	374.0	263.0
Acquire-EHT_C1_60	765	25967	396.0	757.0	374.0	263.0
Acquire-EHT_C1_60	766	25998	396.0	757.0	374.0	264.0
Acquire-EHT_C1_60	767	26045	396.0	757.0	374.0	264.0
Acquire-EHT_C1_60	768	26076	396.0	757.0	374.0	263.0
Acquire-EHT_C1_60	769	26108	396.0	758.0	374.0	263.0
Acquire-EHT_C1_60	770	26139	396.0	758.0	374.0	263.0
Acquire-EHT_C1_60	771	26170	396.0	758.0	374.0	262.0
Acquire-EHT_C1_60	772	26201	396.0	759.0	374.0	262.0
Acquire-EHT_C1_60	773	26233	396.0	759.0	374.0	261.0
Acquire-EHT_C1_60	774	26264	396.0	759.0	374.0	261.0
Acquire-EHT_C1_60	775	26311	396.0	759.0	374.0	261.0
Acquire-EHT_C1_60	776	26342	396.0	759.0	374.0	261.0
Acquire-EHT_C1_60	777	26373	396.0	759.0	374.0	261.0
Acquire-EHT_C1_60	778	26404	396.0	759.0	374.0	261.0
Acquire-EHT_C1_60	779	26436	396.0	758.0	374.0	263.0
Acquire-EHT_C1_60	780	26467	396.0	758.0	374.0	263.0
Acquire-EHT_C1_60	781	26498	396.0	757.0	374.0	263.0
Acquire-EHT_C1_60	782	26545	396.0	757.0	374.0	264.0
Acquire-EHT_C1_60	783	26576	396.0	757.0	374.0	264.0
Acquire-EHT_C1_60	784	26608	396.0	757.0	374.0	264.0
Acquire-EHT_C1_60	785	26639	396.0	757.0	374.0	263.0
Acquire-EHT_C1_60	786	26670	396.0	757.0	374.0	263.0
Acquire-EHT_C1_60	787	26701	396.0	758.0	374.0	263.0
Acquire-EHT_C1_60	788	26733	396.0	758.0	374.0	262.0
Acquire-EHT_C1_60	789	26764	396.0	759.0	374.0	262.0
Acquire-EHT_C1_60	790	26811	396.0	759.0	374.0	261.0
Acquire-EHT_C1_60	791	26842	396.0	759.0	374.0	261.0
Acquire-EHT_C1_60	792	26873	396.0	759.0	374.0	261.0
Acquire-EHT_C1_60	793	26904	396.0	759.0	374.0	261.0
Acquire-EHT_C1_60	794	26936	396.0	759.0	374.0	260.0
Acquire-EHT_C1_60	795	26967	396.0	758.0	374.0	262.0
Acquire-EHT_C1_60	796	26998	396.0	758.0	374.0	263.0
Acquire-EHT_C1_60	797	27045	396.0	758.0	374.0	263.0
Acquire-EHT_C1_60	798	27076	396.0	757.0	374.0	263.0
Acquire-EHT_C1_60	799	27108	396.0	757.0	374.0	264.0
Acquire-EHT_C1_60	800	27139	396.0	757.0	374.0	264.0
Acquire-EHT_C1_60	801	27170	396.0	757.0	374.0	264.0
Acquire-EHT_C1_60	802	27201	396.0	757.0	374.0	263.0
Acquire-EHT_C1_60	803	27233	396.0	758.0	374.0	263.0
Acquire-EHT_C1_60	804	27264	396.0	758.0	374.0	263.0
Acquire-EHT_C1_60	805	27311	396.0	758.0	374.0	262.0
Acquire-EHT_C1_60	806	27342	396.0	759.0	374.0	261.0
Acquire-EHT_C1_60	807	27373	396.0	759.0	374.0	261.0
Acquire-EHT_C1_60	808	27404	396.0	759.0	374.0	261.0
Acquire-EHT_C1_60	809	27436	396.0	759.0	374.0	261.0
Acquire-EHT_C1_60	810	27467	396.0	759.0	374.0	261.0
Acquire-EHT_C1_60	811	27498	396.0	759.0	374.0	260.0
Acquire-EHT_C1_60	812	27545	396.0	758.0	374.0	262.0
Acquire-EHT_C1_60	813	27576	396.0	758.0	374.0	263.0
Acquire-EHT_C1_60	814	27607	396.0	757.0	374.0	263.0
Acquire-EHT_C1_60	815	27639	396.0	757.0	374.0	263.0
Acquire-EHT_C1_60	816	27670	396.0	757.0	374.0	264.0
Acquire-EHT_C1_60	817	27701	396.0	756.0	374.0	264.0
Acquire-EHT_C1_60	818	27733	396.0	757.0	374.0	264.0
Acquire-EHT_C1_60	819	27764	396.0	757.0	374.0	263.0
Acquire-EHT_C1_60	820	27811	396.0	758.0	374.0	263.0
Acquire-EHT_C1_60	821	27842	396.0	758.0	374.0	263.0
Acquire-EHT_C1_60	822	27873	396.0	758.0	374.0	262.0
Acquire-EHT_C1_60	823	27904	396.0	759.0	374.0	262.0
Acquire-EHT_C1_60	824	27936	396.0	759.0	374.0	261.0
Acquire-EHT_C1_60	825	27967	396.0	759.0	374.0	261.0
Acquire-EHT_C1_60	826	27998	396.0	759.0	374.0	260.0
Acquire-EHT_C1_60	827	28045	396.0	759.0	374.0	260.0
Acquire-EHT_C1_60	828	28076	396.0	759.0	374.0	261.0
Acquire-EHT_C1_60	829	28107	396.0	758.0	374.0	262.0
Acquire-EHT_C1_60	830	28139	396.0	758.0	374.0	263.0
Acquire-EHT_C1_60	831	28170	396.0	757.0	374.0	263.0
Acquire-EHT_C1_60	832	28201	396.0	757.0	374.0	264.0
Acquire-EHT_C1_60	833	28232	396.0	757.0	374.0	264.0
Acquire-EHT_C1_60	834	28264	396.0	757.0	374.0	264.0
Acquire-EHT_C1_60	835	28311	396.0	757.0	374.0	263.0
Acquire-EHT_C1_60	836	28342	396.0	758.0	374.0	263.0
Acquire-EHT_C1_60	837	28373	396.0	758.0	374.0	263.0
Acquire-EHT_C1_60	838	28404	396.0	758.0	374.0	262.0
Acquire-EHT_C1_60	839	28436	396.0	759.0	374.0	262.0
Acquire-EHT_C1_60	840	28467	396.0	759.0	374.0	261.0
Acquire-EHT_C1_60	841	28498	396.0	759.0	374.0	261.0
Acquire-EHT_C1_60	842	28545	396.0	759.0	374.0	261.0
Acquire-EHT_C1_60	843	28576	396.0	759.0	374.0	261.0
Acquire-EHT_C1_60	844	28607	396.0	759.0	374.0	261.0
Acquire-EHT_C1_60	845	28639	396.0	758.0	374.0	262.0
Acquire-EHT_C1_60	846	28670	396.0	758.0	374.0	263.0
Acquire-EHT_C1_60	847	28701	396.0	757.0	374.0	263.0
Acquire-EHT_C1_60	848	28732	396.0	757.0	374.0	263.0
Acquire-EHT_C1_60	849	28779	396.0	757.0	374.0	264.0
Acquire-EHT_C1_60	850	28811	396.0	757.0	374.0	263.0
Acquire-EHT_C1_60	851	28842	396.0	757.0	374.0	263.0
Acquire-EHT_C1_60	852	28873	396.0	757.0	374.0	263.0
Acquire-EHT_C1_60	853	28904	396.0	758.0	374.0	263.0
Acquire-EHT_C1_60	854	28936	396.0	758.0	374.0	262.0
Acquire-EHT_C1_60	855	28967	396.0	759.0	374.0	262.0
Acquire-EHT_C1_60	856	28998	396.0	759.0	374.0	261.0
Acquire-EHT_C1_60	857	29045	396.0	759.0	374.0	261.0
Acquire-EHT_C1_60	858	29076	396.0	759.0	374.0	261.0
Acquire-EHT_C1_60	859	29107	396.0	759.0	374.0	260.0
Acquire-EHT_C1_60	860	29139	396.0	759.0	374.0	261.0
Acquire-EHT_C1_60	861	29170	396.0	758.0	374.0	262.0
Acquire-EHT_C1_60	862	29201	396.0	758.0	374.0	263.0
Acquire-EHT_C1_60	863	29232	396.0	758.0	374.0	263.0
Acquire-EHT_C1_60	864	29279	396.0	757.0	374.0	263.0
Acquire-EHT_C1_60	865	29311	396.0	757.0	374.0	263.0
Acquire-EHT_C1_60	866	29342	396.0	757.0	374.0	264.0
Acquire-EHT_C1_60	867	29373	396.0	757.0	374.0	264.0
Acquire-EHT_C1_60	868	29404	396.0	757.0	374.0	263.0
Acquire-EHT_C1_60	869	29435	396.0	758.0	374.0	263.0
Acquire-EHT_C1_60	870	29467	396.0	758.0	374.0	263.0
Acquire-EHT_C1_60	871	29498	396.0	759.0	374.0	262.0
Acquire-EHT_C1_60	872	29545	396.0	759.0	374.0	261.0
Acquire-EHT_C1_60	873	29576	396.0	759.0	374.0	260.0
Acquire-EHT_C1_60	874	29607	396.0	759.0	374.0	261.0
Acquire-EHT_C1_60	875	29639	396.0	759.0	374.0	260.0
Acquire-EHT_C1_60	876	29670	396.0	759.0	374.0	261.0
Acquire-EHT_C1_60	877	29701	396.0	759.0	374.0	261.0
Acquire-EHT_C1_60	878	29732	396.0	758.0	374.0	262.0
Acquire-EHT_C1_60	879	29779	396.0	758.0	374.0	263.0
Acquire-EHT_C1_60	880	29810	396.0	757.0	374.0	263.0
Acquire-EHT_C1_60	881	29842	396.0	757.0	374.0	263.0
Acquire-EHT_C1_60	882	29873	396.0	757.0	374.0	264.0
Acquire-EHT_C1_60	883	29904	396.0	756.0	374.0	263.0
Acquire-EHT_C1_60	884	29935	396.0	757.0	374.0	263.0
Acquire-EHT_C1_60	885	29967	396.0	757.0	374.0	263.0
Acquire-EHT_C1_60	886	29998	396.0	758.0	374.0	263.0
Acquire-EHT_C1_60	887	30045	0	0	0	0
Acquire-EHT_A3_60_1	0	0	276.0	667.0	256.0	238.0
Acquire-EHT_A3_60_1	1	16	276.0	667.0	256.0	238.0
Acquire-EHT_A3_60_1	2	47	276.0	667.0	256.0	238.0
Acquire-EHT_A3_60_1	3	78	276.0	667.0	256.0	239.0
Acquire-EHT_A3_60_1	4	109	275.0	665.0	256.0	240.0
Acquire-EHT_A3_60_1	5	141	276.0	664.0	256.0	242.0
Acquire-EHT_A3_60_1	6	172	276.0	663.0	256.0	243.0
Acquire-EHT_A3_60_1	7	219	276.0	663.0	256.0	243.0
Acquire-EHT_A3_60_1	8	250	276.0	663.0	256.0	243.0
Acquire-EHT_A3_60_1	9	281	276.0	663.0	256.0	244.0
Acquire-EHT_A3_60_1	10	312	276.0	663.0	256.0	243.0
Acquire-EHT_A3_60_1	11	344	276.0	664.0	256.0	242.0
Acquire-EHT_A3_60_1	12	375	275.0	665.0	256.0	241.0
Acquire-EHT_A3_60_1	13	406	276.0	666.0	256.0	239.0
Acquire-EHT_A3_60_1	14	437	276.0	667.0	256.0	239.0
Acquire-EHT_A3_60_1	15	484	276.0	667.0	256.0	238.0
Acquire-EHT_A3_60_1	16	516	276.0	667.0	256.0	238.0
Acquire-EHT_A3_60_1	17	547	276.0	667.0	256.0	238.0
Acquire-EHT_A3_60_1	18	578	276.0	667.0	256.0	238.0
Acquire-EHT_A3_60_1	19	609	276.0	667.0	256.0	238.0
Acquire-EHT_A3_60_1	20	641	276.0	667.0	256.0	238.0
Acquire-EHT_A3_60_1	21	672	276.0	667.0	256.0	238.0
Acquire-EHT_A3_60_1	22	719	276.0	667.0	256.0	238.0
Acquire-EHT_A3_60_1	23	750	276.0	667.0	256.0	238.0
Acquire-EHT_A3_60_1	24	781	276.0	666.0	256.0	239.0
Acquire-EHT_A3_60_1	25	812	275.0	665.0	256.0	241.0
Acquire-EHT_A3_60_1	26	844	276.0	664.0	256.0	242.0
Acquire-EHT_A3_60_1	27	875	277.0	663.0	256.0	243.0
Acquire-EHT_A3_60_1	28	906	276.0	663.0	256.0	243.0
Acquire-EHT_A3_60_1	29	937	276.0	663.0	256.0	243.0
Acquire-EHT_A3_60_1	30	984	276.0	663.0	256.0	243.0
Acquire-EHT_A3_60_1	31	1016	276.0	663.0	256.0	242.0
Acquire-EHT_A3_60_1	32	1047	276.0	664.0	256.0	241.0
Acquire-EHT_A3_60_1	33	1078	276.0	665.0	256.0	240.0
Acquire-EHT_A3_60_1	34	1109	276.0	667.0	256.0	239.0
Acquire-EHT_A3_60_1	35	1141	276.0	667.0	256.0	238.0
Acquire-EHT_A3_60_1	36	1375	276.0	667.0	256.0	238.0
Acquire-EHT_A3_60_1	37	1406	276.0	667.0	256.0	238.0
Acquire-EHT_A3_60_1	38	1437	276.0	666.0	256.0	239.0
Acquire-EHT_A3_60_1	39	1484	276.0	665.0	256.0	241.0
Acquire-EHT_A3_60_1	40	1516	276.0	664.0	256.0	242.0
Acquire-EHT_A3_60_1	41	1547	277.0	663.0	256.0	243.0
Acquire-EHT_A3_60_1	42	1578	276.0	663.0	256.0	244.0
Acquire-EHT_A3_60_1	43	1609	276.0	662.0	256.0	243.0
Acquire-EHT_A3_60_1	44	1641	276.0	663.0	256.0	243.0
Acquire-EHT_A3_60_1	45	1672	276.0	663.0	256.0	243.0
Acquire-EHT_A3_60_1	46	1719	277.0	664.0	256.0	242.0
Acquire-EHT_A3_60_1	47	1750	276.0	665.0	256.0	241.0
Acquire-EHT_A3_60_1	48	1781	276.0	665.0	256.0	239.0
Acquire-EHT_A3_60_1	49	1812	276.0	667.0	256.0	239.0
Acquire-EHT_A3_60_1	50	1844	276.0	667.0	256.0	238.0
Acquire-EHT_A3_60_1	51	1875	276.0	667.0	256.0	238.0
Acquire-EHT_A3_60_1	52	1906	276.0	667.0	256.0	238.0
Acquire-EHT_A3_60_1	53	1937	276.0	667.0	256.0	238.0
Acquire-EHT_A3_60_1	54	1984	276.0	667.0	256.0	238.0
Acquire-EHT_A3_60_1	55	2015	276.0	667.0	256.0	238.0
Acquire-EHT_A3_60_1	56	2047	276.0	667.0	256.0	238.0
Acquire-EHT_A3_60_1	57	2078	276.0	667.0	256.0	238.0
Acquire-EHT_A3_60_1	58	2109	276.0	667.0	256.0	239.0
Acquire-EHT_A3_60_1	59	2140	276.0	665.0	256.0	240.0
Acquire-EHT_A3_60_1	60	2172	276.0	664.0	256.0	241.0
Acquire-EHT_A3_60_1	61	2219	276.0	663.0	256.0	242.0
Acquire-EHT_A3_60_1	62	2250	276.0	663.0	256.0	243.0
Acquire-EHT_A3_60_1	63	2281	276.0	663.0	256.0	243.0
Acquire-EHT_A3_60_1	64	2312	276.0	662.0	256.0	243.0
Acquire-EHT_A3_60_1	65	2344	276.0	663.0	256.0	243.0
Acquire-EHT_A3_60_1	66	2375	276.0	664.0	256.0	242.0
Acquire-EHT_A3_60_1	67	2406	277.0	664.0	256.0	241.0
Acquire-EHT_A3_60_1	68	2437	276.0	667.0	256.0	240.0
Acquire-EHT_A3_60_1	69	2484	276.0	666.0	256.0	239.0
Acquire-EHT_A3_60_1	70	2515	276.0	667.0	256.0	238.0
Acquire-EHT_A3_60_1	71	2547	276.0	667.0	256.0	238.0
Acquire-EHT_A3_60_1	72	2578	276.0	667.0	256.0	238.0
Acquire-EHT_A3_60_1	73	2609	276.0	667.0	256.0	238.0
Acquire-EHT_A3_60_1	74	2640	276.0	667.0	256.0	238.0
Acquire-EHT_A3_60_1	75	2672	276.0	667.0	256.0	238.0
Acquire-EHT_A3_60_1	76	2719	276.0	667.0	256.0	238.0
Acquire-EHT_A3_60_1	77	2750	276.0	667.0	256.0	238.0
Acquire-EHT_A3_60_1	78	2781	276.0	667.0	256.0	238.0
Acquire-EHT_A3_60_1	79	2812	276.0	667.0	256.0	239.0
Acquire-EHT_A3_60_1	80	2844	276.0	666.0	256.0	240.0
Acquire-EHT_A3_60_1	81	2875	276.0	664.0	256.0	241.0
Acquire-EHT_A3_60_1	82	2906	276.0	663.0	256.0	243.0
Acquire-EHT_A3_60_1	83	2937	276.0	662.0	256.0	243.0
Acquire-EHT_A3_60_1	84	2984	276.0	662.0	256.0	243.0
Acquire-EHT_A3_60_1	85	3015	276.0	662.0	256.0	243.0
Acquire-EHT_A3_60_1	86	3047	276.0	663.0	256.0	243.0
Acquire-EHT_A3_60_1	87	3078	276.0	664.0	256.0	242.0
Acquire-EHT_A3_60_1	88	3109	276.0	665.0	256.0	241.0
Acquire-EHT_A3_60_1	89	3140	276.0	666.0	256.0	240.0
Acquire-EHT_A3_60_1	90	3172	276.0	667.0	256.0	239.0
Acquire-EHT_A3_60_1	91	3219	276.0	667.0	256.0	238.0
Acquire-EHT_A3_60_1	92	3250	276.0	667.0	256.0	238.0
Acquire-EHT_A3_60_1	93	3281	276.0	667.0	256.0	238.0
Acquire-EHT_A3_60_1	94	3312	276.0	667.0	256.0	238.0
Acquire-EHT_A3_60_1	95	3344	276.0	667.0	256.0	238.0
Acquire-EHT_A3_60_1	96	3375	276.0	667.0	256.0	238.0
Acquire-EHT_A3_60_1	97	3406	276.0	667.0	256.0	238.0
Acquire-EHT_A3_60_1	98	3437	276.0	667.0	256.0	238.0
Acquire-EHT_A3_60_1	99	3484	276.0	667.0	256.0	238.0
Acquire-EHT_A3_60_1	100	3515	276.0	666.0	256.0	240.0
Acquire-EHT_A3_60_1	101	3547	276.0	664.0	256.0	241.0
Acquire-EHT_A3_60_1	102	3578	276.0	663.0	256.0	242.0
Acquire-EHT_A3_60_1	103	3609	276.0	663.0	256.0	243.0
Acquire-EHT_A3_60_1	104	3640	277.0	663.0	256.0	243.0
Acquire-EHT_A3_60_1	105	3672	276.0	663.0	256.0	243.0
Acquire-EHT_A3_60_1	106	3719	276.0	663.0	256.0	243.0
Acquire-EHT_A3_60_1	107	3750	276.0	663.0	256.0	242.0
Acquire-EHT_A3_60_1	108	3781	276.0	664.0	256.0	241.0
Acquire-EHT_A3_60_1	109	3812	276.0	665.0	256.0	240.0
Acquire-EHT_A3_60_1	110	3843	276.0	666.0	256.0	239.0
Acquire-EHT_A3_60_1	111	3875	276.0	667.0	256.0	238.0
Acquire-EHT_A3_60_1	112	3906	276.0	667.0	256.0	238.0
Acquire-EHT_A3_60_1	113	3953	276.0	667.0	256.0	238.0
Acquire-EHT_A3_60_1	114	3984	276.0	667.0	256.0	238.0
Acquire-EHT_A3_60_1	115	4015	276.0	667.0	256.0	238.0
Acquire-EHT_A3_60_1	116	4047	276.0	667.0	256.0	238.0
Acquire-EHT_A3_60_1	117	4078	276.0	667.0	256.0	238.0
Acquire-EHT_A3_60_1	118	4109	276.0	667.0	256.0	238.0
Acquire-EHT_A3_60_1	119	4140	276.0	667.0	256.0	238.0
Acquire-EHT_A3_60_1	120	4172	276.0	667.0	256.0	239.0
Acquire-EHT_A3_60_1	121	4218	275.0	665.0	256.0	240.0
Acquire-EHT_A3_60_1	122	4250	276.0	664.0	256.0	242.0
Acquire-EHT_A3_60_1	123	4281	276.0	663.0	256.0	242.0
Acquire-EHT_A3_60_1	124	4312	276.0	663.0	256.0	243.0
Acquire-EHT_A3_60_1	125	4343	276.0	663.0	256.0	243.0
Acquire-EHT_A3_60_1	126	4375	276.0	663.0	256.0	243.0
Acquire-EHT_A3_60_1	127	4406	276.0	663.0	256.0	243.0
Acquire-EHT_A3_60_1	128	4437	276.0	663.0	256.0	242.0
Acquire-EHT_A3_60_1	129	4484	276.0	664.0	256.0	241.0
Acquire-EHT_A3_60_1	130	4515	276.0	666.0	256.0	240.0
Acquire-EHT_A3_60_1	131	4547	276.0	667.0	256.0	239.0
Acquire-EHT_A3_60_1	132	4578	276.0	667.0	256.0	238.0
Acquire-EHT_A3_60_1	133	4609	276.0	667.0	256.0	238.0
Acquire-EHT_A3_60_1	134	4640	276.0	667.0	256.0	238.0
Acquire-EHT_A3_60_1	135	4672	276.0	667.0	256.0	238.0
Acquire-EHT_A3_60_1	136	4718	276.0	667.0	256.0	238.0
Acquire-EHT_A3_60_1	137	4750	276.0	667.0	256.0	238.0
Acquire-EHT_A3_60_1	138	4781	276.0	667.0	256.0	238.0
Acquire-EHT_A3_60_1	139	4812	276.0	667.0	256.0	238.0
Acquire-EHT_A3_60_1	140	4843	276.0	667.0	256.0	238.0
Acquire-EHT_A3_60_1	141	4875	276.0	667.0	256.0	239.0
Acquire-EHT_A3_60_1	142	4906	276.0	665.0	256.0	241.0
Acquire-EHT_A3_60_1	143	4937	275.0	664.0	256.0	242.0
Acquire-EHT_A3_60_1	144	4984	276.0	663.0	256.0	243.0
Acquire-EHT_A3_60_1	145	5015	276.0	663.0	256.0	243.0
Acquire-EHT_A3_60_1	146	5047	275.0	663.0	256.0	244.0
Acquire-EHT_A3_60_1	147	5078	276.0	663.0	256.0	243.0
Acquire-EHT_A3_60_1	148	5109	276.0	663.0	256.0	243.0
Acquire-EHT_A3_60_1	149	5140	276.0	664.0	256.0	242.0
Acquire-EHT_A3_60_1	150	5172	276.0	665.0	256.0	241.0
Acquire-EHT_A3_60_1	151	5218	276.0	666.0	256.0	239.0
Acquire-EHT_A3_60_1	152	5250	276.0	667.0	256.0	239.0
Acquire-EHT_A3_60_1	153	5281	276.0	667.0	256.0	238.0
Acquire-EHT_A3_60_1	154	5312	276.0	667.0	256.0	238.0
Acquire-EHT_A3_60_1	155	5343	276.0	667.0	256.0	238.0
Acquire-EHT_A3_60_1	156	5375	276.0	667.0	256.0	238.0
Acquire-EHT_A3_60_1	157	5406	276.0	667.0	256.0	238.0
Acquire-EHT_A3_60_1	158	5437	276.0	667.0	256.0	238.0
Acquire-EHT_A3_60_1	159	5484	276.0	667.0	256.0	238.0
Acquire-EHT_A3_60_1	160	5515	276.0	667.0	256.0	238.0
Acquire-EHT_A3_60_1	161	5547	276.0	667.0	256.0	238.0
Acquire-EHT_A3_60_1	162	5578	276.0	667.0	256.0	239.0
Acquire-EHT_A3_60_1	163	5609	276.0	665.0	256.0	240.0
Acquire-EHT_A3_60_1	164	5640	276.0	664.0	256.0	242.0
Acquire-EHT_A3_60_1	165	5671	277.0	663.0	256.0	243.0
Acquire-EHT_A3_60_1	166	5718	276.0	663.0	256.0	243.0
Acquire-EHT_A3_60_1	167	5750	276.0	663.0	256.0	244.0
Acquire-EHT_A3_60_1	168	5781	276.0	663.0	256.0	243.0
Acquire-EHT_A3_60_1	169	5812	275.0	663.0	256.0	243.0
Acquire-EHT_A3_60_1	170	5843	276.0	663.0	256.0	242.0
Acquire-EHT_A3_60_1	171	5875	276.0	665.0	256.0	240.0
Acquire-EHT_A3_60_1	172	5906	276.0	666.0	256.0	240.0
Acquire-EHT_A3_60_1	173	5937	276.0	667.0	256.0	239.0
Acquire-EHT_A3_60_1	174	5984	276.0	667.0	256.0	238.0
Acquire-EHT_A3_60_1	175	6015	276.0	667.0	256.0	238.0
Acquire-EHT_A3_60_1	176	6046	276.0	667.0	256.0	238.0
Acquire-EHT_A3_60_1	177	6078	276.0	667.0	256.0	238.0
Acquire-EHT_A3_60_1	178	6109	276.0	667.0	256.0	238.0
Acquire-EHT_A3_60_1	179	6140	276.0	667.0	256.0	238.0
Acquire-EHT_A3_60_1	180	6171	276.0	667.0	256.0	238.0
Acquire-EHT_A3_60_1	181	6218	276.0	667.0	256.0	238.0
Acquire-EHT_A3_60_1	182	6250	276.0	666.0	256.0	238.0
Acquire-EHT_A3_60_1	183	6281	277.0	665.0	256.0	240.0
Acquire-EHT_A3_60_1	184	6312	276.0	664.0	256.0	241.0
Acquire-EHT_A3_60_1	185	6343	276.0	663.0	256.0	242.0
Acquire-EHT_A3_60_1	186	6375	276.0	663.0	256.0	243.0
Acquire-EHT_A3_60_1	187	6406	276.0	663.0	256.0	243.0
Acquire-EHT_A3_60_1	188	6437	276.0	662.0	256.0	243.0
Acquire-EHT_A3_60_1	189	6484	276.0	663.0	256.0	243.0
Acquire-EHT_A3_60_1	190	6515	276.0	663.0	256.0	242.0
Acquire-EHT_A3_60_1	191	6546	276.0	665.0	256.0	241.0
Acquire-EHT_A3_60_1	192	6578	276.0	666.0	256.0	240.0
Acquire-EHT_A3_60_1	193	6609	276.0	666.0	256.0	239.0
Acquire-EHT_A3_60_1	194	6640	276.0	667.0	256.0	239.0
Acquire-EHT_A3_60_1	195	6671	276.0	667.0	256.0	238.0
Acquire-EHT_A3_60_1	196	6718	276.0	667.0	256.0	238.0
Acquire-EHT_A3_60_1	197	6750	276.0	667.0	256.0	238.0
Acquire-EHT_A3_60_1	198	6781	276.0	667.0	256.0	238.0
Acquire-EHT_A3_60_1	199	6812	276.0	667.0	256.0	238.0
Acquire-EHT_A3_60_1	200	6843	276.0	667.0	256.0	238.0
Acquire-EHT_A3_60_1	201	6875	276.0	667.0	256.0	238.0
Acquire-EHT_A3_60_1	202	6906	276.0	667.0	256.0	238.0
Acquire-EHT_A3_60_1	203	6953	276.0	667.0	256.0	239.0
Acquire-EHT_A3_60_1	204	6984	275.0	665.0	256.0	240.0
Acquire-EHT_A3_60_1	205	7015	275.0	664.0	256.0	242.0
Acquire-EHT_A3_60_1	206	7046	276.0	664.0	256.0	243.0
Acquire-EHT_A3_60_1	207	7078	276.0	663.0	256.0	243.0
Acquire-EHT_A3_60_1	208	7109	276.0	663.0	256.0	243.0
Acquire-EHT_A3_60_1	209	7140	276.0	663.0	256.0	243.0
Acquire-EHT_A3_60_1	210	7171	276.0	663.0	256.0	243.0
Acquire-EHT_A3_60_1	211	7218	276.0	663.0	256.0	242.0
Acquire-EHT_A3_60_1	212	7250	276.0	665.0	256.0	240.0
Acquire-EHT_A3_60_1	213	7281	276.0	666.0	256.0	239.0
Acquire-EHT_A3_60_1	214	7312	276.0	667.0	256.0	239.0
Acquire-EHT_A3_60_1	215	7343	276.0	667.0	256.0	238.0
Acquire-EHT_A3_60_1	216	7406	276.0	667.0	256.0	238.0
Acquire-EHT_A3_60_1	217	7453	276.0	667.0	256.0	238.0
Acquire-EHT_A3_60_1	218	7484	276.0	667.0	256.0	238.0
Acquire-EHT_A3_60_1	219	7515	276.0	667.0	256.0	238.0
Acquire-EHT_A3_60_1	220	7546	276.0	667.0	256.0	238.0
Acquire-EHT_A3_60_1	221	7578	276.0	667.0	256.0	238.0
Acquire-EHT_A3_60_1	222	7609	276.0	667.0	256.0	239.0
Acquire-EHT_A3_60_1	223	7640	276.0	666.0	256.0	240.0
Acquire-EHT_A3_60_1	224	7671	275.0	664.0	256.0	241.0
Acquire-EHT_A3_60_1	225	7718	276.0	663.0	256.0	242.0
Acquire-EHT_A3_60_1	226	7749	276.0	663.0	256.0	243.0
Acquire-EHT_A3_60_1	227	7781	276.0	663.0	256.0	243.0
Acquire-EHT_A3_60_1	228	7812	276.0	663.0	256.0	243.0
Acquire-EHT_A3_60_1	229	7843	276.0	663.0	256.0	243.0
Acquire-EHT_A3_60_1	230	7874	276.0	663.0	256.0	242.0
Acquire-EHT_A3_60_1	231	7906	276.0	664.0	256.0	241.0
Acquire-EHT_A3_60_1	232	7953	276.0	666.0	256.0	240.0
Acquire-EHT_A3_60_1	233	7984	276.0	667.0	256.0	239.0
Acquire-EHT_A3_60_1	234	8015	276.0	667.0	256.0	238.0
Acquire-EHT_A3_60_1	235	8046	276.0	667.0	256.0	238.0
Acquire-EHT_A3_60_1	236	8078	276.0	667.0	256.0	238.0
Acquire-EHT_A3_60_1	237	8109	276.0	667.0	256.0	238.0
Acquire-EHT_A3_60_1	238	8140	276.0	667.0	256.0	238.0
Acquire-EHT_A3_60_1	239	8171	276.0	667.0	256.0	238.0
Acquire-EHT_A3_60_1	240	8218	276.0	667.0	256.0	238.0
Acquire-EHT_A3_60_1	241	8249	276.0	667.0	256.0	238.0
Acquire-EHT_A3_60_1	242	8281	276.0	667.0	256.0	238.0
Acquire-EHT_A3_60_1	243	8312	276.0	667.0	256.0	239.0
Acquire-EHT_A3_60_1	244	8343	276.0	665.0	256.0	241.0
Acquire-EHT_A3_60_1	245	8374	276.0	664.0	256.0	242.0
Acquire-EHT_A3_60_1	246	8406	276.0	663.0	256.0	243.0
Acquire-EHT_A3_60_1	247	8453	276.0	663.0	256.0	243.0
Acquire-EHT_A3_60_1	248	8484	276.0	662.0	256.0	243.0
Acquire-EHT_A3_60_1	249	8515	276.0	662.0	256.0	243.0
Acquire-EHT_A3_60_1	250	8546	276.0	663.0	256.0	243.0
Acquire-EHT_A3_60_1	251	8578	276.0	664.0	256.0	241.0
Acquire-EHT_A3_60_1	252	8609	276.0	665.0	256.0	240.0
Acquire-EHT_A3_60_1	253	8640	276.0	666.0	256.0	239.0
Acquire-EHT_A3_60_1	254	8671	276.0	667.0	256.0	239.0
Acquire-EHT_A3_60_1	255	8718	276.0	667.0	256.0	238.0
Acquire-EHT_A3_60_1	256	8749	276.0	667.0	256.0	238.0
Acquire-EHT_A3_60_1	257	8781	276.0	667.0	256.0	238.0
Acquire-EHT_A3_60_1	258	8812	276.0	667.0	256.0	238.0
Acquire-EHT_A3_60_1	259	8843	276.0	667.0	256.0	238.0
Acquire-EHT_A3_60_1	260	8874	276.0	667.0	256.0	238.0
Acquire-EHT_A3_60_1	261	8906	276.0	667.0	256.0	238.0
Acquire-EHT_A3_60_1	262	8953	276.0	667.0	256.0	238.0
Acquire-EHT_A3_60_1	263	8984	276.0	667.0	256.0	239.0
Acquire-EHT_A3_60_1	264	9015	276.0	665.0	256.0	240.0
Acquire-EHT_A3_60_1	265	9046	275.0	664.0	256.0	242.0
Acquire-EHT_A3_60_1	266	9078	276.0	663.0	256.0	242.0
Acquire-EHT_A3_60_1	267	9109	276.0	663.0	256.0	243.0
Acquire-EHT_A3_60_1	268	9140	276.0	662.0	256.0	243.0
Acquire-EHT_A3_60_1	269	9171	276.0	663.0	256.0	243.0
Acquire-EHT_A3_60_1	270	9218	276.0	663.0	256.0	243.0
Acquire-EHT_A3_60_1	271	9249	276.0	663.0	256.0	242.0
Acquire-EHT_A3_60_1	272	9281	276.0	665.0	256.0	241.0
Acquire-EHT_A3_60_1	273	9312	276.0	665.0	256.0	240.0
Acquire-EHT_A3_60_1	274	9343	276.0	666.0	256.0	239.0
Acquire-EHT_A3_60_1	275	9374	276.0	667.0	256.0	238.0
Acquire-EHT_A3_60_1	276	9406	276.0	667.0	256.0	238.0
Acquire-EHT_A3_60_1	277	9452	276.0	667.0	256.0	238.0
Acquire-EHT_A3_60_1	278	9484	276.0	667.0	256.0	238.0
Acquire-EHT_A3_60_1	279	9515	276.0	667.0	256.0	238.0
Acquire-EHT_A3_60_1	280	9546	276.0	667.0	256.0	238.0
Acquire-EHT_A3_60_1	281	9577	276.0	667.0	256.0	238.0
Acquire-EHT_A3_60_1	282	9609	276.0	667.0	256.0	238.0
Acquire-EHT_A3_60_1	283	9640	276.0	667.0	256.0	239.0
Acquire-EHT_A3_60_1	284	9671	276.0	665.0	256.0	240.0
Acquire-EHT_A3_60_1	285	9718	276.0	664.0	256.0	242.0
Acquire-EHT_A3_60_1	286	9749	277.0	663.0	256.0	242.0
Acquire-EHT_A3_60_1	287	9781	276.0	663.0	256.0	243.0
Acquire-EHT_A3_60_1	288	9812	276.0	663.0	256.0	243.0
Acquire-EHT_A3_60_1	289	9843	276.0	663.0	256.0	243.0
Acquire-EHT_A3_60_1	290	9874	276.0	663.0	256.0	243.0
Acquire-EHT_A3_60_1	291	9906	276.0	663.0	256.0	242.0
Acquire-EHT_A3_60_1	292	9952	276.0	665.0	256.0	241.0
Acquire-EHT_A3_60_1	293	9984	276.0	666.0	256.0	239.0
Acquire-EHT_A3_60_1	294	10015	276.0	666.0	256.0	239.0
Acquire-EHT_A3_60_1	295	10046	276.0	666.0	256.0	238.0
Acquire-EHT_A3_60_1	296	10077	276.0	667.0	256.0	238.0
Acquire-EHT_A3_60_1	297	10109	276.0	667.0	256.0	238.0
Acquire-EHT_A3_60_1	298	10140	276.0	667.0	256.0	238.0
Acquire-EHT_A3_60_1	299	10171	276.0	667.0	256.0	238.0
Acquire-EHT_A3_60_1	300	10218	276.0	667.0	256.0	238.0
Acquire-EHT_A3_60_1	301	10249	276.0	667.0	256.0	238.0
Acquire-EHT_A3_60_1	302	10281	276.0	667.0	256.0	238.0
Acquire-EHT_A3_60_1	303	10312	276.0	667.0	256.0	239.0
Acquire-EHT_A3_60_1	304	10343	276.0	665.0	256.0	240.0
Acquire-EHT_A3_60_1	305	10374	275.0	664.0	256.0	241.0
Acquire-EHT_A3_60_1	306	10406	276.0	663.0	256.0	242.0
Acquire-EHT_A3_60_1	307	10452	276.0	663.0	256.0	243.0
Acquire-EHT_A3_60_1	308	10484	276.0	663.0	256.0	243.0
Acquire-EHT_A3_60_1	309	10515	276.0	662.0	256.0	243.0
Acquire-EHT_A3_60_1	310	10546	277.0	663.0	256.0	243.0
Acquire-EHT_A3_60_1	311	10577	276.0	664.0	256.0	242.0
Acquire-EHT_A3_60_1	312	10609	276.0	664.0	256.0	241.0
Acquire-EHT_A3_60_1	313	10640	276.0	666.0	256.0	240.0
Acquire-EHT_A3_60_1	314	10671	276.0	667.0	256.0	239.0
Acquire-EHT_A3_60_1	315	10718	276.0	667.0	256.0	238.0
Acquire-EHT_A3_60_1	316	10749	276.0	667.0	256.0	238.0
Acquire-EHT_A3_60_1	317	10781	276.0	667.0	256.0	238.0
Acquire-EHT_A3_60_1	318	10812	276.0	667.0	256.0	238.0
Acquire-EHT_A3_60_1	319	10843	276.0	667.0	256.0	238.0
Acquire-EHT_A3_60_1	320	10874	276.0	667.0	256.0	238.0
Acquire-EHT_A3_60_1	321	10906	276.0	667.0	256.0	238.0
Acquire-EHT_A3_60_1	322	10952	276.0	667.0	256.0	238.0
Acquire-EHT_A3_60_1	323	10984	276.0	667.0	256.0	239.0
Acquire-EHT_A3_60_1	324	11015	276.0	665.0	256.0	240.0
Acquire-EHT_A3_60_1	325	11046	276.0	664.0	256.0	241.0
Acquire-EHT_A3_60_1	326	11077	276.0	664.0	256.0	243.0
Acquire-EHT_A3_60_1	327	11109	276.0	663.0	256.0	243.0
Acquire-EHT_A3_60_1	328	11140	276.0	663.0	256.0	243.0
Acquire-EHT_A3_60_1	329	11171	276.0	662.0	256.0	243.0
Acquire-EHT_A3_60_1	330	11218	276.0	667.0	256.0	238.0
Acquire-EHT_A3_60_1	331	11484	276.0	667.0	256.0	238.0
Acquire-EHT_A3_60_1	332	11515	276.0	667.0	256.0	238.0
Acquire-EHT_A3_60_1	333	11546	276.0	667.0	256.0	238.0
Acquire-EHT_A3_60_1	334	11577	276.0	667.0	256.0	238.0
Acquire-EHT_A3_60_1	335	11609	276.0	667.0	256.0	238.0
Acquire-EHT_A3_60_1	336	11640	276.0	667.0	256.0	238.0
Acquire-EHT_A3_60_1	337	11671	276.0	666.0	256.0	240.0
Acquire-EHT_A3_60_1	338	11718	276.0	664.0	256.0	241.0
Acquire-EHT_A3_60_1	339	11749	276.0	663.0	256.0	243.0
Acquire-EHT_A3_60_1	340	11780	276.0	663.0	256.0	243.0
Acquire-EHT_A3_60_1	341	11812	276.0	662.0	256.0	243.0
Acquire-EHT_A3_60_1	342	11843	276.0	663.0	256.0	243.0
Acquire-EHT_A3_60_1	343	11874	276.0	663.0	256.0	243.0
Acquire-EHT_A3_60_1	344	11905	276.0	663.0	256.0	242.0
Acquire-EHT_A3_60_1	345	11952	276.0	665.0	256.0	241.0
Acquire-EHT_A3_60_1	346	11984	276.0	666.0	256.0	240.0
Acquire-EHT_A3_60_1	347	12015	276.0	666.0	256.0	239.0
Acquire-EHT_A3_60_1	348	12046	276.0	666.0	256.0	239.0
Acquire-EHT_A3_60_1	349	12077	276.0	667.0	256.0	238.0
Acquire-EHT_A3_60_1	350	12109	276.0	667.0	256.0	238.0
Acquire-EHT_A3_60_1	351	12140	276.0	667.0	256.0	238.0
Acquire-EHT_A3_60_1	352	12171	276.0	667.0	256.0	238.0
Acquire-EHT_A3_60_1	353	12218	276.0	667.0	256.0	238.0
Acquire-EHT_A3_60_1	354	12249	276.0	667.0	256.0	238.0
Acquire-EHT_A3_60_1	355	12280	276.0	667.0	256.0	238.0
Acquire-EHT_A3_60_1	356	12312	276.0	667.0	256.0	238.0
Acquire-EHT_A3_60_1	357	12343	276.0	666.0	256.0	239.0
Acquire-EHT_A3_60_1	358	12374	276.0	664.0	256.0	241.0
Acquire-EHT_A3_60_1	359	12405	276.0	664.0	256.0	242.0
Acquire-EHT_A3_60_1	360	12452	276.0	663.0	256.0	243.0
Acquire-EHT_A3_60_1	361	12484	276.0	662.0	256.0	243.0
Acquire-EHT_A3_60_1	362	12515	276.0	663.0	256.0	243.0
Acquire-EHT_A3_60_1	363	12546	276.0	663.0	256.0	243.0
Acquire-EHT_A3_60_1	364	12577	276.0	663.0	256.0	242.0
Acquire-EHT_A3_60_1	365	12609	276.0	664.0	256.0	241.0
Acquire-EHT_A3_60_1	366	12640	276.0	665.0	256.0	240.0
Acquire-EHT_A3_60_1	367	12671	276.0	667.0	256.0	239.0
Acquire-EHT_A3_60_1	368	12718	276.0	667.0	256.0	238.0
Acquire-EHT_A3_60_1	369	12749	276.0	667.0	256.0	238.0
Acquire-EHT_A3_60_1	370	12780	276.0	667.0	256.0	238.0
Acquire-EHT_A3_60_1	371	12812	276.0	667.0	256.0	238.0
Acquire-EHT_A3_60_1	372	12843	276.0	667.0	256.0	238.0
Acquire-EHT_A3_60_1	373	12874	276.0	667.0	256.0	238.0
Acquire-EHT_A3_60_1	374	12905	276.0	667.0	256.0	238.0
Acquire-EHT_A3_60_1	375	12952	276.0	667.0	256.0	238.0
Acquire-EHT_A3_60_1	376	12983	276.0	667.0	256.0	238.0
Acquire-EHT_A3_60_1	377	13015	276.0	667.0	256.0	239.0
Acquire-EHT_A3_60_1	378	13046	276.0	665.0	256.0	241.0
Acquire-EHT_A3_60_1	379	13077	276.0	663.0	256.0	242.0
Acquire-EHT_A3_60_1	380	13108	276.0	663.0	256.0	243.0
Acquire-EHT_A3_60_1	381	13140	276.0	662.0	256.0	243.0
Acquire-EHT_A3_60_1	382	13171	276.0	663.0	256.0	243.0
Acquire-EHT_A3_60_1	383	13218	276.0	663.0	256.0	243.0
Acquire-EHT_A3_60_1	384	13249	276.0	663.0	256.0	243.0
Acquire-EHT_A3_60_1	385	13280	276.0	664.0	256.0	242.0
Acquire-EHT_A3_60_1	386	13312	276.0	666.0	256.0	240.0
Acquire-EHT_A3_60_1	387	13343	276.0	666.0	256.0	239.0
Acquire-EHT_A3_60_1	388	13374	276.0	667.0	256.0	239.0
Acquire-EHT_A3_60_1	389	13405	276.0	667.0	256.0	238.0
Acquire-EHT_A3_60_1	390	13452	276.0	667.0	256.0	238.0
Acquire-EHT_A3_60_1	391	13483	276.0	667.0	256.0	238.0
Acquire-EHT_A3_60_1	392	13515	276.0	667.0	256.0	238.0
Acquire-EHT_A3_60_1	393	13546	276.0	667.0	256.0	238.0
Acquire-EHT_A3_60_1	394	13577	276.0	667.0	256.0	238.0
Acquire-EHT_A3_60_1	395	13608	276.0	667.0	256.0	238.0
Acquire-EHT_A3_60_1	396	13640	276.0	667.0	256.0	238.0
Acquire-EHT_A3_60_1	397	13671	276.0	667.0	256.0	239.0
Acquire-EHT_A3_60_1	398	13718	276.0	666.0	256.0	240.0
Acquire-EHT_A3_60_1	399	13749	276.0	664.0	256.0	242.0
Acquire-EHT_A3_60_1	400	13780	276.0	664.0	256.0	243.0
Acquire-EHT_A3_60_1	401	13812	277.0	663.0	256.0	243.0
Acquire-EHT_A3_60_1	402	13843	275.0	662.0	256.0	243.0
Acquire-EHT_A3_60_1	403	13874	276.0	662.0	256.0	243.0
Acquire-EHT_A3_60_1	404	13905	277.0	663.0	256.0	243.0
Acquire-EHT_A3_60_1	405	13952	276.0	664.0	256.0	242.0
Acquire-EHT_A3_60_1	406	13983	276.0	664.0	256.0	241.0
Acquire-EHT_A3_60_1	407	14015	276.0	665.0	256.0	240.0
Acquire-EHT_A3_60_1	408	14046	276.0	667.0	256.0	239.0
Acquire-EHT_A3_60_1	409	14077	276.0	667.0	256.0	238.0
Acquire-EHT_A3_60_1	410	14108	276.0	667.0	256.0	238.0
Acquire-EHT_A3_60_1	411	14140	276.0	667.0	256.0	238.0
Acquire-EHT_A3_60_1	412	14171	276.0	667.0	256.0	238.0
Acquire-EHT_A3_60_1	413	14218	276.0	667.0	256.0	238.0
Acquire-EHT_A3_60_1	414	14249	276.0	667.0	256.0	238.0
Acquire-EHT_A3_60_1	415	14280	276.0	667.0	256.0	238.0
Acquire-EHT_A3_60_1	416	14312	276.0	667.0	256.0	238.0
Acquire-EHT_A3_60_1	417	14343	276.0	667.0	256.0	238.0
Acquire-EHT_A3_60_1	418	14374	276.0	667.0	256.0	239.0
Acquire-EHT_A3_60_1	419	14405	276.0	665.0	256.0	240.0
Acquire-EHT_A3_60_1	420	14452	277.0	664.0	256.0	242.0
Acquire-EHT_A3_60_1	421	14483	276.0	663.0	256.0	243.0
Acquire-EHT_A3_60_1	422	14515	276.0	663.0	256.0	243.0
Acquire-EHT_A3_60_1	423	14546	276.0	662.0	256.0	243.0
Acquire-EHT_A3_60_1	424	14577	277.0	663.0	256.0	243.0
Acquire-EHT_A3_60_1	425	14608	276.0	663.0	256.0	243.0
Acquire-EHT_A3_60_1	426	14640	276.0	663.0	256.0	242.0
Acquire-EHT_A3_60_1	427	14671	276.0	665.0	256.0	241.0
Acquire-EHT_A3_60_1	428	14718	276.0	666.0	256.0	239.0
Acquire-EHT_A3_60_1	429	14749	276.0	667.0	256.0	239.0
Acquire-EHT_A3_60_1	430	14780	276.0	667.0	256.0	238.0
Acquire-EHT_A3_60_1	431	14811	276.0	667.0	256.0	238.0
Acquire-EHT_A3_60_1	432	14843	276.0	667.0	256.0	238.0
Acquire-EHT_A3_60_1	433	14874	276.0	667.0	256.0	238.0
Acquire-EHT_A3_60_1	434	14905	276.0	667.0	256.0	238.0
Acquire-EHT_A3_60_1	435	14952	276.0	667.0	256.0	238.0
Acquire-EHT_A3_60_1	436	14983	276.0	667.0	256.0	238.0
Acquire-EHT_A3_60_1	437	15015	276.0	667.0	256.0	238.0
Acquire-EHT_A3_60_1	438	15046	276.0	667.0	256.0	238.0
Acquire-EHT_A3_60_1	439	15077	276.0	666.0	256.0	239.0
Acquire-EHT_A3_60_1	440	15108	276.0	664.0	256.0	241.0
Acquire-EHT_A3_60_1	441	15140	276.0	664.0	256.0	242.0
Acquire-EHT_A3_60_1	442	15171	276.0	663.0	256.0	243.0
Acquire-EHT_A3_60_1	443	15218	276.0	662.0	256.0	243.0
Acquire-EHT_A3_60_1	444	15249	276.0	663.0	256.0	243.0
Acquire-EHT_A3_60_1	445	15280	276.0	663.0	256.0	243.0
Acquire-EHT_A3_60_1	446	15311	276.0	663.0	256.0	242.0
Acquire-EHT_A3_60_1	447	15343	277.0	664.0	256.0	241.0
Acquire-EHT_A3_60_1	448	15374	276.0	665.0	256.0	240.0
Acquire-EHT_A3_60_1	449	15405	276.0	667.0	256.0	239.0
Acquire-EHT_A3_60_1	450	15452	276.0	667.0	256.0	239.0
Acquire-EHT_A3_60_1	451	15483	276.0	667.0	256.0	238.0
Acquire-EHT_A3_60_1	452	15515	276.0	667.0	256.0	238.0
Acquire-EHT_A3_60_1	453	15546	276.0	667.0	256.0	238.0
Acquire-EHT_A3_60_1	454	15577	276.0	667.0	256.0	238.0
Acquire-EHT_A3_60_1	455	15608	276.0	667.0	256.0	238.0
Acquire-EHT_A3_60_1	456	15640	276.0	667.0	256.0	238.0
Acquire-EHT_A3_60_1	457	15671	276.0	667.0	256.0	238.0
Acquire-EHT_A3_60_1	458	15718	276.0	667.0	256.0	238.0
Acquire-EHT_A3_60_1	459	15749	276.0	666.0	256.0	239.0
Acquire-EHT_A3_60_1	460	15780	276.0	665.0	256.0	241.0
Acquire-EHT_A3_60_1	461	15811	276.0	664.0	256.0	242.0
Acquire-EHT_A3_60_1	462	15843	276.0	663.0	256.0	243.0
Acquire-EHT_A3_60_1	463	15874	276.0	662.0	256.0	243.0
Acquire-EHT_A3_60_1	464	15905	276.0	662.0	256.0	244.0
Acquire-EHT_A3_60_1	465	15952	276.0	663.0	256.0	243.0
Acquire-EHT_A3_60_1	466	15983	276.0	663.0	256.0	242.0
Acquire-EHT_A3_60_1	467	16015	276.0	664.0	256.0	242.0
Acquire-EHT_A3_60_1	468	16046	276.0	665.0	256.0	240.0
Acquire-EHT_A3_60_1	469	16077	276.0	667.0	256.0	239.0
Acquire-EHT_A3_60_1	470	16108	276.0	667.0	256.0	239.0
Acquire-EHT_A3_60_1	471	16140	276.0	667.0	256.0	238.0
Acquire-EHT_A3_60_1	472	16171	276.0	667.0	256.0	238.0
Acquire-EHT_A3_60_1	473	16218	276.0	667.0	256.0	238.0
Acquire-EHT_A3_60_1	474	16249	276.0	667.0	256.0	238.0
Acquire-EHT_A3_60_1	475	16280	276.0	667.0	256.0	238.0
Acquire-EHT_A3_60_1	476	16311	276.0	667.0	256.0	238.0
Acquire-EHT_A3_60_1	477	16343	276.0	667.0	256.0	238.0
Acquire-EHT_A3_60_1	478	16374	276.0	667.0	256.0	238.0
Acquire-EHT_A3_60_1	479	16405	276.0	667.0	256.0	239.0
Acquire-EHT_A3_60_1	480	16452	276.0	666.0	256.0	240.0
Acquire-EHT_A3_60_1	481	16483	276.0	665.0	256.0	241.0
Acquire-EHT_A3_60_1	482	16514	276.0	663.0	256.0	242.0
Acquire-EHT_A3_60_1	483	16546	276.0	663.0	256.0	243.0
Acquire-EHT_A3_60_1	484	16577	276.0	663.0	256.0	243.0
Acquire-EHT_A3_60_1	485	16608	276.0	663.0	256.0	243.0
Acquire-EHT_A3_60_1	486	16639	276.0	663.0	256.0	243.0
Acquire-EHT_A3_60_1	487	16671	276.0	663.0	256.0	242.0
Acquire-EHT_A3_60_1	488	16718	276.0	665.0	256.0	241.0
Acquire-EHT_A3_60_1	489	16749	276.0	665.0	256.0	240.0
Acquire-EHT_A3_60_1	490	16780	276.0	666.0	256.0	239.0
Acquire-EHT_A3_60_1	491	16811	276.0	667.0	256.0	238.0
Acquire-EHT_A3_60_1	492	16843	276.0	667.0	256.0	238.0
Acquire-EHT_A3_60_1	493	16874	276.0	667.0	256.0	238.0
Acquire-EHT_A3_60_1	494	16905	276.0	667.0	256.0	238.0
Acquire-EHT_A3_60_1	495	16952	276.0	667.0	256.0	238.0
Acquire-EHT_A3_60_1	496	16983	276.0	667.0	256.0	238.0
Acquire-EHT_A3_60_1	497	17014	276.0	667.0	256.0	238.0
Acquire-EHT_A3_60_1	498	17046	276.0	667.0	256.0	238.0
Acquire-EHT_A3_60_1	499	17077	276.0	667.0	256.0	238.0
Acquire-EHT_A3_60_1	500	17108	276.0	666.0	256.0	240.0
Acquire-EHT_A3_60_1	501	17139	276.0	665.0	256.0	241.0
Acquire-EHT_A3_60_1	502	17171	276.0	663.0	256.0	242.0
Acquire-EHT_A3_60_1	503	17218	276.0	663.0	256.0	243.0
Acquire-EHT_A3_60_1	504	17249	276.0	662.0	256.0	243.0
Acquire-EHT_A3_60_1	505	17280	276.0	663.0	256.0	243.0
Acquire-EHT_A3_60_1	506	17311	276.0	663.0	256.0	243.0
Acquire-EHT_A3_60_1	507	17343	276.0	663.0	256.0	242.0
Acquire-EHT_A3_60_1	508	17374	276.0	664.0	256.0	241.0
Acquire-EHT_A3_60_1	509	17405	276.0	665.0	256.0	240.0
Acquire-EHT_A3_60_1	510	17452	276.0	666.0	256.0	239.0
Acquire-EHT_A3_60_1	511	17483	276.0	667.0	256.0	238.0
Acquire-EHT_A3_60_1	512	17514	276.0	667.0	256.0	238.0
Acquire-EHT_A3_60_1	513	17546	276.0	667.0	256.0	238.0
Acquire-EHT_A3_60_1	514	17577	276.0	667.0	256.0	238.0
Acquire-EHT_A3_60_1	515	17608	276.0	667.0	256.0	238.0
Acquire-EHT_A3_60_1	516	17639	276.0	667.0	256.0	238.0
Acquire-EHT_A3_60_1	517	17671	276.0	667.0	256.0	238.0
Acquire-EHT_A3_60_1	518	17718	276.0	667.0	256.0	238.0
Acquire-EHT_A3_60_1	519	17749	276.0	667.0	256.0	238.0
Acquire-EHT_A3_60_1	520	17780	276.0	666.0	256.0	238.0
Acquire-EHT_A3_60_1	521	17811	276.0	666.0	256.0	240.0
Acquire-EHT_A3_60_1	522	17843	276.0	664.0	256.0	241.0
Acquire-EHT_A3_60_1	523	17874	276.0	663.0	256.0	242.0
Acquire-EHT_A3_60_1	524	17905	276.0	663.0	256.0	243.0
Acquire-EHT_A3_60_1	525	17952	276.0	663.0	256.0	243.0
Acquire-EHT_A3_60_1	526	17983	276.0	663.0	256.0	243.0
Acquire-EHT_A3_60_1	527	18014	276.0	663.0	256.0	243.0
Acquire-EHT_A3_60_1	528	18046	276.0	663.0	256.0	242.0
Acquire-EHT_A3_60_1	529	18077	276.0	665.0	256.0	241.0
Acquire-EHT_A3_60_1	530	18108	276.0	665.0	256.0	240.0
Acquire-EHT_A3_60_1	531	18139	276.0	667.0	256.0	239.0
Acquire-EHT_A3_60_1	532	18171	276.0	667.0	256.0	238.0
Acquire-EHT_A3_60_1	533	18218	276.0	667.0	256.0	238.0
Acquire-EHT_A3_60_1	534	18249	276.0	667.0	256.0	238.0
Acquire-EHT_A3_60_1	535	18280	276.0	667.0	256.0	238.0
Acquire-EHT_A3_60_1	536	18311	276.0	667.0	256.0	238.0
Acquire-EHT_A3_60_1	537	18342	276.0	667.0	256.0	238.0
Acquire-EHT_A3_60_1	538	18374	276.0	667.0	256.0	238.0
Acquire-EHT_A3_60_1	539	18405	276.0	667.0	256.0	238.0
Acquire-EHT_A3_60_1	540	18452	276.0	667.0	256.0	238.0
Acquire-EHT_A3_60_1	541	18483	276.0	666.0	256.0	239.0
Acquire-EHT_A3_60_1	542	18514	276.0	665.0	256.0	240.0
Acquire-EHT_A3_60_1	543	18546	275.0	664.0	256.0	242.0
Acquire-EHT_A3_60_1	544	18577	276.0	663.0	256.0	243.0
Acquire-EHT_A3_60_1	545	18608	276.0	663.0	256.0	243.0
Acquire-EHT_A3_60_1	546	18639	276.0	663.0	256.0	244.0
Acquire-EHT_A3_60_1	547	18671	276.0	662.0	256.0	243.0
Acquire-EHT_A3_60_1	548	18717	276.0	663.0	256.0	243.0
Acquire-EHT_A3_60_1	549	18749	276.0	664.0	256.0	242.0
Acquire-EHT_A3_60_1	550	18780	276.0	665.0	256.0	241.0
Acquire-EHT_A3_60_1	551	18811	276.0	666.0	256.0	239.0
Acquire-EHT_A3_60_1	552	18842	276.0	667.0	256.0	239.0
Acquire-EHT_A3_60_1	553	18874	276.0	667.0	256.0	238.0
Acquire-EHT_A3_60_1	554	18905	276.0	667.0	256.0	238.0
Acquire-EHT_A3_60_1	555	18952	276.0	667.0	256.0	238.0
Acquire-EHT_A3_60_1	556	18983	276.0	667.0	256.0	238.0
Acquire-EHT_A3_60_1	557	19014	276.0	667.0	256.0	238.0
Acquire-EHT_A3_60_1	558	19046	276.0	667.0	256.0	238.0
Acquire-EHT_A3_60_1	559	19077	276.0	667.0	256.0	238.0
Acquire-EHT_A3_60_1	560	19108	276.0	667.0	256.0	238.0
Acquire-EHT_A3_60_1	561	19139	276.0	667.0	256.0	238.0
Acquire-EHT_A3_60_1	562	19171	276.0	666.0	256.0	239.0
Acquire-EHT_A3_60_1	563	19217	276.0	664.0	256.0	241.0
Acquire-EHT_A3_60_1	564	19249	276.0	663.0	256.0	242.0
Acquire-EHT_A3_60_1	565	19280	276.0	663.0	256.0	243.0
Acquire-EHT_A3_60_1	566	19311	276.0	662.0	256.0	243.0
Acquire-EHT_A3_60_1	567	19342	276.0	663.0	256.0	243.0
Acquire-EHT_A3_60_1	568	19374	276.0	663.0	256.0	243.0
Acquire-EHT_A3_60_1	569	19405	276.0	664.0	256.0	243.0
Acquire-EHT_A3_60_1	570	19452	277.0	664.0	256.0	241.0
Acquire-EHT_A3_60_1	571	19483	276.0	665.0	256.0	240.0
Acquire-EHT_A3_60_1	572	19514	276.0	666.0	256.0	239.0
Acquire-EHT_A3_60_1	573	19546	276.0	667.0	256.0	239.0
Acquire-EHT_A3_60_1	574	19577	276.0	667.0	256.0	238.0
Acquire-EHT_A3_60_1	575	19608	276.0	667.0	256.0	238.0
Acquire-EHT_A3_60_1	576	19639	276.0	667.0	256.0	238.0
Acquire-EHT_A3_60_1	577	19671	276.0	667.0	256.0	238.0
Acquire-EHT_A3_60_1	578	19717	276.0	667.0	256.0	238.0
Acquire-EHT_A3_60_1	579	19749	276.0	667.0	256.0	238.0
Acquire-EHT_A3_60_1	580	19780	276.0	667.0	256.0	238.0
Acquire-EHT_A3_60_1	581	19811	276.0	667.0	256.0	238.0
Acquire-EHT_A3_60_1	582	19842	276.0	666.0	256.0	239.0
Acquire-EHT_A3_60_1	583	19874	275.0	665.0	256.0	240.0
Acquire-EHT_A3_60_1	584	19905	276.0	663.0	256.0	242.0
Acquire-EHT_A3_60_1	585	19952	276.0	663.0	256.0	243.0
Acquire-EHT_A3_60_1	586	19983	276.0	663.0	256.0	243.0
Acquire-EHT_A3_60_1	587	20014	276.0	663.0	256.0	243.0
Acquire-EHT_A3_60_1	588	20046	276.0	663.0	256.0	243.0
Acquire-EHT_A3_60_1	589	20077	276.0	663.0	256.0	243.0
Acquire-EHT_A3_60_1	590	20108	276.0	663.0	256.0	242.0
Acquire-EHT_A3_60_1	591	20139	276.0	664.0	256.0	241.0
Acquire-EHT_A3_60_1	592	20170	276.0	666.0	256.0	239.0
Acquire-EHT_A3_60_1	593	20217	276.0	666.0	256.0	239.0
Acquire-EHT_A3_60_1	594	20249	276.0	667.0	256.0	238.0
Acquire-EHT_A3_60_1	595	20280	276.0	667.0	256.0	238.0
Acquire-EHT_A3_60_1	596	20311	276.0	667.0	256.0	238.0
Acquire-EHT_A3_60_1	597	20342	276.0	667.0	256.0	238.0
Acquire-EHT_A3_60_1	598	20374	276.0	667.0	256.0	238.0
Acquire-EHT_A3_60_1	599	20405	276.0	667.0	256.0	238.0
Acquire-EHT_A3_60_1	600	20452	276.0	667.0	256.0	238.0
Acquire-EHT_A3_60_1	601	20483	276.0	667.0	256.0	238.0
Acquire-EHT_A3_60_1	602	20514	276.0	667.0	256.0	238.0
Acquire-EHT_A3_60_1	603	20545	276.0	666.0	256.0	239.0
Acquire-EHT_A3_60_1	604	20577	276.0	665.0	256.0	240.0
Acquire-EHT_A3_60_1	605	20608	276.0	664.0	256.0	242.0
Acquire-EHT_A3_60_1	606	20639	276.0	663.0	256.0	243.0
Acquire-EHT_A3_60_1	607	20670	275.0	663.0	256.0	244.0
Acquire-EHT_A3_60_1	608	20717	276.0	663.0	256.0	243.0
Acquire-EHT_A3_60_1	609	20749	276.0	663.0	256.0	243.0
Acquire-EHT_A3_60_1	610	20780	276.0	663.0	256.0	243.0
Acquire-EHT_A3_60_1	611	20811	276.0	664.0	256.0	242.0
Acquire-EHT_A3_60_1	612	20842	276.0	665.0	256.0	241.0
Acquire-EHT_A3_60_1	613	20874	276.0	666.0	256.0	239.0
Acquire-EHT_A3_60_1	614	20905	276.0	667.0	256.0	239.0
Acquire-EHT_A3_60_1	615	20952	276.0	667.0	256.0	238.0
Acquire-EHT_A3_60_1	616	20983	276.0	667.0	256.0	238.0
Acquire-EHT_A3_60_1	617	21014	276.0	667.0	256.0	238.0
Acquire-EHT_A3_60_1	618	21045	276.0	667.0	256.0	238.0
Acquire-EHT_A3_60_1	619	21077	276.0	667.0	256.0	238.0
Acquire-EHT_A3_60_1	620	21108	276.0	667.0	256.0	238.0
Acquire-EHT_A3_60_1	621	21139	276.0	667.0	256.0	238.0
Acquire-EHT_A3_60_1	622	21170	276.0	667.0	256.0	238.0
Acquire-EHT_A3_60_1	623	21217	276.0	667.0	256.0	238.0
Acquire-EHT_A3_60_1	624	21249	276.0	666.0	256.0	240.0
Acquire-EHT_A3_60_1	625	21280	276.0	664.0	256.0	241.0
Acquire-EHT_A3_60_1	626	21311	276.0	663.0	256.0	242.0
Acquire-EHT_A3_60_1	627	21342	276.0	663.0	256.0	243.0
Acquire-EHT_A3_60_1	628	21374	276.0	662.0	256.0	243.0
Acquire-EHT_A3_60_1	629	21405	276.0	663.0	256.0	243.0
Acquire-EHT_A3_60_1	630	21452	276.0	663.0	256.0	243.0
Acquire-EHT_A3_60_1	631	21483	276.0	663.0	256.0	242.0
Acquire-EHT_A3_60_1	632	21514	276.0	664.0	256.0	241.0
Acquire-EHT_A3_60_1	633	21545	276.0	666.0	256.0	240.0
Acquire-EHT_A3_60_1	634	21577	276.0	666.0	256.0	239.0
Acquire-EHT_A3_60_1	635	21608	276.0	667.0	256.0	238.0
Acquire-EHT_A3_60_1	636	21639	276.0	667.0	256.0	238.0
Acquire-EHT_A3_60_1	637	21670	276.0	667.0	256.0	238.0
Acquire-EHT_A3_60_1	638	21717	276.0	667.0	256.0	238.0
Acquire-EHT_A3_60_1	639	21749	276.0	667.0	256.0	238.0
Acquire-EHT_A3_60_1	640	21780	276.0	667.0	256.0	238.0
Acquire-EHT_A3_60_1	641	21811	276.0	667.0	256.0	238.0
Acquire-EHT_A3_60_1	642	21842	276.0	667.0	256.0	238.0
Acquire-EHT_A3_60_1	643	21874	276.0	667.0	256.0	238.0
Acquire-EHT_A3_60_1	644	21905	276.0	666.0	256.0	240.0
Acquire-EHT_A3_60_1	645	21952	276.0	664.0	256.0	241.0
Acquire-EHT_A3_60_1	646	21983	276.0	663.0	256.0	242.0
Acquire-EHT_A3_60_1	647	22014	276.0	663.0	256.0	243.0
Acquire-EHT_A3_60_1	648	22045	276.0	663.0	256.0	243.0
Acquire-EHT_A3_60_1	649	22077	276.0	663.0	256.0	243.0
Acquire-EHT_A3_60_1	650	22108	276.0	663.0	256.0	243.0
Acquire-EHT_A3_60_1	651	22139	276.0	663.0	256.0	242.0
Acquire-EHT_A3_60_1	652	22170	276.0	664.0	256.0	241.0
Acquire-EHT_A3_60_1	653	22217	276.0	666.0	256.0	240.0
Acquire-EHT_A3_60_1	654	22248	276.0	666.0	256.0	239.0
Acquire-EHT_A3_60_1	655	22280	276.0	667.0	256.0	239.0
Acquire-EHT_A3_60_1	656	22311	276.0	667.0	256.0	238.0
Acquire-EHT_A3_60_1	657	22342	276.0	667.0	256.0	238.0
Acquire-EHT_A3_60_1	658	22373	276.0	667.0	256.0	238.0
Acquire-EHT_A3_60_1	659	22405	276.0	667.0	256.0	238.0
Acquire-EHT_A3_60_1	660	22452	276.0	667.0	256.0	238.0
Acquire-EHT_A3_60_1	661	22483	276.0	667.0	256.0	238.0
Acquire-EHT_A3_60_1	662	22514	276.0	667.0	256.0	238.0
Acquire-EHT_A3_60_1	663	22545	276.0	667.0	256.0	238.0
Acquire-EHT_A3_60_1	664	22577	276.0	666.0	256.0	240.0
Acquire-EHT_A3_60_1	665	22608	276.0	665.0	256.0	241.0
Acquire-EHT_A3_60_1	666	22639	276.0	664.0	256.0	242.0
Acquire-EHT_A3_60_1	667	22670	276.0	663.0	256.0	243.0
Acquire-EHT_A3_60_1	668	22717	276.0	663.0	256.0	243.0
Acquire-EHT_A3_60_1	669	22748	276.0	663.0	256.0	243.0
Acquire-EHT_A3_60_1	670	22780	276.0	662.0	256.0	243.0
Acquire-EHT_A3_60_1	671	22811	276.0	663.0	256.0	242.0
Acquire-EHT_A3_60_1	672	22842	276.0	665.0	256.0	241.0
Acquire-EHT_A3_60_1	673	22873	276.0	666.0	256.0	240.0
Acquire-EHT_A3_60_1	674	22905	276.0	666.0	256.0	239.0
Acquire-EHT_A3_60_1	675	22952	276.0	667.0	256.0	239.0
Acquire-EHT_A3_60_1	676	22983	276.0	667.0	256.0	238.0
Acquire-EHT_A3_60_1	677	23014	276.0	667.0	256.0	238.0
Acquire-EHT_A3_60_1	678	23045	276.0	667.0	256.0	238.0
Acquire-EHT_A3_60_1	679	23077	276.0	667.0	256.0	238.0
Acquire-EHT_A3_60_1	680	23108	276.0	667.0	256.0	238.0
Acquire-EHT_A3_60_1	681	23139	276.0	667.0	256.0	238.0
Acquire-EHT_A3_60_1	682	23170	276.0	667.0	256.0	238.0
Acquire-EHT_A3_60_1	683	23217	276.0	667.0	256.0	238.0
Acquire-EHT_A3_60_1	684	23248	276.0	667.0	256.0	239.0
Acquire-EHT_A3_60_1	685	23280	276.0	666.0	256.0	241.0
Acquire-EHT_A3_60_1	686	23311	276.0	664.0	256.0	242.0
Acquire-EHT_A3_60_1	687	23342	276.0	663.0	256.0	243.0
Acquire-EHT_A3_60_1	688	23373	276.0	663.0	256.0	243.0
Acquire-EHT_A3_60_1	689	23405	276.0	662.0	256.0	243.0
Acquire-EHT_A3_60_1	690	23452	276.0	663.0	256.0	243.0
Acquire-EHT_A3_60_1	691	23483	276.0	663.0	256.0	243.0
Acquire-EHT_A3_60_1	692	23514	275.0	664.0	256.0	242.0
Acquire-EHT_A3_60_1	693	23545	276.0	664.0	256.0	240.0
Acquire-EHT_A3_60_1	694	23577	276.0	666.0	256.0	239.0
Acquire-EHT_A3_60_1	695	23608	276.0	667.0	256.0	239.0
Acquire-EHT_A3_60_1	696	23639	276.0	667.0	256.0	238.0
Acquire-EHT_A3_60_1	697	23670	276.0	667.0	256.0	238.0
Acquire-EHT_A3_60_1	698	23717	276.0	667.0	256.0	238.0
Acquire-EHT_A3_60_1	699	23748	276.0	667.0	256.0	238.0
Acquire-EHT_A3_60_1	700	23780	276.0	667.0	256.0	238.0
Acquire-EHT_A3_60_1	701	23811	276.0	667.0	256.0	238.0
Acquire-EHT_A3_60_1	702	23842	276.0	667.0	256.0	238.0
Acquire-EHT_A3_60_1	703	23873	276.0	667.0	256.0	238.0
Acquire-EHT_A3_60_1	704	23905	276.0	666.0	256.0	239.0
Acquire-EHT_A3_60_1	705	23951	276.0	665.0	256.0	240.0
Acquire-EHT_A3_60_1	706	23983	276.0	664.0	256.0	242.0
Acquire-EHT_A3_60_1	707	24014	277.0	663.0	256.0	243.0
Acquire-EHT_A3_60_1	708	24045	276.0	663.0	256.0	243.0
Acquire-EHT_A3_60_1	709	24076	276.0	663.0	256.0	243.0
Acquire-EHT_A3_60_1	710	24108	277.0	662.0	256.0	243.0
Acquire-EHT_A3_60_1	711	24139	277.0	663.0	256.0	243.0
Acquire-EHT_A3_60_1	712	24170	275.0	664.0	256.0	242.0
Acquire-EHT_A3_60_1	713	24217	276.0	665.0	256.0	241.0
Acquire-EHT_A3_60_1	714	24248	276.0	666.0	256.0	239.0
Acquire-EHT_A3_60_1	715	24280	276.0	666.0	256.0	239.0
Acquire-EHT_A3_60_1	716	24311	276.0	667.0	256.0	238.0
Acquire-EHT_A3_60_1	717	24342	276.0	667.0	256.0	238.0
Acquire-EHT_A3_60_1	718	24373	276.0	667.0	256.0	238.0
Acquire-EHT_A3_60_1	719	24405	276.0	667.0	256.0	238.0
Acquire-EHT_A3_60_1	720	24451	276.0	667.0	256.0	238.0
Acquire-EHT_A3_60_1	721	24483	276.0	667.0	256.0	238.0
Acquire-EHT_A3_60_1	722	24514	276.0	667.0	256.0	238.0
Acquire-EHT_A3_60_1	723	24545	276.0	667.0	256.0	238.0
Acquire-EHT_A3_60_1	724	24576	276.0	667.0	256.0	238.0
Acquire-EHT_A3_60_1	725	24608	276.0	666.0	256.0	240.0
Acquire-EHT_A3_60_1	726	24639	276.0	664.0	256.0	241.0
Acquire-EHT_A3_60_1	727	24670	276.0	663.0	256.0	242.0
Acquire-EHT_A3_60_1	728	24717	275.0	663.0	256.0	243.0
Acquire-EHT_A3_60_1	729	24748	276.0	663.0	256.0	243.0
Acquire-EHT_A3_60_1	730	24780	276.0	663.0	256.0	243.0
Acquire-EHT_A3_60_1	731	24811	276.0	663.0	256.0	243.0
Acquire-EHT_A3_60_1	732	24842	276.0	664.0	256.0	242.0
Acquire-EHT_A3_60_1	733	24873	276.0	664.0	256.0	241.0
Acquire-EHT_A3_60_1	734	24905	276.0	665.0	256.0	240.0
Acquire-EHT_A3_60_1	735	24951	276.0	667.0	256.0	239.0
Acquire-EHT_A3_60_1	736	24983	276.0	667.0	256.0	239.0
Acquire-EHT_A3_60_1	737	25014	276.0	667.0	256.0	238.0
Acquire-EHT_A3_60_1	738	25045	276.0	667.0	256.0	238.0
Acquire-EHT_A3_60_1	739	25076	276.0	667.0	256.0	238.0
Acquire-EHT_A3_60_1	740	25108	276.0	667.0	256.0	238.0
Acquire-EHT_A3_60_1	741	25139	276.0	667.0	256.0	238.0
Acquire-EHT_A3_60_1	742	25170	276.0	667.0	256.0	238.0
Acquire-EHT_A3_60_1	743	25217	276.0	667.0	256.0	238.0
Acquire-EHT_A3_60_1	744	25248	276.0	667.0	256.0	238.0
Acquire-EHT_A3_60_1	745	25280	276.0	666.0	256.0	240.0
Acquire-EHT_A3_60_1	746	25311	276.0	664.0	256.0	241.0
Acquire-EHT_A3_60_1	747	25342	276.0	663.0	256.0	242.0
Acquire-EHT_A3_60_1	748	25373	276.0	663.0	256.0	243.0
Acquire-EHT_A3_60_1	749	25405	276.0	663.0	256.0	243.0
Acquire-EHT_A3_60_1	750	25451	275.0	663.0	256.0	243.0
Acquire-EHT_A3_60_1	751	25483	276.0	662.0	256.0	243.0
Acquire-EHT_A3_60_1	752	25514	277.0	663.0	256.0	242.0
Acquire-EHT_A3_60_1	753	25545	276.0	664.0	256.0	241.0
Acquire-EHT_A3_60_1	754	25576	276.0	665.0	256.0	240.0
Acquire-EHT_A3_60_1	755	25608	276.0	667.0	256.0	239.0
Acquire-EHT_A3_60_1	756	25639	276.0	667.0	256.0	238.0
Acquire-EHT_A3_60_1	757	25670	276.0	667.0	256.0	238.0
Acquire-EHT_A3_60_1	758	25717	276.0	667.0	256.0	238.0
Acquire-EHT_A3_60_1	759	25748	276.0	667.0	256.0	238.0
Acquire-EHT_A3_60_1	760	25779	276.0	667.0	256.0	238.0
Acquire-EHT_A3_60_1	761	25811	276.0	667.0	256.0	238.0
Acquire-EHT_A3_60_1	762	25842	276.0	667.0	256.0	238.0
Acquire-EHT_A3_60_1	763	25873	276.0	667.0	256.0	238.0
Acquire-EHT_A3_60_1	764	25904	276.0	667.0	256.0	238.0
Acquire-EHT_A3_60_1	765	25951	276.0	666.0	256.0	240.0
Acquire-EHT_A3_60_1	766	25983	276.0	665.0	256.0	241.0
Acquire-EHT_A3_60_1	767	26014	276.0	663.0	256.0	242.0
Acquire-EHT_A3_60_1	768	26045	275.0	663.0	256.0	243.0
Acquire-EHT_A3_60_1	769	26076	276.0	662.0	256.0	243.0
Acquire-EHT_A3_60_1	770	26108	277.0	663.0	256.0	243.0
Acquire-EHT_A3_60_1	771	26139	276.0	663.0	256.0	243.0
Acquire-EHT_A3_60_1	772	26170	276.0	663.0	256.0	242.0
Acquire-EHT_A3_60_1	773	26217	276.0	664.0	256.0	241.0
Acquire-EHT_A3_60_1	774	26248	276.0	665.0	256.0	240.0
Acquire-EHT_A3_60_1	775	26279	276.0	666.0	256.0	239.0
Acquire-EHT_A3_60_1	776	26311	276.0	667.0	256.0	239.0
Acquire-EHT_A3_60_1	777	26342	276.0	667.0	256.0	238.0
Acquire-EHT_A3_60_1	778	26373	276.0	667.0	256.0	238.0
Acquire-EHT_A3_60_1	779	26404	276.0	667.0	256.0	238.0
Acquire-EHT_A3_60_1	780	26451	276.0	667.0	256.0	238.0
Acquire-EHT_A3_60_1	781	26483	276.0	667.0	256.0	238.0
Acquire-EHT_A3_60_1	782	26514	276.0	667.0	256.0	238.0
Acquire-EHT_A3_60_1	783	26545	276.0	667.0	256.0	238.0
Acquire-EHT_A3_60_1	784	26576	276.0	667.0	256.0	238.0
Acquire-EHT_A3_60_1	785	26608	276.0	666.0	256.0	238.0
Acquire-EHT_A3_60_1	786	26639	276.0	666.0	256.0	240.0
Acquire-EHT_A3_60_1	787	26670	276.0	663.0	256.0	241.0
Acquire-EHT_A3_60_1	788	26717	276.0	663.0	256.0	242.0
Acquire-EHT_A3_60_1	789	26748	276.0	663.0	256.0	243.0
Acquire-EHT_A3_60_1	790	26779	276.0	663.0	256.0	243.0
Acquire-EHT_A3_60_1	791	26811	276.0	662.0	256.0	243.0
Acquire-EHT_A3_60_1	792	26842	276.0	663.0	256.0	243.0
Acquire-EHT_A3_60_1	793	26873	276.0	663.0	256.0	242.0
Acquire-EHT_A3_60_1	794	26904	276.0	664.0	256.0	241.0
Acquire-EHT_A3_60_1	795	26951	276.0	666.0	256.0	240.0
Acquire-EHT_A3_60_1	796	26983	276.0	667.0	256.0	239.0
Acquire-EHT_A3_60_1	797	27014	276.0	667.0	256.0	238.0
Acquire-EHT_A3_60_1	798	27045	276.0	667.0	256.0	238.0
Acquire-EHT_A3_60_1	799	27076	276.0	667.0	256.0	238.0
Acquire-EHT_A3_60_1	800	27108	276.0	667.0	256.0	238.0
Acquire-EHT_A3_60_1	801	27139	276.0	667.0	256.0	238.0
Acquire-EHT_A3_60_1	802	27170	276.0	667.0	256.0	238.0
Acquire-EHT_A3_60_1	803	27217	276.0	667.0	256.0	238.0
Acquire-EHT_A3_60_1	804	27248	276.0	667.0	256.0	238.0
Acquire-EHT_A3_60_1	805	27279	276.0	667.0	256.0	238.0
Acquire-EHT_A3_60_1	806	27311	276.0	667.0	256.0	238.0
Acquire-EHT_A3_60_1	807	27342	275.0	665.0	256.0	240.0
Acquire-EHT_A3_60_1	808	27373	276.0	664.0	256.0	241.0
Acquire-EHT_A3_60_1	809	27404	276.0	663.0	256.0	242.0
Acquire-EHT_A3_60_1	810	27451	277.0	663.0	256.0	243.0
Acquire-EHT_A3_60_1	811	27482	276.0	663.0	256.0	243.0
Acquire-EHT_A3_60_1	812	27514	276.0	663.0	256.0	243.0
Acquire-EHT_A3_60_1	813	27545	276.0	663.0	256.0	243.0
Acquire-EHT_A3_60_1	814	27576	276.0	663.0	256.0	242.0
Acquire-EHT_A3_60_1	815	27607	276.0	664.0	256.0	241.0
Acquire-EHT_A3_60_1	816	27639	276.0	666.0	256.0	240.0
Acquire-EHT_A3_60_1	817	27670	276.0	667.0	256.0	239.0
Acquire-EHT_A3_60_1	818	27717	276.0	667.0	256.0	238.0
Acquire-EHT_A3_60_1	819	27748	276.0	667.0	256.0	238.0
Acquire-EHT_A3_60_1	820	27779	276.0	667.0	256.0	238.0
Acquire-EHT_A3_60_1	821	27811	276.0	667.0	256.0	238.0
Acquire-EHT_A3_60_1	822	27842	276.0	667.0	256.0	238.0
Acquire-EHT_A3_60_1	823	27873	276.0	667.0	256.0	238.0
Acquire-EHT_A3_60_1	824	27904	276.0	667.0	256.0	238.0
Acquire-EHT_A3_60_1	825	27951	276.0	667.0	256.0	238.0
Acquire-EHT_A3_60_1	826	27982	276.0	667.0	256.0	238.0
Acquire-EHT_A3_60_1	827	28014	276.0	666.0	256.0	239.0
Acquire-EHT_A3_60_1	828	28045	276.0	664.0	256.0	240.0
Acquire-EHT_A3_60_1	829	28076	276.0	664.0	256.0	242.0
Acquire-EHT_A3_60_1	830	28107	275.0	663.0	256.0	243.0
Acquire-EHT_A3_60_1	831	28139	276.0	663.0	256.0	243.0
Acquire-EHT_A3_60_1	832	28186	276.0	663.0	256.0	244.0
Acquire-EHT_A3_60_1	833	28217	276.0	663.0	256.0	243.0
Acquire-EHT_A3_60_1	834	28248	276.0	663.0	256.0	243.0
Acquire-EHT_A3_60_1	835	28279	275.0	664.0	256.0	242.0
Acquire-EHT_A3_60_1	836	28311	276.0	665.0	256.0	240.0
Acquire-EHT_A3_60_1	837	28342	276.0	667.0	256.0	239.0
Acquire-EHT_A3_60_1	838	28373	276.0	667.0	256.0	238.0
Acquire-EHT_A3_60_1	839	28404	276.0	667.0	256.0	238.0
Acquire-EHT_A3_60_1	840	28451	276.0	667.0	256.0	238.0
Acquire-EHT_A3_60_1	841	28482	276.0	667.0	256.0	238.0
Acquire-EHT_A3_60_1	842	28514	276.0	667.0	256.0	238.0
Acquire-EHT_A3_60_1	843	28545	276.0	667.0	256.0	238.0
Acquire-EHT_A3_60_1	844	28576	276.0	667.0	256.0	238.0
Acquire-EHT_A3_60_1	845	28607	276.0	667.0	256.0	238.0
Acquire-EHT_A3_60_1	846	28639	276.0	667.0	256.0	238.0
Acquire-EHT_A3_60_1	847	28686	276.0	667.0	256.0	238.0
Acquire-EHT_A3_60_1	848	28717	276.0	665.0	256.0	240.0
Acquire-EHT_A3_60_1	849	28748	275.0	664.0	256.0	241.0
Acquire-EHT_A3_60_1	850	28779	276.0	663.0	256.0	243.0
Acquire-EHT_A3_60_1	851	28811	276.0	662.0	256.0	243.0
Acquire-EHT_A3_60_1	852	28842	276.0	662.0	256.0	244.0
Acquire-EHT_A3_60_1	853	28873	276.0	663.0	256.0	243.0
Acquire-EHT_A3_60_1	854	28904	276.0	663.0	256.0	243.0
Acquire-EHT_A3_60_1	855	28951	276.0	663.0	256.0	242.0
Acquire-EHT_A3_60_1	856	28982	276.0	665.0	256.0	241.0
Acquire-EHT_A3_60_1	857	29014	276.0	666.0	256.0	240.0
Acquire-EHT_A3_60_1	858	29045	276.0	667.0	256.0	239.0
Acquire-EHT_A3_60_1	859	29076	276.0	667.0	256.0	238.0
Acquire-EHT_A3_60_1	860	29107	276.0	667.0	256.0	238.0
Acquire-EHT_A3_60_1	861	29139	276.0	667.0	256.0	238.0
Acquire-EHT_A3_60_1	862	29186	276.0	667.0	256.0	238.0
Acquire-EHT_A3_60_1	863	29217	276.0	667.0	256.0	238.0
Acquire-EHT_A3_60_1	864	29248	276.0	667.0	256.0	238.0
Acquire-EHT_A3_60_1	865	29279	276.0	667.0	256.0	238.0
Acquire-EHT_A3_60_1	866	29310	276.0	667.0	256.0	238.0
Acquire-EHT_A3_60_1	867	29342	276.0	667.0	256.0	238.0
Acquire-EHT_A3_60_1	868	29373	276.0	666.0	256.0	239.0
Acquire-EHT_A3_60_1	869	29404	276.0	666.0	256.0	241.0
Acquire-EHT_A3_60_1	870	29451	276.0	663.0	256.0	242.0
Acquire-EHT_A3_60_1	871	29482	276.0	663.0	256.0	243.0
Acquire-EHT_A3_60_1	872	29514	276.0	662.0	256.0	243.0
Acquire-EHT_A3_60_1	873	29545	276.0	663.0	256.0	243.0
Acquire-EHT_A3_60_1	874	29576	276.0	663.0	256.0	243.0
Acquire-EHT_A3_60_1	875	29607	276.0	663.0	256.0	242.0
Acquire-EHT_A3_60_1	876	29639	276.0	664.0	256.0	242.0
Acquire-EHT_A3_60_1	877	29685	276.0	665.0	256.0	240.0
Acquire-EHT_A3_60_1	878	29717	276.0	666.0	256.0	239.0
Acquire-EHT_A3_60_1	879	29748	276.0	667.0	256.0	239.0
Acquire-EHT_A3_60_1	880	29779	276.0	667.0	256.0	238.0
Acquire-EHT_A3_60_1	881	29810	276.0	667.0	256.0	238.0
Acquire-EHT_A3_60_1	882	29842	276.0	667.0	256.0	238.0
Acquire-EHT_A3_60_1	883	29873	276.0	667.0	256.0	238.0
Acquire-EHT_A3_60_1	884	29904	276.0	667.0	256.0	238.0
Acquire-EHT_A3_60_1	885	29951	276.0	667.0	256.0	238.0
Acquire-EHT_C5_60	0	0	256.0	636.0	283.0	225.0
Acquire-EHT_C5_60	1	15	256.0	637.0	283.0	224.0
Acquire-EHT_C5_60	2	140	256.0	637.0	283.0	223.0
Acquire-EHT_C5_60	3	312	256.0	636.0	283.0	224.0
Acquire-EHT_C5_60	4	374	256.0	636.0	283.0	225.0
Acquire-EHT_C5_60	5	609	256.0	636.0	283.0	226.0
Acquire-EHT_C5_60	6	718	256.0	636.0	283.0	226.0
Acquire-EHT_C5_60	7	812	256.0	636.0	283.0	225.0
Acquire-EHT_C5_60	8	874	256.0	637.0	283.0	224.0
Acquire-EHT_C5_60	9	984	256.0	636.0	283.0	224.0
Acquire-EHT_C5_60	10	1078	256.0	636.0	283.0	223.0
Acquire-EHT_C5_60	11	1140	256.0	636.0	283.0	223.0
Acquire-EHT_C5_60	12	1218	256.0	636.0	283.0	223.0
Acquire-EHT_C5_60	13	1249	256.0	636.0	283.0	225.0
Acquire-EHT_C5_60	14	1312	256.0	636.0	283.0	226.0
Acquire-EHT_C5_60	15	1374	256.0	636.0	283.0	226.0
Acquire-EHT_C5_60	16	1437	256.0	636.0	283.0	225.0
Acquire-EHT_C5_60	17	1515	256.0	636.0	283.0	225.0
Acquire-EHT_C5_60	18	1577	256.0	636.0	283.0	225.0
Acquire-EHT_C5_60	19	1609	256.0	636.0	283.0	224.0
Acquire-EHT_C5_60	20	1671	256.0	636.0	283.0	224.0
Acquire-EHT_C5_60	21	1718	256.0	636.0	283.0	223.0
Acquire-EHT_C5_60	22	1781	256.0	636.0	283.0	225.0
Acquire-EHT_C5_60	23	2046	256.0	636.0	283.0	225.0
Acquire-EHT_C5_60	24	2109	256.0	636.0	283.0	226.0
Acquire-EHT_C5_60	25	2140	256.0	636.0	283.0	226.0
Acquire-EHT_C5_60	26	2218	256.0	636.0	283.0	226.0
Acquire-EHT_C5_60	27	2281	256.0	636.0	283.0	225.0
Acquire-EHT_C5_60	28	2312	256.0	637.0	283.0	224.0
Acquire-EHT_C5_60	29	2406	256.0	637.0	283.0	224.0
Acquire-EHT_C5_60	30	2515	256.0	636.0	283.0	225.0
Acquire-EHT_C5_60	31	2843	256.0	636.0	283.0	225.0
Acquire-EHT_C5_60	32	3046	256.0	636.0	283.0	224.0
Acquire-EHT_C5_60	33	3140	256.0	636.0	283.0	223.0
Acquire-EHT_C5_60	34	3218	256.0	636.0	283.0	223.0
Acquire-EHT_C5_60	35	3280	256.0	637.0	283.0	224.0
Acquire-EHT_C5_60	36	3343	256.0	636.0	283.0	223.0
Acquire-EHT_C5_60	37	3374	257.0	638.0	283.0	223.0
Acquire-EHT_C5_60	38	3437	256.0	637.0	283.0	225.0
Acquire-EHT_C5_60	39	3515	256.0	636.0	283.0	225.0
Acquire-EHT_C5_60	40	3812	256.0	636.0	283.0	225.0
Acquire-EHT_C5_60	41	3874	256.0	637.0	283.0	224.0
Acquire-EHT_C5_60	42	3937	256.0	636.0	283.0	223.0
Acquire-EHT_C5_60	43	4015	256.0	637.0	283.0	223.0
Acquire-EHT_C5_60	44	4077	256.0	636.0	283.0	224.0
Acquire-EHT_C5_60	45	4140	256.0	636.0	283.0	223.0
Acquire-EHT_C5_60	46	4171	256.0	636.0	283.0	223.0
Acquire-EHT_C5_60	47	4249	256.0	636.0	283.0	225.0
Acquire-EHT_C5_60	48	4312	256.0	636.0	283.0	225.0
Acquire-EHT_C5_60	49	4374	256.0	636.0	283.0	224.0
Acquire-EHT_C5_60	50	4671	256.0	636.0	283.0	224.0
Acquire-EHT_C5_60	51	4843	256.0	636.0	283.0	224.0
Acquire-EHT_C5_60	52	4937	256.0	636.0	283.0	225.0
Acquire-EHT_C5_60	53	5046	256.0	636.0	283.0	225.0
Acquire-EHT_C5_60	54	5108	256.0	636.0	283.0	226.0
Acquire-EHT_C5_60	55	5218	256.0	636.0	283.0	225.0
Acquire-EHT_C5_60	56	5280	255.0	638.0	283.0	223.0
Acquire-EHT_C5_60	57	5577	256.0	637.0	283.0	223.0
Acquire-EHT_C5_60	58	5640	256.0	636.0	283.0	223.0
Acquire-EHT_C5_60	59	5718	256.0	637.0	283.0	224.0
Acquire-EHT_C5_60	60	5780	256.0	636.0	283.0	225.0
Acquire-EHT_C5_60	61	5843	256.0	636.0	283.0	226.0
Acquire-EHT_C5_60	62	5905	256.0	636.0	283.0	226.0
Acquire-EHT_C5_60	63	5983	256.0	636.0	283.0	225.0
Acquire-EHT_C5_60	64	6077	256.0	636.0	283.0	225.0
Acquire-EHT_C5_60	65	6171	256.0	636.0	283.0	223.0
Acquire-EHT_C5_60	66	6280	256.0	637.0	283.0	223.0
Acquire-EHT_C5_60	67	6405	256.0	636.0	283.0	224.0
Acquire-EHT_C5_60	68	6515	256.0	636.0	283.0	225.0
Acquire-EHT_C5_60	69	6546	256.0	636.0	283.0	226.0
Acquire-EHT_C5_60	70	6640	256.0	636.0	283.0	226.0
Acquire-EHT_C5_60	71	6718	256.0	636.0	283.0	226.0
Acquire-EHT_C5_60	72	6780	256.0	636.0	283.0	225.0
Acquire-EHT_C5_60	73	6843	256.0	636.0	283.0	224.0
Acquire-EHT_C5_60	74	6905	256.0	636.0	283.0	224.0
Acquire-EHT_C5_60	75	6983	256.0	637.0	283.0	224.0
Acquire-EHT_C5_60	76	7077	256.0	636.0	283.0	225.0
Acquire-EHT_C5_60	77	7280	256.0	636.0	283.0	226.0
Acquire-EHT_C5_60	78	7343	256.0	635.0	283.0	226.0
Acquire-EHT_C5_60	79	7405	256.0	636.0	283.0	226.0
Acquire-EHT_C5_60	80	7483	256.0	636.0	283.0	225.0
Acquire-EHT_C5_60	81	7546	256.0	636.0	283.0	225.0
Acquire-EHT_C5_60	82	7577	256.0	636.0	283.0	224.0
Acquire-EHT_C5_60	83	7640	256.0	636.0	283.0	224.0
Acquire-EHT_C5_60	84	7718	256.0	637.0	283.0	224.0
Acquire-EHT_C5_60	85	7843	256.0	637.0	283.0	223.0
Acquire-EHT_C5_60	86	7905	256.0	636.0	283.0	224.0
Acquire-EHT_C5_60	87	7983	256.0	636.0	283.0	225.0
Acquire-EHT_C5_60	88	8046	256.0	636.0	283.0	226.0
Acquire-EHT_C5_60	89	8108	256.0	636.0	283.0	226.0
Acquire-EHT_C5_60	90	8171	256.0	636.0	283.0	226.0
Acquire-EHT_C5_60	91	8249	256.0	636.0	283.0	225.0
Acquire-EHT_C5_60	92	8311	256.0	636.0	283.0	224.0
Acquire-EHT_C5_60	93	8374	256.0	636.0	283.0	225.0
Acquire-EHT_C5_60	94	8405	256.0	637.0	283.0	223.0
Acquire-EHT_C5_60	95	8483	256.0	636.0	283.0	223.0
Acquire-EHT_C5_60	96	8546	256.0	636.0	283.0	223.0
Acquire-EHT_C5_60	97	8671	256.0	636.0	283.0	225.0
Acquire-EHT_C5_60	98	8780	256.0	636.0	283.0	225.0
Acquire-EHT_C5_60	99	9108	256.0	636.0	283.0	224.0
Acquire-EHT_C5_60	100	9139	256.0	637.0	283.0	224.0
Acquire-EHT_C5_60	101	9218	257.0	639.0	283.0	224.0
Acquire-EHT_C5_60	102	9311	256.0	637.0	283.0	224.0
Acquire-EHT_C5_60	103	9374	256.0	636.0	283.0	223.0
Acquire-EHT_C5_60	104	9452	256.0	636.0	283.0	225.0
Acquire-EHT_C5_60	105	9546	256.0	636.0	283.0	226.0
Acquire-EHT_C5_60	106	9608	256.0	636.0	283.0	226.0
Acquire-EHT_C5_60	107	9671	256.0	636.0	283.0	225.0
Acquire-EHT_C5_60	108	9749	256.0	636.0	283.0	225.0
Acquire-EHT_C5_60	109	9811	256.0	636.0	283.0	224.0
Acquire-EHT_C5_60	110	9874	256.0	636.0	283.0	224.0
Acquire-EHT_C5_60	111	9936	256.0	636.0	283.0	223.0
Acquire-EHT_C5_60	112	10014	256.0	637.0	283.0	224.0
Acquire-EHT_C5_60	113	10108	256.0	636.0	283.0	223.0
Acquire-EHT_C5_60	114	10218	256.0	636.0	283.0	225.0
Acquire-EHT_C5_60	115	10280	256.0	636.0	283.0	226.0
Acquire-EHT_C5_60	116	10343	256.0	636.0	283.0	227.0
Acquire-EHT_C5_60	117	10405	256.0	636.0	283.0	225.0
Acquire-EHT_C5_60	118	10608	256.0	636.0	283.0	224.0
Acquire-EHT_C5_60	119	10671	256.0	636.0	283.0	224.0
Acquire-EHT_C5_60	120	10749	256.0	636.0	283.0	225.0
Acquire-EHT_C5_60	121	11014	256.0	636.0	283.0	226.0
Acquire-EHT_C5_60	122	11108	256.0	636.0	283.0	226.0
Acquire-EHT_C5_60	123	11171	256.0	636.0	283.0	226.0
Acquire-EHT_C5_60	124	11249	256.0	636.0	283.0	225.0
Acquire-EHT_C5_60	125	11311	256.0	636.0	283.0	224.0
Acquire-EHT_C5_60	126	11405	256.0	637.0	283.0	223.0
Acquire-EHT_C5_60	127	11483	256.0	636.0	283.0	223.0
Acquire-EHT_C5_60	128	11577	256.0	636.0	283.0	224.0
Acquire-EHT_C5_60	129	11639	256.0	636.0	283.0	225.0
Acquire-EHT_C5_60	130	11749	256.0	636.0	283.0	225.0
Acquire-EHT_C5_60	131	11811	256.0	636.0	283.0	226.0
Acquire-EHT_C5_60	132	11874	256.0	636.0	283.0	226.0
Acquire-EHT_C5_60	133	11936	256.0	636.0	283.0	225.0
Acquire-EHT_C5_60	134	12014	256.0	636.0	283.0	225.0
Acquire-EHT_C5_60	135	12077	256.0	636.0	283.0	224.0
Acquire-EHT_C5_60	136	12139	256.0	636.0	283.0	224.0
Acquire-EHT_C5_60	137	12217	256.0	636.0	283.0	223.0
Acquire-EHT_C5_60	138	12280	256.0	637.0	283.0	223.0
Acquire-EHT_C5_60	139	12374	256.0	636.0	283.0	225.0
Acquire-EHT_C5_60	140	12436	256.0	636.0	283.0	225.0
Acquire-EHT_C5_60	141	12780	256.0	637.0	283.0	225.0
Acquire-EHT_C5_60	142	12842	256.0	636.0	283.0	224.0
Acquire-EHT_C5_60	143	12874	256.0	637.0	283.0	224.0
Acquire-EHT_C5_60	144	12983	256.0	636.0	283.0	223.0
Acquire-EHT_C5_60	145	13045	256.0	637.0	283.0	223.0
Acquire-EHT_C5_60	146	13108	256.0	636.0	283.0	225.0
Acquire-EHT_C5_60	147	13170	256.0	636.0	283.0	225.0
Acquire-EHT_C5_60	148	13217	256.0	636.0	283.0	226.0
Acquire-EHT_C5_60	149	13280	256.0	636.0	283.0	226.0
Acquire-EHT_C5_60	150	13311	256.0	636.0	283.0	226.0
Acquire-EHT_C5_60	151	13405	256.0	636.0	283.0	225.0
Acquire-EHT_C5_60	152	13483	256.0	636.0	283.0	224.0
Acquire-EHT_C5_60	153	13545	256.0	636.0	283.0	223.0
Acquire-EHT_C5_60	154	13639	256.0	636.0	283.0	224.0
Acquire-EHT_C5_60	155	13983	256.0	636.0	283.0	226.0
Acquire-EHT_C5_60	156	14186	256.0	636.0	283.0	225.0
Acquire-EHT_C5_60	157	14280	256.0	636.0	283.0	225.0
Acquire-EHT_C5_60	158	14342	256.0	636.0	283.0	223.0
Acquire-EHT_C5_60	159	14545	256.0	636.0	283.0	225.0
Acquire-EHT_C5_60	160	14670	256.0	636.0	283.0	226.0
Acquire-EHT_C5_60	161	14780	256.0	635.0	283.0	226.0
Acquire-EHT_C5_60	162	14842	256.0	636.0	283.0	226.0
Acquire-EHT_C5_60	163	14905	256.0	636.0	283.0	225.0
Acquire-EHT_C5_60	164	14983	256.0	636.0	283.0	224.0
Acquire-EHT_C5_60	165	15045	256.0	636.0	283.0	224.0
Acquire-EHT_C5_60	166	15108	256.0	636.0	283.0	223.0
Acquire-EHT_C5_60	167	15170	256.0	637.0	283.0	223.0
Acquire-EHT_C5_60	168	15248	256.0	637.0	283.0	224.0
Acquire-EHT_C5_60	169	15373	256.0	636.0	283.0	225.0
Acquire-EHT_C5_60	170	15452	256.0	636.0	283.0	226.0
Acquire-EHT_C5_60	171	15514	256.0	636.0	283.0	226.0
Acquire-EHT_C5_60	172	15577	256.0	636.0	283.0	225.0
Acquire-EHT_C5_60	173	15639	256.0	636.0	283.0	225.0
Acquire-EHT_C5_60	174	15748	256.0	636.0	283.0	224.0
Acquire-EHT_C5_60	175	16014	256.0	636.0	283.0	225.0
Acquire-EHT_C5_60	176	16076	256.0	636.0	283.0	225.0
Acquire-EHT_C5_60	177	16139	256.0	636.0	283.0	226.0
Acquire-EHT_C5_60	178	16217	256.0	636.0	283.0	225.0
Acquire-EHT_C5_60	179	16280	256.0	636.0	283.0	225.0
Acquire-EHT_C5_60	180	16373	256.0	637.0	283.0	224.0
Acquire-EHT_C5_60	181	16451	256.0	637.0	283.0	223.0
Acquire-EHT_C5_60	182	16514	256.0	636.0	283.0	224.0
Acquire-EHT_C5_60	183	16576	256.0	636.0	283.0	224.0
Acquire-EHT_C5_60	184	16670	256.0	637.0	283.0	224.0
Acquire-EHT_C5_60	185	16717	256.0	636.0	283.0	225.0
Acquire-EHT_C5_60	186	16811	256.0	636.0	283.0	226.0
Acquire-EHT_C5_60	187	16873	256.0	636.0	283.0	226.0
Acquire-EHT_C5_60	188	16951	256.0	636.0	283.0	225.0
Acquire-EHT_C5_60	189	17014	256.0	636.0	283.0	225.0
Acquire-EHT_C5_60	190	17076	256.0	636.0	283.0	223.0
Acquire-EHT_C5_60	191	17170	256.0	636.0	283.0	224.0
Acquire-EHT_C5_60	192	17280	256.0	637.0	283.0	223.0
Acquire-EHT_C5_60	193	17342	256.0	636.0	283.0	225.0
Acquire-EHT_C5_60	194	17514	256.0	636.0	283.0	226.0
Acquire-EHT_C5_60	195	17576	256.0	636.0	283.0	226.0
Acquire-EHT_C5_60	196	17608	256.0	636.0	283.0	225.0
Acquire-EHT_C5_60	197	17717	256.0	636.0	283.0	225.0
Acquire-EHT_C5_60	198	17779	256.0	636.0	283.0	224.0
Acquire-EHT_C5_60	199	17842	256.0	636.0	283.0	224.0
Acquire-EHT_C5_60	200	17904	256.0	636.0	283.0	224.0
Acquire-EHT_C5_60	201	17983	256.0	636.0	283.0	226.0
Acquire-EHT_C5_60	202	18279	256.0	636.0	283.0	226.0
Acquire-EHT_C5_60	203	18342	256.0	636.0	283.0	225.0
Acquire-EHT_C5_60	204	18451	256.0	637.0	283.0	224.0
Acquire-EHT_C5_60	205	18545	256.0	637.0	283.0	224.0
Acquire-EHT_C5_60	206	18608	256.0	636.0	283.0	224.0
Acquire-EHT_C5_60	207	18670	256.0	636.0	283.0	224.0
Acquire-EHT_C5_60	208	18748	256.0	636.0	283.0	225.0
Acquire-EHT_C5_60	209	18811	256.0	636.0	283.0	225.0
Acquire-EHT_C5_60	210	18873	256.0	636.0	283.0	226.0
Acquire-EHT_C5_60	211	18951	256.0	636.0	283.0	226.0
Acquire-EHT_C5_60	212	19014	256.0	636.0	283.0	225.0
Acquire-EHT_C5_60	213	19076	256.0	636.0	283.0	225.0
Acquire-EHT_C5_60	214	19139	256.0	636.0	283.0	224.0
Acquire-EHT_C5_60	215	19217	256.0	636.0	283.0	224.0
Acquire-EHT_C5_60	216	19342	410.0	118.0	283.0	223.0
Acquire-EHT_C5_60	217	19607	256.0	636.0	283.0	226.0
Acquire-EHT_C5_60	218	19779	256.0	635.0	283.0	226.0
Acquire-EHT_C5_60	219	19842	256.0	636.0	283.0	226.0
Acquire-EHT_C5_60	220	19904	256.0	636.0	283.0	225.0
Acquire-EHT_C5_60	221	19982	256.0	636.0	283.0	224.0
Acquire-EHT_C5_60	222	20076	256.0	636.0	283.0	224.0
Acquire-EHT_C5_60	223	20107	256.0	636.0	283.0	223.0
Acquire-EHT_C5_60	224	20139	256.0	636.0	283.0	223.0
Acquire-EHT_C5_60	225	20248	256.0	635.0	283.0	226.0
Acquire-EHT_C5_60	226	20545	256.0	636.0	283.0	225.0
Acquire-EHT_C5_60	227	20639	256.0	636.0	283.0	225.0
Acquire-EHT_C5_60	228	20717	256.0	636.0	283.0	224.0
Acquire-EHT_C5_60	229	20811	256.0	637.0	283.0	223.0
Acquire-EHT_C5_60	230	20873	257.0	638.0	283.0	223.0
Acquire-EHT_C5_60	231	20951	256.0	636.0	283.0	223.0
Acquire-EHT_C5_60	232	21014	256.0	636.0	283.0	225.0
Acquire-EHT_C5_60	233	21107	256.0	636.0	283.0	226.0
Acquire-EHT_C5_60	234	21217	256.0	636.0	283.0	226.0
Acquire-EHT_C5_60	235	21279	256.0	636.0	283.0	226.0
Acquire-EHT_C5_60	236	21342	256.0	636.0	283.0	225.0
Acquire-EHT_C5_60	237	21404	256.0	636.0	283.0	224.0
Acquire-EHT_C5_60	238	21482	256.0	636.0	283.0	224.0
Acquire-EHT_C5_60	239	21545	256.0	636.0	283.0	224.0
Acquire-EHT_C5_60	240	21639	256.0	636.0	283.0	223.0
Acquire-EHT_C5_60	241	21717	256.0	636.0	283.0	225.0
Acquire-EHT_C5_60	242	21904	256.0	636.0	283.0	226.0
Acquire-EHT_C5_60	243	21982	256.0	636.0	283.0	226.0
Acquire-EHT_C5_60	244	22076	256.0	636.0	283.0	225.0
Acquire-EHT_C5_60	245	22170	256.0	636.0	283.0	224.0
Acquire-EHT_C5_60	246	22248	256.0	637.0	283.0	224.0
Acquire-EHT_C5_60	247	22310	256.0	636.0	283.0	223.0
Acquire-EHT_C5_60	248	22373	256.0	637.0	283.0	224.0
Acquire-EHT_C5_60	249	22451	256.0	636.0	283.0	224.0
Acquire-EHT_C5_60	250	22514	256.0	636.0	283.0	225.0
Acquire-EHT_C5_60	251	22810	256.0	636.0	283.0	225.0
Acquire-EHT_C5_60	252	22904	256.0	636.0	283.0	224.0
Acquire-EHT_C5_60	253	22982	256.0	636.0	283.0	224.0
Acquire-EHT_C5_60	254	23045	256.0	637.0	283.0	223.0
Acquire-EHT_C5_60	255	23107	256.0	637.0	283.0	223.0
Acquire-EHT_C5_60	256	23170	256.0	637.0	283.0	224.0
Acquire-EHT_C5_60	257	23248	256.0	636.0	283.0	225.0
Acquire-EHT_C5_60	258	23342	256.0	636.0	283.0	226.0
Acquire-EHT_C5_60	259	23404	256.0	636.0	283.0	226.0
Acquire-EHT_C5_60	260	23482	256.0	636.0	283.0	226.0
Acquire-EHT_C5_60	261	23545	256.0	636.0	283.0	225.0
Acquire-EHT_C5_60	262	23607	256.0	636.0	283.0	225.0
Acquire-EHT_C5_60	263	23639	256.0	636.0	283.0	224.0
Acquire-EHT_C5_60	264	23717	256.0	636.0	283.0	224.0
Acquire-EHT_C5_60	265	23779	256.0	637.0	283.0	223.0
Acquire-EHT_C5_60	266	23982	256.0	636.0	283.0	224.0
Acquire-EHT_C5_60	267	24045	256.0	636.0	283.0	225.0
Acquire-EHT_C5_60	268	24107	256.0	636.0	283.0	226.0
Acquire-EHT_C5_60	269	24170	256.0	636.0	283.0	226.0
Acquire-EHT_C5_60	270	24248	256.0	636.0	283.0	225.0
Acquire-EHT_C5_60	271	24310	256.0	636.0	283.0	225.0
Acquire-EHT_C5_60	272	24404	256.0	636.0	283.0	224.0
Acquire-EHT_C5_60	273	24482	256.0	636.0	283.0	224.0
Acquire-EHT_C5_60	274	24513	256.0	636.0	283.0	223.0
Acquire-EHT_C5_60	275	24576	256.0	636.0	283.0	226.0
Acquire-EHT_C5_60	276	24904	256.0	636.0	283.0	223.0
Acquire-EHT_C5_60	277	25310	257.0	638.0	283.0	224.0
Acquire-EHT_C5_60	278	25451	256.0	636.0	283.0	223.0
Acquire-EHT_C5_60	279	25513	256.0	637.0	283.0	223.0
Acquire-EHT_C5_60	280	25576	256.0	636.0	283.0	225.0
Acquire-EHT_C5_60	281	25670	256.0	636.0	283.0	225.0
Acquire-EHT_C5_60	282	25748	256.0	636.0	283.0	226.0
Acquire-EHT_C5_60	283	25841	256.0	636.0	283.0	226.0
Acquire-EHT_C5_60	284	25904	256.0	636.0	283.0	225.0
Acquire-EHT_C5_60	285	25982	256.0	636.0	283.0	224.0
Acquire-EHT_C5_60	286	26045	256.0	637.0	283.0	224.0
Acquire-EHT_C5_60	287	26107	256.0	636.0	283.0	223.0
Acquire-EHT_C5_60	288	26170	256.0	637.0	283.0	223.0
Acquire-EHT_C5_60	289	26248	256.0	637.0	283.0	223.0
Acquire-EHT_C5_60	290	26310	256.0	636.0	283.0	224.0
Acquire-EHT_C5_60	291	26373	256.0	636.0	283.0	225.0
Acquire-EHT_C5_60	292	26451	256.0	636.0	283.0	226.0
Acquire-EHT_C5_60	293	26607	256.0	636.0	283.0	224.0
Acquire-EHT_C5_60	294	26810	256.0	636.0	283.0	224.0
Acquire-EHT_C5_60	295	26873	256.0	637.0	283.0	224.0
Acquire-EHT_C5_60	296	26904	256.0	639.0	283.0	224.0
Acquire-EHT_C5_60	297	26982	256.0	636.0	283.0	224.0
Acquire-EHT_C5_60	298	27044	256.0	637.0	283.0	223.0
Acquire-EHT_C5_60	299	27107	256.0	636.0	283.0	225.0
Acquire-EHT_C5_60	300	27169	256.0	636.0	283.0	225.0
Acquire-EHT_C5_60	301	27248	256.0	636.0	283.0	226.0
Acquire-EHT_C5_60	302	27310	256.0	636.0	283.0	226.0
Acquire-EHT_C5_60	303	27373	256.0	636.0	283.0	225.0
Acquire-EHT_C5_60	304	27451	256.0	636.0	283.0	225.0
Acquire-EHT_C5_60	305	27513	256.0	636.0	283.0	224.0
Acquire-EHT_C5_60	306	27576	256.0	636.0	283.0	224.0
Acquire-EHT_C5_60	307	27638	256.0	637.0	283.0	223.0
Acquire-EHT_C5_60	308	27716	256.0	637.0	283.0	224.0
Acquire-EHT_C5_60	309	27779	256.0	636.0	283.0	224.0
Acquire-EHT_C5_60	310	27982	256.0	636.0	283.0	225.0
Acquire-EHT_C5_60	311	28044	256.0	636.0	283.0	226.0
Acquire-EHT_C5_60	312	28107	256.0	636.0	283.0	226.0
Acquire-EHT_C5_60	313	28169	256.0	636.0	283.0	225.0
Acquire-EHT_C5_60	314	28248	256.0	636.0	283.0	225.0
Acquire-EHT_C5_60	315	28341	256.0	636.0	283.0	224.0
Acquire-EHT_C5_60	316	28373	256.0	637.0	283.0	224.0
Acquire-EHT_C5_60	317	28669	256.0	636.0	283.0	225.0
Acquire-EHT_C5_60	318	28747	256.0	636.0	283.0	226.0
Acquire-EHT_C5_60	319	28810	256.0	636.0	283.0	225.0
Acquire-EHT_C5_60	320	28872	256.0	635.0	283.0	225.0
Acquire-EHT_C5_60	321	28904	256.0	636.0	283.0	225.0
Acquire-EHT_C5_60	322	28982	256.0	636.0	283.0	225.0
Acquire-EHT_C5_60	323	29044	256.0	636.0	283.0	224.0
Acquire-EHT_C5_60	324	29107	256.0	637.0	283.0	223.0
Acquire-EHT_C5_60	325	29341	256.0	637.0	283.0	224.0
Acquire-EHT_C5_60	326	29404	256.0	636.0	283.0	224.0
Acquire-EHT_C5_60	327	29482	256.0	636.0	283.0	225.0
Acquire-EHT_C5_60	328	29576	256.0	636.0	283.0	225.0
Acquire-EHT_C5_60	329	29779	256.0	637.0	283.0	224.0
Acquire-EHT_C5_60	330	29841	256.0	636.0	283.0	224.0
Acquire-EHT_A5_60_1	0	0	236.0	662.0	292.0	231.0
Acquire-EHT_A5_60_1	1	16	236.0	662.0	292.0	231.0
Acquire-EHT_A5_60_1	2	141	236.0	662.0	292.0	231.0
Acquire-EHT_A5_60_1	3	172	236.0	662.0	292.0	231.0
Acquire-EHT_A5_60_1	4	219	236.0	662.0	292.0	231.0
Acquire-EHT_A5_60_1	5	250	236.0	662.0	292.0	231.0
Acquire-EHT_A5_60_1	6	281	236.0	662.0	292.0	231.0
Acquire-EHT_A5_60_1	7	312	236.0	662.0	292.0	231.0
Acquire-EHT_A5_60_1	8	344	236.0	662.0	292.0	231.0
Acquire-EHT_A5_60_1	9	375	236.0	662.0	292.0	231.0
Acquire-EHT_A5_60_1	10	406	236.0	662.0	292.0	231.0
Acquire-EHT_A5_60_1	11	437	236.0	660.0	292.0	232.0
Acquire-EHT_A5_60_1	12	484	236.0	660.0	292.0	232.0
Acquire-EHT_A5_60_1	13	516	236.0	659.0	292.0	233.0
Acquire-EHT_A5_60_1	14	547	236.0	660.0	292.0	233.0
Acquire-EHT_A5_60_1	15	578	235.0	660.0	292.0	233.0
Acquire-EHT_A5_60_1	16	609	236.0	661.0	292.0	233.0
Acquire-EHT_A5_60_1	17	641	236.0	660.0	292.0	233.0
Acquire-EHT_A5_60_1	18	672	236.0	662.0	292.0	232.0
Acquire-EHT_A5_60_1	19	719	236.0	662.0	292.0	231.0
Acquire-EHT_A5_60_1	20	750	236.0	662.0	292.0	231.0
Acquire-EHT_A5_60_1	21	781	236.0	662.0	292.0	231.0
Acquire-EHT_A5_60_1	22	812	236.0	662.0	292.0	231.0
Acquire-EHT_A5_60_1	23	844	236.0	662.0	292.0	231.0
Acquire-EHT_A5_60_1	24	875	236.0	662.0	292.0	231.0
Acquire-EHT_A5_60_1	25	906	236.0	662.0	292.0	231.0
Acquire-EHT_A5_60_1	26	937	236.0	662.0	292.0	231.0
Acquire-EHT_A5_60_1	27	984	236.0	662.0	292.0	231.0
Acquire-EHT_A5_60_1	28	1016	236.0	662.0	292.0	231.0
Acquire-EHT_A5_60_1	29	1047	236.0	662.0	292.0	231.0
Acquire-EHT_A5_60_1	30	1078	236.0	662.0	292.0	231.0
Acquire-EHT_A5_60_1	31	1109	236.0	662.0	292.0	231.0
Acquire-EHT_A5_60_1	32	1140	236.0	662.0	292.0	231.0
Acquire-EHT_A5_60_1	33	1172	236.0	662.0	292.0	231.0
Acquire-EHT_A5_60_1	34	1219	236.0	662.0	292.0	231.0
Acquire-EHT_A5_60_1	35	1250	236.0	662.0	292.0	232.0
Acquire-EHT_A5_60_1	36	1281	237.0	660.0	292.0	232.0
Acquire-EHT_A5_60_1	37	1312	235.0	660.0	292.0	232.0
Acquire-EHT_A5_60_1	38	1344	324.0	539.0	292.0	233.0
Acquire-EHT_A5_60_1	39	1375	236.0	660.0	292.0	233.0
Acquire-EHT_A5_60_1	40	1406	235.0	660.0	292.0	233.0
Acquire-EHT_A5_60_1	41	1437	236.0	662.0	292.0	233.0
Acquire-EHT_A5_60_1	42	1484	236.0	662.0	292.0	232.0
Acquire-EHT_A5_60_1	43	1515	236.0	662.0	292.0	232.0
Acquire-EHT_A5_60_1	44	1547	236.0	662.0	292.0	231.0
Acquire-EHT_A5_60_1	45	1578	236.0	662.0	292.0	231.0
Acquire-EHT_A5_60_1	46	1609	236.0	662.0	292.0	231.0
Acquire-EHT_A5_60_1	47	1640	236.0	662.0	292.0	230.0
Acquire-EHT_A5_60_1	48	1672	236.0	662.0	292.0	231.0
Acquire-EHT_A5_60_1	49	1719	236.0	662.0	292.0	231.0
Acquire-EHT_A5_60_1	50	1750	236.0	662.0	292.0	231.0
Acquire-EHT_A5_60_1	51	1781	236.0	662.0	292.0	231.0
Acquire-EHT_A5_60_1	52	1812	236.0	662.0	292.0	231.0
Acquire-EHT_A5_60_1	53	1844	236.0	662.0	292.0	231.0
Acquire-EHT_A5_60_1	54	1875	236.0	662.0	292.0	231.0
Acquire-EHT_A5_60_1	55	1906	236.0	662.0	292.0	231.0
Acquire-EHT_A5_60_1	56	1937	236.0	662.0	292.0	231.0
Acquire-EHT_A5_60_1	57	1984	236.0	662.0	292.0	231.0
Acquire-EHT_A5_60_1	58	2015	236.0	662.0	292.0	231.0
Acquire-EHT_A5_60_1	59	2047	236.0	662.0	292.0	232.0
Acquire-EHT_A5_60_1	60	2078	236.0	662.0	292.0	232.0
Acquire-EHT_A5_60_1	61	2109	235.0	660.0	292.0	233.0
Acquire-EHT_A5_60_1	62	2140	236.0	662.0	292.0	233.0
Acquire-EHT_A5_60_1	63	2172	236.0	661.0	292.0	232.0
Acquire-EHT_A5_60_1	64	2219	236.0	662.0	292.0	232.0
Acquire-EHT_A5_60_1	65	2250	236.0	662.0	292.0	232.0
Acquire-EHT_A5_60_1	66	2281	236.0	662.0	292.0	232.0
Acquire-EHT_A5_60_1	67	2312	236.0	662.0	292.0	231.0
Acquire-EHT_A5_60_1	68	2344	236.0	662.0	292.0	231.0
Acquire-EHT_A5_60_1	69	2375	236.0	662.0	292.0	231.0
Acquire-EHT_A5_60_1	70	2406	236.0	662.0	292.0	231.0
Acquire-EHT_A5_60_1	71	2437	236.0	662.0	292.0	231.0
Acquire-EHT_A5_60_1	72	2484	236.0	662.0	292.0	231.0
Acquire-EHT_A5_60_1	73	2515	236.0	662.0	292.0	231.0
Acquire-EHT_A5_60_1	74	2547	236.0	662.0	292.0	231.0
Acquire-EHT_A5_60_1	75	2578	236.0	662.0	292.0	231.0
Acquire-EHT_A5_60_1	76	2609	236.0	662.0	292.0	231.0
Acquire-EHT_A5_60_1	77	2640	236.0	662.0	292.0	231.0
Acquire-EHT_A5_60_1	78	2672	236.0	662.0	292.0	231.0
Acquire-EHT_A5_60_1	79	2719	236.0	662.0	292.0	231.0
Acquire-EHT_A5_60_1	80	2750	236.0	662.0	292.0	231.0
Acquire-EHT_A5_60_1	81	2781	236.0	662.0	292.0	231.0
Acquire-EHT_A5_60_1	82	2812	236.0	662.0	292.0	231.0
Acquire-EHT_A5_60_1	83	2844	236.0	662.0	292.0	232.0
Acquire-EHT_A5_60_1	84	2875	236.0	662.0	292.0	232.0
Acquire-EHT_A5_60_1	85	2906	236.0	660.0	292.0	233.0
Acquire-EHT_A5_60_1	86	2937	235.0	660.0	292.0	233.0
Acquire-EHT_A5_60_1	87	2984	325.0	540.0	292.0	232.0
Acquire-EHT_A5_60_1	88	3015	236.0	662.0	292.0	233.0
Acquire-EHT_A5_60_1	89	3047	236.0	660.0	292.0	232.0
Acquire-EHT_A5_60_1	90	3078	236.0	662.0	292.0	232.0
Acquire-EHT_A5_60_1	91	3109	236.0	662.0	292.0	231.0
Acquire-EHT_A5_60_1	92	3140	236.0	662.0	292.0	231.0
Acquire-EHT_A5_60_1	93	3172	236.0	662.0	292.0	231.0
Acquire-EHT_A5_60_1	94	3218	236.0	662.0	292.0	231.0
Acquire-EHT_A5_60_1	95	3250	236.0	662.0	292.0	231.0
Acquire-EHT_A5_60_1	96	3281	236.0	662.0	292.0	231.0
Acquire-EHT_A5_60_1	97	3312	236.0	662.0	292.0	231.0
Acquire-EHT_A5_60_1	98	3343	236.0	662.0	292.0	231.0
Acquire-EHT_A5_60_1	99	3375	236.0	662.0	292.0	231.0
Acquire-EHT_A5_60_1	100	3406	236.0	662.0	292.0	231.0
Acquire-EHT_A5_60_1	101	3437	236.0	662.0	292.0	231.0
Acquire-EHT_A5_60_1	102	3484	236.0	662.0	292.0	231.0
Acquire-EHT_A5_60_1	103	3515	236.0	662.0	292.0	231.0
Acquire-EHT_A5_60_1	104	3547	236.0	662.0	292.0	231.0
Acquire-EHT_A5_60_1	105	3578	236.0	662.0	292.0	231.0
Acquire-EHT_A5_60_1	106	3609	236.0	662.0	292.0	231.0
Acquire-EHT_A5_60_1	107	3640	236.0	661.0	292.0	232.0
Acquire-EHT_A5_60_1	108	3672	236.0	661.0	292.0	232.0
Acquire-EHT_A5_60_1	109	3718	236.0	662.0	292.0	233.0
Acquire-EHT_A5_60_1	110	3750	324.0	539.0	292.0	233.0
Acquire-EHT_A5_60_1	111	3781	235.0	660.0	292.0	233.0
Acquire-EHT_A5_60_1	112	3812	236.0	662.0	292.0	233.0
Acquire-EHT_A5_60_1	113	3843	236.0	660.0	292.0	232.0
Acquire-EHT_A5_60_1	114	3875	236.0	662.0	292.0	232.0
Acquire-EHT_A5_60_1	115	3906	236.0	662.0	292.0	231.0
Acquire-EHT_A5_60_1	116	3937	236.0	662.0	292.0	231.0
Acquire-EHT_A5_60_1	117	3984	236.0	662.0	292.0	231.0
Acquire-EHT_A5_60_1	118	4015	236.0	662.0	292.0	231.0
Acquire-EHT_A5_60_1	119	4047	236.0	662.0	292.0	231.0
Acquire-EHT_A5_60_1	120	4078	236.0	662.0	292.0	231.0
Acquire-EHT_A5_60_1	121	4109	236.0	662.0	292.0	231.0
Acquire-EHT_A5_60_1	122	4140	236.0	662.0	292.0	231.0
Acquire-EHT_A5_60_1	123	4172	236.0	662.0	292.0	231.0
Acquire-EHT_A5_60_1	124	4218	236.0	662.0	292.0	231.0
Acquire-EHT_A5_60_1	125	4250	236.0	662.0	292.0	231.0
Acquire-EHT_A5_60_1	126	4281	236.0	662.0	292.0	230.0
Acquire-EHT_A5_60_1	127	4312	236.0	662.0	292.0	231.0
Acquire-EHT_A5_60_1	128	4343	236.0	662.0	292.0	231.0
Acquire-EHT_A5_60_1	129	4375	236.0	662.0	292.0	231.0
Acquire-EHT_A5_60_1	130	4406	236.0	662.0	292.0	231.0
Acquire-EHT_A5_60_1	131	4437	236.0	662.0	292.0	232.0
Acquire-EHT_A5_60_1	132	4484	236.0	659.0	292.0	232.0
Acquire-EHT_A5_60_1	133	4515	235.0	660.0	292.0	233.0
Acquire-EHT_A5_60_1	134	4547	235.0	660.0	292.0	232.0
Acquire-EHT_A5_60_1	135	4578	236.0	662.0	292.0	232.0
Acquire-EHT_A5_60_1	136	4609	236.0	660.0	292.0	232.0
Acquire-EHT_A5_60_1	137	4640	235.0	660.0	292.0	232.0
Acquire-EHT_A5_60_1	138	4671	236.0	662.0	292.0	232.0
Acquire-EHT_A5_60_1	139	4718	236.0	662.0	292.0	232.0
Acquire-EHT_A5_60_1	140	4750	236.0	662.0	292.0	232.0
Acquire-EHT_A5_60_1	141	4781	236.0	662.0	292.0	231.0
Acquire-EHT_A5_60_1	142	4812	236.0	662.0	292.0	231.0
Acquire-EHT_A5_60_1	143	4843	236.0	662.0	292.0	231.0
Acquire-EHT_A5_60_1	144	4875	236.0	662.0	292.0	231.0
Acquire-EHT_A5_60_1	145	4906	236.0	662.0	292.0	231.0
Acquire-EHT_A5_60_1	146	4937	236.0	662.0	292.0	231.0
Acquire-EHT_A5_60_1	147	4984	236.0	662.0	292.0	231.0
Acquire-EHT_A5_60_1	148	5015	236.0	662.0	292.0	231.0
Acquire-EHT_A5_60_1	149	5046	236.0	662.0	292.0	231.0
Acquire-EHT_A5_60_1	150	5078	236.0	662.0	292.0	231.0
Acquire-EHT_A5_60_1	151	5109	236.0	662.0	292.0	231.0
Acquire-EHT_A5_60_1	152	5140	236.0	662.0	292.0	231.0
Acquire-EHT_A5_60_1	153	5171	236.0	662.0	292.0	231.0
Acquire-EHT_A5_60_1	154	5218	236.0	662.0	292.0	231.0
Acquire-EHT_A5_60_1	155	5250	236.0	662.0	292.0	232.0
Acquire-EHT_A5_60_1	156	5281	236.0	660.0	292.0	233.0
Acquire-EHT_A5_60_1	157	5312	236.0	662.0	292.0	233.0
Acquire-EHT_A5_60_1	158	5343	236.0	660.0	292.0	232.0
Acquire-EHT_A5_60_1	159	5375	236.0	662.0	292.0	232.0
Acquire-EHT_A5_60_1	160	5406	236.0	659.0	292.0	233.0
Acquire-EHT_A5_60_1	161	5437	236.0	662.0	292.0	232.0
Acquire-EHT_A5_60_1	162	5484	236.0	661.0	292.0	232.0
Acquire-EHT_A5_60_1	163	5515	236.0	662.0	292.0	231.0
Acquire-EHT_A5_60_1	164	5546	236.0	662.0	292.0	231.0
Acquire-EHT_A5_60_1	165	5578	236.0	662.0	292.0	231.0
Acquire-EHT_A5_60_1	166	5609	236.0	662.0	292.0	231.0
Acquire-EHT_A5_60_1	167	5640	236.0	662.0	292.0	231.0
Acquire-EHT_A5_60_1	168	5671	236.0	662.0	292.0	231.0
Acquire-EHT_A5_60_1	169	5718	236.0	662.0	292.0	231.0
Acquire-EHT_A5_60_1	170	5750	236.0	662.0	292.0	231.0
Acquire-EHT_A5_60_1	171	5781	236.0	662.0	292.0	231.0
Acquire-EHT_A5_60_1	172	5812	236.0	662.0	292.0	231.0
Acquire-EHT_A5_60_1	173	5843	236.0	662.0	292.0	231.0
Acquire-EHT_A5_60_1	174	5875	236.0	662.0	292.0	231.0
Acquire-EHT_A5_60_1	175	5906	236.0	662.0	292.0	231.0
Acquire-EHT_A5_60_1	176	5937	236.0	662.0	292.0	231.0
Acquire-EHT_A5_60_1	177	5984	236.0	662.0	292.0	231.0
Acquire-EHT_A5_60_1	178	6015	236.0	661.0	292.0	231.0
Acquire-EHT_A5_60_1	179	6046	236.0	661.0	292.0	232.0
Acquire-EHT_A5_60_1	180	6078	236.0	660.0	292.0	232.0
Acquire-EHT_A5_60_1	181	6109	235.0	660.0	291.0	233.0
Acquire-EHT_A5_60_1	182	6140	236.0	659.0	292.0	233.0
Acquire-EHT_A5_60_1	183	6171	235.0	660.0	292.0	233.0
Acquire-EHT_A5_60_1	184	6218	235.0	660.0	292.0	232.0
Acquire-EHT_A5_60_1	185	6250	236.0	661.0	292.0	232.0
Acquire-EHT_A5_60_1	186	6281	236.0	662.0	292.0	232.0
Acquire-EHT_A5_60_1	187	6312	236.0	662.0	292.0	231.0
Acquire-EHT_A5_60_1	188	6343	236.0	662.0	292.0	231.0
Acquire-EHT_A5_60_1	189	6375	236.0	662.0	292.0	231.0
Acquire-EHT_A5_60_1	190	6406	236.0	662.0	292.0	231.0
Acquire-EHT_A5_60_1	191	6437	236.0	662.0	292.0	231.0
Acquire-EHT_A5_60_1	192	6484	236.0	662.0	292.0	231.0
Acquire-EHT_A5_60_1	193	6515	236.0	662.0	292.0	231.0
Acquire-EHT_A5_60_1	194	6546	236.0	662.0	292.0	230.0
Acquire-EHT_A5_60_1	195	6578	236.0	662.0	292.0	231.0
Acquire-EHT_A5_60_1	196	6609	236.0	662.0	292.0	231.0
Acquire-EHT_A5_60_1	197	6640	236.0	662.0	292.0	231.0
Acquire-EHT_A5_60_1	198	6671	236.0	662.0	292.0	231.0
Acquire-EHT_A5_60_1	199	6718	236.0	663.0	292.0	231.0
Acquire-EHT_A5_60_1	200	6749	236.0	662.0	292.0	231.0
Acquire-EHT_A5_60_1	201	6781	236.0	662.0	292.0	231.0
Acquire-EHT_A5_60_1	202	6812	235.0	660.0	292.0	231.0
Acquire-EHT_A5_60_1	203	6843	236.0	662.0	292.0	232.0
Acquire-EHT_A5_60_1	204	6874	236.0	660.0	292.0	233.0
Acquire-EHT_A5_60_1	205	6906	236.0	660.0	292.0	232.0
Acquire-EHT_A5_60_1	206	6937	324.0	539.0	292.0	233.0
Acquire-EHT_A5_60_1	207	6984	236.0	660.0	292.0	233.0
Acquire-EHT_A5_60_1	208	7015	236.0	661.0	292.0	232.0
Acquire-EHT_A5_60_1	209	7046	236.0	662.0	292.0	232.0
Acquire-EHT_A5_60_1	210	7078	236.0	662.0	292.0	232.0
Acquire-EHT_A5_60_1	211	7109	236.0	662.0	292.0	231.0
Acquire-EHT_A5_60_1	212	7140	236.0	662.0	292.0	231.0
Acquire-EHT_A5_60_1	213	7171	236.0	662.0	292.0	231.0
Acquire-EHT_A5_60_1	214	7218	236.0	662.0	292.0	231.0
Acquire-EHT_A5_60_1	215	7249	236.0	662.0	292.0	231.0
Acquire-EHT_A5_60_1	216	7281	236.0	662.0	292.0	231.0
Acquire-EHT_A5_60_1	217	7312	236.0	662.0	292.0	231.0
Acquire-EHT_A5_60_1	218	7343	236.0	662.0	292.0	231.0
Acquire-EHT_A5_60_1	219	7374	236.0	662.0	292.0	231.0
Acquire-EHT_A5_60_1	220	7406	236.0	662.0	292.0	231.0
Acquire-EHT_A5_60_1	221	7437	236.0	662.0	292.0	231.0
Acquire-EHT_A5_60_1	222	7484	236.0	662.0	292.0	231.0
Acquire-EHT_A5_60_1	223	7515	236.0	662.0	292.0	231.0
Acquire-EHT_A5_60_1	224	7546	236.0	662.0	292.0	231.0
Acquire-EHT_A5_60_1	225	7578	236.0	662.0	292.0	231.0
Acquire-EHT_A5_60_1	226	7609	236.0	662.0	292.0	232.0
Acquire-EHT_A5_60_1	227	7640	236.0	662.0	292.0	233.0
Acquire-EHT_A5_60_1	228	7671	236.0	661.0	292.0	232.0
Acquire-EHT_A5_60_1	229	7718	235.0	660.0	292.0	233.0
Acquire-EHT_A5_60_1	230	7749	235.0	659.0	292.0	233.0
Acquire-EHT_A5_60_1	231	7781	325.0	540.0	292.0	232.0
Acquire-EHT_A5_60_1	232	7812	235.0	660.0	292.0	232.0
Acquire-EHT_A5_60_1	233	7843	235.0	660.0	292.0	232.0
Acquire-EHT_A5_60_1	234	7874	236.0	662.0	292.0	232.0
Acquire-EHT_A5_60_1	235	7906	236.0	662.0	292.0	231.0
Acquire-EHT_A5_60_1	236	7937	236.0	662.0	292.0	231.0
Acquire-EHT_A5_60_1	237	7984	236.0	662.0	292.0	231.0
Acquire-EHT_A5_60_1	238	8015	236.0	662.0	292.0	231.0
Acquire-EHT_A5_60_1	239	8046	236.0	662.0	292.0	230.0
Acquire-EHT_A5_60_1	240	8078	236.0	663.0	292.0	231.0
Acquire-EHT_A5_60_1	241	8109	236.0	662.0	292.0	231.0
Acquire-EHT_A5_60_1	242	8140	236.0	662.0	292.0	231.0
Acquire-EHT_A5_60_1	243	8171	236.0	662.0	292.0	231.0
Acquire-EHT_A5_60_1	244	8218	236.0	662.0	292.0	231.0
Acquire-EHT_A5_60_1	245	8249	236.0	662.0	292.0	231.0
Acquire-EHT_A5_60_1	246	8281	236.0	662.0	292.0	230.0
Acquire-EHT_A5_60_1	247	8312	236.0	662.0	292.0	231.0
Acquire-EHT_A5_60_1	248	8343	236.0	662.0	292.0	231.0
Acquire-EHT_A5_60_1	249	8374	236.0	662.0	292.0	231.0
Acquire-EHT_A5_60_1	250	8406	236.0	662.0	292.0	232.0
Acquire-EHT_A5_60_1	251	8437	235.0	660.0	292.0	232.0
Acquire-EHT_A5_60_1	252	8484	236.0	660.0	292.0	232.0
Acquire-EHT_A5_60_1	253	8515	235.0	660.0	292.0	232.0
Acquire-EHT_A5_60_1	254	8546	236.0	660.0	292.0	233.0
Acquire-EHT_A5_60_1	255	8577	236.0	660.0	292.0	232.0
Acquire-EHT_A5_60_1	256	8609	237.0	660.0	292.0	232.0
Acquire-EHT_A5_60_1	257	8640	235.0	660.0	292.0	232.0
Acquire-EHT_A5_60_1	258	8671	236.0	662.0	292.0	231.0
Acquire-EHT_A5_60_1	259	8718	236.0	662.0	292.0	231.0
Acquire-EHT_A5_60_1	260	8749	236.0	662.0	292.0	231.0
Acquire-EHT_A5_60_1	261	8781	236.0	662.0	292.0	231.0
Acquire-EHT_A5_60_1	262	8812	236.0	662.0	292.0	231.0
Acquire-EHT_A5_60_1	263	8843	236.0	662.0	292.0	231.0
Acquire-EHT_A5_60_1	264	8874	236.0	662.0	292.0	231.0
Acquire-EHT_A5_60_1	265	8906	236.0	662.0	292.0	231.0
Acquire-EHT_A5_60_1	266	8937	236.0	662.0	292.0	231.0
Acquire-EHT_A5_60_1	267	8984	236.0	662.0	292.0	231.0
Acquire-EHT_A5_60_1	268	9015	236.0	662.0	292.0	231.0
Acquire-EHT_A5_60_1	269	9046	236.0	662.0	292.0	231.0
Acquire-EHT_A5_60_1	270	9077	236.0	662.0	292.0	231.0
Acquire-EHT_A5_60_1	271	9109	236.0	662.0	292.0	231.0
Acquire-EHT_A5_60_1	272	9140	236.0	662.0	292.0	231.0
Acquire-EHT_A5_60_1	273	9171	236.0	662.0	292.0	232.0
Acquire-EHT_A5_60_1	274	9218	236.0	662.0	292.0	232.0
Acquire-EHT_A5_60_1	275	9249	236.0	662.0	292.0	232.0
Acquire-EHT_A5_60_1	276	9281	236.0	661.0	292.0	233.0
Acquire-EHT_A5_60_1	277	9312	236.0	661.0	291.0	233.0
Acquire-EHT_A5_60_1	278	9343	324.0	539.0	292.0	233.0
Acquire-EHT_A5_60_1	279	9374	235.0	660.0	292.0	232.0
Acquire-EHT_A5_60_1	280	9406	235.0	660.0	292.0	232.0
Acquire-EHT_A5_60_1	281	9437	236.0	662.0	292.0	232.0
Acquire-EHT_A5_60_1	282	9484	236.0	662.0	292.0	232.0
Acquire-EHT_A5_60_1	283	9515	236.0	662.0	292.0	231.0
Acquire-EHT_A5_60_1	284	9546	236.0	662.0	292.0	231.0
Acquire-EHT_A5_60_1	285	9577	236.0	662.0	292.0	231.0
Acquire-EHT_A5_60_1	286	9609	236.0	662.0	292.0	231.0
Acquire-EHT_A5_60_1	287	9640	236.0	662.0	292.0	231.0
Acquire-EHT_A5_60_1	288	9671	236.0	662.0	292.0	231.0
Acquire-EHT_A5_60_1	289	9718	236.0	662.0	292.0	231.0
Acquire-EHT_A5_60_1	290	9749	236.0	662.0	292.0	231.0
Acquire-EHT_A5_60_1	291	9781	236.0	662.0	292.0	231.0
Acquire-EHT_A5_60_1	292	9812	236.0	662.0	292.0	231.0
Acquire-EHT_A5_60_1	293	9843	236.0	662.0	292.0	231.0
Acquire-EHT_A5_60_1	294	9874	236.0	662.0	292.0	231.0
Acquire-EHT_A5_60_1	295	9906	236.0	662.0	292.0	231.0
Acquire-EHT_A5_60_1	296	9937	236.0	662.0	292.0	231.0
Acquire-EHT_A5_60_1	297	9984	236.0	662.0	292.0	232.0
Acquire-EHT_A5_60_1	298	10015	235.0	660.0	292.0	232.0
Acquire-EHT_A5_60_1	299	10046	235.0	660.0	292.0	232.0
Acquire-EHT_A5_60_1	300	10077	235.0	660.0	291.0	233.0
Acquire-EHT_A5_60_1	301	10109	235.0	660.0	292.0	233.0
Acquire-EHT_A5_60_1	302	10140	235.0	661.0	292.0	233.0
Acquire-EHT_A5_60_1	303	10171	325.0	539.0	292.0	233.0
Acquire-EHT_A5_60_1	304	10218	236.0	661.0	292.0	232.0
Acquire-EHT_A5_60_1	305	10249	236.0	662.0	292.0	232.0
Acquire-EHT_A5_60_1	306	10280	236.0	662.0	292.0	232.0
Acquire-EHT_A5_60_1	307	10312	236.0	662.0	292.0	231.0
Acquire-EHT_A5_60_1	308	10343	236.0	662.0	292.0	231.0
Acquire-EHT_A5_60_1	309	10374	236.0	662.0	292.0	231.0
Acquire-EHT_A5_60_1	310	10405	236.0	663.0	292.0	231.0
Acquire-EHT_A5_60_1	311	10437	236.0	662.0	292.0	231.0
Acquire-EHT_A5_60_1	312	10484	236.0	662.0	292.0	231.0
Acquire-EHT_A5_60_1	313	10515	236.0	662.0	292.0	231.0
Acquire-EHT_A5_60_1	314	10546	236.0	662.0	292.0	231.0
Acquire-EHT_A5_60_1	315	10577	236.0	662.0	292.0	231.0
Acquire-EHT_A5_60_1	316	10609	236.0	662.0	292.0	231.0
Acquire-EHT_A5_60_1	317	10640	236.0	662.0	292.0	231.0
Acquire-EHT_A5_60_1	318	10671	236.0	662.0	292.0	231.0
Acquire-EHT_A5_60_1	319	10718	236.0	662.0	292.0	231.0
Acquire-EHT_A5_60_1	320	10749	236.0	662.0	292.0	231.0
Acquire-EHT_A5_60_1	321	10780	236.0	662.0	292.0	232.0
Acquire-EHT_A5_60_1	322	10812	237.0	660.0	292.0	232.0
Acquire-EHT_A5_60_1	323	10843	237.0	660.0	292.0	233.0
Acquire-EHT_A5_60_1	324	10874	236.0	659.0	292.0	233.0
Acquire-EHT_A5_60_1	325	10905	235.0	660.0	292.0	233.0
Acquire-EHT_A5_60_1	326	10937	235.0	660.0	292.0	233.0
Acquire-EHT_A5_60_1	327	10984	236.0	660.0	292.0	232.0
Acquire-EHT_A5_60_1	328	11015	235.0	660.0	292.0	232.0
Acquire-EHT_A5_60_1	329	11046	236.0	661.0	292.0	232.0
Acquire-EHT_A5_60_1	330	11077	236.0	662.0	292.0	232.0
Acquire-EHT_A5_60_1	331	11109	236.0	662.0	292.0	231.0
Acquire-EHT_A5_60_1	332	11140	236.0	662.0	292.0	231.0
Acquire-EHT_A5_60_1	333	11171	236.0	662.0	292.0	231.0
Acquire-EHT_A5_60_1	334	11218	236.0	662.0	292.0	231.0
Acquire-EHT_A5_60_1	335	11249	236.0	662.0	292.0	231.0
Acquire-EHT_A5_60_1	336	11280	236.0	662.0	292.0	231.0
Acquire-EHT_A5_60_1	337	11312	236.0	662.0	292.0	231.0
Acquire-EHT_A5_60_1	338	11343	236.0	662.0	292.0	231.0
Acquire-EHT_A5_60_1	339	11374	236.0	662.0	292.0	231.0
Acquire-EHT_A5_60_1	340	11405	236.0	662.0	292.0	231.0
Acquire-EHT_A5_60_1	341	11437	236.0	662.0	292.0	231.0
Acquire-EHT_A5_60_1	342	11484	236.0	662.0	292.0	231.0
Acquire-EHT_A5_60_1	343	11515	236.0	662.0	292.0	231.0
Acquire-EHT_A5_60_1	344	11546	236.0	662.0	292.0	231.0
Acquire-EHT_A5_60_1	345	11577	236.0	662.0	292.0	232.0
Acquire-EHT_A5_60_1	346	11609	235.0	660.0	292.0	232.0
Acquire-EHT_A5_60_1	347	11640	236.0	661.0	292.0	232.0
Acquire-EHT_A5_60_1	348	11671	235.0	660.0	292.0	233.0
Acquire-EHT_A5_60_1	349	11718	236.0	660.0	292.0	233.0
Acquire-EHT_A5_60_1	350	11749	235.0	660.0	292.0	233.0
Acquire-EHT_A5_60_1	351	11780	236.0	662.0	292.0	232.0
Acquire-EHT_A5_60_1	352	11812	236.0	661.0	292.0	232.0
Acquire-EHT_A5_60_1	353	11843	236.0	662.0	292.0	232.0
Acquire-EHT_A5_60_1	354	11874	236.0	662.0	292.0	232.0
Acquire-EHT_A5_60_1	355	11905	236.0	662.0	292.0	231.0
Acquire-EHT_A5_60_1	356	11937	236.0	662.0	292.0	231.0
Acquire-EHT_A5_60_1	357	11984	236.0	662.0	292.0	231.0
Acquire-EHT_A5_60_1	358	12015	236.0	662.0	292.0	231.0
Acquire-EHT_A5_60_1	359	12046	236.0	662.0	292.0	231.0
Acquire-EHT_A5_60_1	360	12077	236.0	662.0	292.0	231.0
Acquire-EHT_A5_60_1	361	12108	236.0	662.0	292.0	231.0
Acquire-EHT_A5_60_1	362	12140	236.0	662.0	292.0	231.0
Acquire-EHT_A5_60_1	363	12171	236.0	662.0	292.0	231.0
Acquire-EHT_A5_60_1	364	12218	236.0	662.0	292.0	231.0
Acquire-EHT_A5_60_1	365	12249	236.0	662.0	292.0	231.0
Acquire-EHT_A5_60_1	366	12280	236.0	662.0	292.0	231.0
Acquire-EHT_A5_60_1	367	12312	236.0	662.0	292.0	231.0
Acquire-EHT_A5_60_1	368	12343	236.0	662.0	292.0	231.0
Acquire-EHT_A5_60_1	369	12374	236.0	662.0	292.0	232.0
Acquire-EHT_A5_60_1	370	12405	236.0	662.0	292.0	232.0
Acquire-EHT_A5_60_1	371	12437	235.0	660.0	292.0	232.0
Acquire-EHT_A5_60_1	372	12483	236.0	660.0	292.0	232.0
Acquire-EHT_A5_60_1	373	12515	236.0	660.0	292.0	233.0
Acquire-EHT_A5_60_1	374	12546	236.0	661.0	292.0	233.0
Acquire-EHT_A5_60_1	375	12577	235.0	660.0	292.0	232.0
Acquire-EHT_A5_60_1	376	12608	236.0	662.0	292.0	232.0
Acquire-EHT_A5_60_1	377	12640	236.0	661.0	292.0	232.0
Acquire-EHT_A5_60_1	378	12671	236.0	662.0	292.0	232.0
Acquire-EHT_A5_60_1	379	12718	236.0	662.0	292.0	231.0
Acquire-EHT_A5_60_1	380	12749	236.0	662.0	292.0	231.0
Acquire-EHT_A5_60_1	381	12780	236.0	662.0	292.0	231.0
Acquire-EHT_A5_60_1	382	12812	236.0	662.0	292.0	231.0
Acquire-EHT_A5_60_1	383	12843	236.0	662.0	292.0	231.0
Acquire-EHT_A5_60_1	384	12874	236.0	662.0	292.0	231.0
Acquire-EHT_A5_60_1	385	12905	236.0	662.0	292.0	231.0
Acquire-EHT_A5_60_1	386	12937	236.0	662.0	292.0	231.0
Acquire-EHT_A5_60_1	387	12983	236.0	662.0	292.0	231.0
Acquire-EHT_A5_60_1	388	13015	236.0	662.0	292.0	231.0
Acquire-EHT_A5_60_1	389	13046	236.0	662.0	292.0	231.0
Acquire-EHT_A5_60_1	390	13077	236.0	662.0	292.0	231.0
Acquire-EHT_A5_60_1	391	13108	236.0	662.0	292.0	231.0
Acquire-EHT_A5_60_1	392	13140	236.0	662.0	292.0	231.0
Acquire-EHT_A5_60_1	393	13171	236.0	662.0	292.0	232.0
Acquire-EHT_A5_60_1	394	13218	236.0	660.0	292.0	232.0
Acquire-EHT_A5_60_1	395	13249	236.0	661.0	292.0	232.0
Acquire-EHT_A5_60_1	396	13280	235.0	660.0	292.0	233.0
Acquire-EHT_A5_60_1	397	13312	236.0	660.0	292.0	233.0
Acquire-EHT_A5_60_1	398	13343	236.0	662.0	292.0	233.0
Acquire-EHT_A5_60_1	399	13374	236.0	660.0	292.0	232.0
Acquire-EHT_A5_60_1	400	13405	236.0	662.0	292.0	232.0
Acquire-EHT_A5_60_1	401	13437	236.0	662.0	292.0	232.0
Acquire-EHT_A5_60_1	402	13483	236.0	662.0	292.0	232.0
Acquire-EHT_A5_60_1	403	13515	236.0	662.0	292.0	231.0
Acquire-EHT_A5_60_1	404	13546	236.0	662.0	292.0	231.0
Acquire-EHT_A5_60_1	405	13577	236.0	662.0	292.0	231.0
Acquire-EHT_A5_60_1	406	13608	236.0	662.0	292.0	231.0
Acquire-EHT_A5_60_1	407	13640	236.0	662.0	292.0	231.0
Acquire-EHT_A5_60_1	408	13671	236.0	662.0	292.0	231.0
Acquire-EHT_A5_60_1	409	13718	236.0	662.0	292.0	231.0
Acquire-EHT_A5_60_1	410	13749	236.0	662.0	292.0	231.0
Acquire-EHT_A5_60_1	411	13780	236.0	662.0	292.0	231.0
Acquire-EHT_A5_60_1	412	13811	236.0	662.0	292.0	231.0
Acquire-EHT_A5_60_1	413	13843	236.0	662.0	292.0	231.0
Acquire-EHT_A5_60_1	414	13874	236.0	662.0	292.0	231.0
Acquire-EHT_A5_60_1	415	13905	236.0	662.0	292.0	231.0
Acquire-EHT_A5_60_1	416	13936	236.0	662.0	292.0	231.0
Acquire-EHT_A5_60_1	417	13983	236.0	662.0	292.0	232.0
Acquire-EHT_A5_60_1	418	14015	236.0	662.0	292.0	232.0
Acquire-EHT_A5_60_1	419	14046	236.0	660.0	292.0	233.0
Acquire-EHT_A5_60_1	420	14077	236.0	660.0	292.0	233.0
Acquire-EHT_A5_60_1	421	14108	235.0	660.0	291.0	233.0
Acquire-EHT_A5_60_1	422	14140	235.0	660.0	292.0	233.0
Acquire-EHT_A5_60_1	423	14171	325.0	539.0	292.0	233.0
Acquire-EHT_A5_60_1	424	14218	236.0	662.0	292.0	232.0
Acquire-EHT_A5_60_1	425	14249	236.0	662.0	292.0	232.0
Acquire-EHT_A5_60_1	426	14280	236.0	662.0	292.0	232.0
Acquire-EHT_A5_60_1	427	14311	236.0	662.0	292.0	231.0
Acquire-EHT_A5_60_1	428	14343	236.0	662.0	292.0	231.0
Acquire-EHT_A5_60_1	429	14374	236.0	662.0	292.0	231.0
Acquire-EHT_A5_60_1	430	14405	236.0	662.0	292.0	231.0
Acquire-EHT_A5_60_1	431	14452	236.0	662.0	292.0	231.0
Acquire-EHT_A5_60_1	432	14483	236.0	662.0	292.0	231.0
Acquire-EHT_A5_60_1	433	14515	236.0	662.0	292.0	231.0
Acquire-EHT_A5_60_1	434	14546	236.0	662.0	292.0	231.0
Acquire-EHT_A5_60_1	435	14577	236.0	662.0	292.0	231.0
Acquire-EHT_A5_60_1	436	14608	236.0	663.0	292.0	231.0
Acquire-EHT_A5_60_1	437	14640	236.0	662.0	292.0	231.0
Acquire-EHT_A5_60_1	438	14671	236.0	662.0	292.0	231.0
Acquire-EHT_A5_60_1	439	14749	236.0	662.0	292.0	231.0
Acquire-EHT_A5_60_1	440	14780	236.0	662.0	292.0	232.0
Acquire-EHT_A5_60_1	441	14811	235.0	660.0	292.0	232.0
Acquire-EHT_A5_60_1	442	14843	236.0	662.0	292.0	233.0
Acquire-EHT_A5_60_1	443	14874	236.0	659.0	292.0	232.0
Acquire-EHT_A5_60_1	444	14905	236.0	660.0	292.0	233.0
Acquire-EHT_A5_60_1	445	14936	235.0	659.0	292.0	233.0
Acquire-EHT_A5_60_1	446	14983	235.0	660.0	292.0	232.0
Acquire-EHT_A5_60_1	447	15015	236.0	662.0	292.0	232.0
Acquire-EHT_A5_60_1	448	15046	236.0	662.0	292.0	232.0
Acquire-EHT_A5_60_1	449	15077	236.0	662.0	292.0	232.0
Acquire-EHT_A5_60_1	450	15108	236.0	662.0	292.0	231.0
Acquire-EHT_A5_60_1	451	15140	236.0	662.0	292.0	231.0
Acquire-EHT_A5_60_1	452	15171	236.0	662.0	292.0	231.0
Acquire-EHT_A5_60_1	453	15218	236.0	662.0	292.0	231.0
Acquire-EHT_A5_60_1	454	15249	236.0	662.0	292.0	231.0
Acquire-EHT_A5_60_1	455	15280	236.0	662.0	292.0	231.0
Acquire-EHT_A5_60_1	456	15311	236.0	662.0	292.0	231.0
Acquire-EHT_A5_60_1	457	15483	236.0	662.0	292.0	230.0
Acquire-EHT_A5_60_1	458	15515	236.0	662.0	292.0	231.0
Acquire-EHT_A5_60_1	459	15546	236.0	662.0	292.0	231.0
Acquire-EHT_A5_60_1	460	15577	236.0	662.0	292.0	231.0
Acquire-EHT_A5_60_1	461	15608	236.0	662.0	292.0	231.0
Acquire-EHT_A5_60_1	462	15640	236.0	662.0	292.0	232.0
Acquire-EHT_A5_60_1	463	15671	236.0	660.0	292.0	233.0
Acquire-EHT_A5_60_1	464	15718	236.0	660.0	292.0	232.0
Acquire-EHT_A5_60_1	465	15749	324.0	539.0	292.0	233.0
Acquire-EHT_A5_60_1	466	15780	236.0	660.0	292.0	232.0
Acquire-EHT_A5_60_1	467	15811	235.0	660.0	292.0	232.0
Acquire-EHT_A5_60_1	468	15843	236.0	660.0	292.0	232.0
Acquire-EHT_A5_60_1	469	15874	236.0	662.0	292.0	232.0
Acquire-EHT_A5_60_1	470	15905	236.0	662.0	292.0	231.0
Acquire-EHT_A5_60_1	471	15952	236.0	662.0	292.0	231.0
Acquire-EHT_A5_60_1	472	15983	236.0	662.0	292.0	231.0
Acquire-EHT_A5_60_1	473	16014	236.0	662.0	292.0	231.0
Acquire-EHT_A5_60_1	474	16046	236.0	662.0	292.0	231.0
Acquire-EHT_A5_60_1	475	16077	236.0	662.0	292.0	231.0
Acquire-EHT_A5_60_1	476	16108	236.0	662.0	292.0	231.0
Acquire-EHT_A5_60_1	477	16139	236.0	662.0	292.0	231.0
Acquire-EHT_A5_60_1	478	16171	236.0	662.0	292.0	231.0
Acquire-EHT_A5_60_1	479	16218	236.0	662.0	292.0	231.0
Acquire-EHT_A5_60_1	480	16249	236.0	663.0	292.0	231.0
Acquire-EHT_A5_60_1	481	16280	236.0	663.0	292.0	231.0
Acquire-EHT_A5_60_1	482	16311	236.0	662.0	292.0	231.0
Acquire-EHT_A5_60_1	483	16343	236.0	662.0	292.0	231.0
Acquire-EHT_A5_60_1	484	16374	236.0	662.0	292.0	231.0
Acquire-EHT_A5_60_1	485	16405	236.0	662.0	292.0	231.0
Acquire-EHT_A5_60_1	486	16452	236.0	662.0	292.0	232.0
Acquire-EHT_A5_60_1	487	16483	236.0	662.0	292.0	232.0
Acquire-EHT_A5_60_1	488	16514	235.0	660.0	292.0	233.0
Acquire-EHT_A5_60_1	489	16546	236.0	660.0	291.0	233.0
Acquire-EHT_A5_60_1	490	16577	235.0	660.0	292.0	233.0
Acquire-EHT_A5_60_1	491	16608	235.0	660.0	292.0	232.0
Acquire-EHT_A5_60_1	492	16639	236.0	660.0	292.0	232.0
Acquire-EHT_A5_60_1	493	16671	236.0	662.0	292.0	232.0
Acquire-EHT_A5_60_1	494	16718	236.0	662.0	292.0	231.0
Acquire-EHT_A5_60_1	495	16749	236.0	662.0	292.0	231.0
Acquire-EHT_A5_60_1	496	16780	236.0	662.0	292.0	231.0
Acquire-EHT_A5_60_1	497	16811	236.0	662.0	292.0	231.0
Acquire-EHT_A5_60_1	498	16843	236.0	662.0	292.0	231.0
Acquire-EHT_A5_60_1	499	16874	236.0	662.0	292.0	231.0
Acquire-EHT_A5_60_1	500	16905	236.0	662.0	292.0	231.0
Acquire-EHT_A5_60_1	501	16952	236.0	662.0	292.0	231.0
Acquire-EHT_A5_60_1	502	16983	236.0	662.0	292.0	231.0
Acquire-EHT_A5_60_1	503	17014	236.0	662.0	292.0	231.0
Acquire-EHT_A5_60_1	504	17046	236.0	662.0	292.0	231.0
Acquire-EHT_A5_60_1	505	17077	236.0	662.0	292.0	231.0
Acquire-EHT_A5_60_1	506	17108	236.0	662.0	292.0	231.0
Acquire-EHT_A5_60_1	507	17139	236.0	662.0	292.0	231.0
Acquire-EHT_A5_60_1	508	17171	236.0	662.0	292.0	231.0
Acquire-EHT_A5_60_1	509	17218	236.0	662.0	292.0	231.0
Acquire-EHT_A5_60_1	510	17249	236.0	662.0	292.0	232.0
Acquire-EHT_A5_60_1	511	17280	235.0	660.0	292.0	232.0
Acquire-EHT_A5_60_1	512	17311	235.0	660.0	292.0	233.0
Acquire-EHT_A5_60_1	513	17342	324.0	539.0	292.0	233.0
Acquire-EHT_A5_60_1	514	17374	235.0	660.0	292.0	232.0
Acquire-EHT_A5_60_1	515	17405	236.0	662.0	292.0	232.0
Acquire-EHT_A5_60_1	516	17452	236.0	660.0	292.0	232.0
Acquire-EHT_A5_60_1	517	17483	236.0	662.0	292.0	232.0
Acquire-EHT_A5_60_1	518	17514	236.0	662.0	292.0	231.0
Acquire-EHT_A5_60_1	519	17546	236.0	662.0	292.0	231.0
Acquire-EHT_A5_60_1	520	17577	236.0	662.0	292.0	231.0
Acquire-EHT_A5_60_1	521	17608	236.0	662.0	292.0	231.0
Acquire-EHT_A5_60_1	522	17639	236.0	662.0	292.0	231.0
Acquire-EHT_A5_60_1	523	17671	236.0	662.0	292.0	230.0
Acquire-EHT_A5_60_1	524	17717	236.0	662.0	292.0	231.0
Acquire-EHT_A5_60_1	525	17749	236.0	662.0	292.0	231.0
Acquire-EHT_A5_60_1	526	17780	236.0	662.0	292.0	231.0
Acquire-EHT_A5_60_1	527	17811	236.0	662.0	292.0	231.0
Acquire-EHT_A5_60_1	528	17842	236.0	662.0	292.0	231.0
Acquire-EHT_A5_60_1	529	17874	236.0	662.0	292.0	230.0
Acquire-EHT_A5_60_1	530	17905	236.0	662.0	292.0	231.0
Acquire-EHT_A5_60_1	531	17952	236.0	662.0	292.0	231.0
Acquire-EHT_A5_60_1	532	17983	236.0	662.0	292.0	231.0
Acquire-EHT_A5_60_1	533	18014	236.0	660.0	292.0	232.0
Acquire-EHT_A5_60_1	534	18046	236.0	661.0	292.0	232.0
Acquire-EHT_A5_60_1	535	18077	324.0	539.0	292.0	232.0
Acquire-EHT_A5_60_1	536	18108	236.0	660.0	292.0	233.0
Acquire-EHT_A5_60_1	537	18139	236.0	659.0	292.0	232.0
Acquire-EHT_A5_60_1	538	18171	236.0	662.0	292.0	232.0
Acquire-EHT_A5_60_1	539	18217	236.0	661.0	292.0	233.0
Acquire-EHT_A5_60_1	540	18249	236.0	662.0	292.0	232.0
Acquire-EHT_A5_60_1	541	18280	236.0	662.0	292.0	232.0
Acquire-EHT_A5_60_1	542	18311	236.0	662.0	292.0	231.0
Acquire-EHT_A5_60_1	543	18342	236.0	662.0	292.0	231.0
Acquire-EHT_A5_60_1	544	18374	236.0	662.0	292.0	231.0
Acquire-EHT_A5_60_1	545	18405	236.0	662.0	292.0	231.0
Acquire-EHT_A5_60_1	546	18452	236.0	662.0	292.0	231.0
Acquire-EHT_A5_60_1	547	18483	236.0	662.0	292.0	231.0
Acquire-EHT_A5_60_1	548	18514	236.0	662.0	292.0	231.0
Acquire-EHT_A5_60_1	549	18546	236.0	662.0	292.0	230.0
Acquire-EHT_A5_60_1	550	18577	236.0	662.0	292.0	231.0
Acquire-EHT_A5_60_1	551	18608	236.0	662.0	292.0	231.0
Acquire-EHT_A5_60_1	552	18639	236.0	662.0	292.0	231.0
Acquire-EHT_A5_60_1	553	18671	236.0	662.0	292.0	231.0
Acquire-EHT_A5_60_1	554	18717	236.0	662.0	292.0	231.0
Acquire-EHT_A5_60_1	555	18749	236.0	662.0	292.0	231.0
Acquire-EHT_A5_60_1	556	18780	236.0	662.0	292.0	231.0
Acquire-EHT_A5_60_1	557	18811	236.0	662.0	292.0	231.0
Acquire-EHT_A5_60_1	558	18842	236.0	662.0	292.0	232.0
Acquire-EHT_A5_60_1	559	18874	236.0	661.0	292.0	233.0
Acquire-EHT_A5_60_1	560	18905	236.0	660.0	291.0	233.0
Acquire-EHT_A5_60_1	561	18952	236.0	659.0	292.0	233.0
Acquire-EHT_A5_60_1	562	18983	235.0	660.0	292.0	232.0
Acquire-EHT_A5_60_1	563	19014	236.0	661.0	291.0	233.0
Acquire-EHT_A5_60_1	564	19046	236.0	660.0	292.0	232.0
Acquire-EHT_A5_60_1	565	19077	236.0	662.0	292.0	232.0
Acquire-EHT_A5_60_1	566	19108	236.0	662.0	292.0	231.0
Acquire-EHT_A5_60_1	567	19139	236.0	662.0	292.0	231.0
Acquire-EHT_A5_60_1	568	19171	236.0	662.0	292.0	231.0
Acquire-EHT_A5_60_1	569	19217	236.0	662.0	292.0	231.0
Acquire-EHT_A5_60_1	570	19249	236.0	662.0	292.0	231.0
Acquire-EHT_A5_60_1	571	19280	236.0	662.0	292.0	231.0
Acquire-EHT_A5_60_1	572	19311	236.0	662.0	292.0	231.0
Acquire-EHT_A5_60_1	573	19342	236.0	662.0	292.0	231.0
Acquire-EHT_A5_60_1	574	19374	236.0	662.0	292.0	231.0
Acquire-EHT_A5_60_1	575	19405	236.0	662.0	292.0	231.0
Acquire-EHT_A5_60_1	576	19452	236.0	662.0	292.0	231.0
Acquire-EHT_A5_60_1	577	19483	236.0	662.0	292.0	231.0
Acquire-EHT_A5_60_1	578	19514	236.0	662.0	292.0	231.0
Acquire-EHT_A5_60_1	579	19545	236.0	662.0	292.0	231.0
Acquire-EHT_A5_60_1	580	19577	236.0	662.0	292.0	231.0
Acquire-EHT_A5_60_1	581	19608	236.0	662.0	292.0	232.0
Acquire-EHT_A5_60_1	582	19639	324.0	539.0	292.0	232.0
Acquire-EHT_A5_60_1	583	19686	235.0	660.0	292.0	233.0
Acquire-EHT_A5_60_1	584	19717	236.0	660.0	292.0	233.0
Acquire-EHT_A5_60_1	585	19749	235.0	660.0	292.0	233.0
Acquire-EHT_A5_60_1	586	19780	236.0	660.0	292.0	232.0
Acquire-EHT_A5_60_1	587	19811	235.0	660.0	292.0	232.0
Acquire-EHT_A5_60_1	588	19842	236.0	661.0	292.0	231.0
Acquire-EHT_A5_60_1	589	19874	236.0	662.0	292.0	231.0
Acquire-EHT_A5_60_1	590	19905	236.0	662.0	292.0	231.0
Acquire-EHT_A5_60_1	591	19952	236.0	662.0	292.0	231.0
Acquire-EHT_A5_60_1	592	19983	236.0	662.0	292.0	231.0
Acquire-EHT_A5_60_1	593	20014	236.0	662.0	292.0	231.0
Acquire-EHT_A5_60_1	594	20045	236.0	662.0	292.0	231.0
Acquire-EHT_A5_60_1	595	20077	236.0	662.0	292.0	231.0
Acquire-EHT_A5_60_1	596	20108	236.0	662.0	292.0	231.0
Acquire-EHT_A5_60_1	597	20139	236.0	662.0	292.0	230.0
Acquire-EHT_A5_60_1	598	20170	236.0	662.0	292.0	231.0
Acquire-EHT_A5_60_1	599	20217	236.0	662.0	292.0	231.0
Acquire-EHT_A5_60_1	600	20249	236.0	662.0	292.0	231.0
Acquire-EHT_A5_60_1	601	20280	236.0	662.0	292.0	231.0
Acquire-EHT_A5_60_1	602	20311	236.0	662.0	292.0	231.0
Acquire-EHT_A5_60_1	603	20342	236.0	662.0	292.0	231.0
Acquire-EHT_A5_60_1	604	20374	236.0	662.0	292.0	231.0
Acquire-EHT_A5_60_1	605	20405	236.0	662.0	292.0	232.0
Acquire-EHT_A5_60_1	606	20452	236.0	661.0	292.0	232.0
Acquire-EHT_A5_60_1	607	20483	324.0	539.0	292.0	233.0
Acquire-EHT_A5_60_1	608	20514	236.0	659.0	291.0	233.0
Acquire-EHT_A5_60_1	609	20545	323.0	539.0	292.0	232.0
Acquire-EHT_A5_60_1	610	20577	235.0	660.0	292.0	232.0
Acquire-EHT_A5_60_1	611	20608	236.0	660.0	292.0	232.0
Acquire-EHT_A5_60_1	612	20639	236.0	662.0	292.0	232.0
Acquire-EHT_A5_60_1	613	20670	236.0	662.0	292.0	231.0
Acquire-EHT_A5_60_1	614	20717	236.0	662.0	292.0	231.0
Acquire-EHT_A5_60_1	615	20749	236.0	662.0	292.0	231.0
Acquire-EHT_A5_60_1	616	20780	236.0	662.0	292.0	231.0
Acquire-EHT_A5_60_1	617	20811	236.0	662.0	292.0	231.0
Acquire-EHT_A5_60_1	618	20842	236.0	662.0	292.0	231.0
Acquire-EHT_A5_60_1	619	20874	236.0	662.0	292.0	231.0
Acquire-EHT_A5_60_1	620	20905	236.0	662.0	292.0	231.0
Acquire-EHT_A5_60_1	621	20952	236.0	662.0	292.0	231.0
Acquire-EHT_A5_60_1	622	20983	236.0	662.0	292.0	231.0
Acquire-EHT_A5_60_1	623	21014	236.0	663.0	292.0	231.0
Acquire-EHT_A5_60_1	624	21045	236.0	662.0	292.0	231.0
Acquire-EHT_A5_60_1	625	21077	236.0	662.0	292.0	231.0
Acquire-EHT_A5_60_1	626	21108	236.0	662.0	292.0	231.0
Acquire-EHT_A5_60_1	627	21139	236.0	662.0	292.0	231.0
Acquire-EHT_A5_60_1	628	21170	236.0	662.0	292.0	231.0
Acquire-EHT_A5_60_1	629	21217	236.0	661.0	292.0	232.0
Acquire-EHT_A5_60_1	630	21248	236.0	661.0	292.0	233.0
Acquire-EHT_A5_60_1	631	21280	236.0	662.0	292.0	232.0
Acquire-EHT_A5_60_1	632	21311	235.0	660.0	292.0	232.0
Acquire-EHT_A5_60_1	633	21342	235.0	660.0	292.0	233.0
Acquire-EHT_A5_60_1	634	21373	236.0	660.0	292.0	233.0
Acquire-EHT_A5_60_1	635	21405	324.0	539.0	292.0	232.0
Acquire-EHT_A5_60_1	636	21452	235.0	660.0	292.0	232.0
Acquire-EHT_A5_60_1	637	21483	236.0	661.0	292.0	232.0
Acquire-EHT_A5_60_1	638	21514	236.0	662.0	292.0	231.0
Acquire-EHT_A5_60_1	639	21545	236.0	662.0	292.0	231.0
Acquire-EHT_A5_60_1	640	21577	236.0	662.0	292.0	231.0
Acquire-EHT_A5_60_1	641	21608	236.0	662.0	292.0	231.0
Acquire-EHT_A5_60_1	642	21639	236.0	662.0	292.0	231.0
Acquire-EHT_A5_60_1	643	21670	236.0	662.0	292.0	231.0
Acquire-EHT_A5_60_1	644	21717	236.0	662.0	292.0	231.0
Acquire-EHT_A5_60_1	645	21748	236.0	662.0	292.0	231.0
Acquire-EHT_A5_60_1	646	21780	236.0	662.0	292.0	231.0
Acquire-EHT_A5_60_1	647	21811	236.0	662.0	292.0	231.0
Acquire-EHT_A5_60_1	648	21842	236.0	662.0	292.0	231.0
Acquire-EHT_A5_60_1	649	21873	236.0	662.0	292.0	231.0
Acquire-EHT_A5_60_1	650	21905	236.0	662.0	292.0	231.0
Acquire-EHT_A5_60_1	651	21952	236.0	662.0	292.0	231.0
Acquire-EHT_A5_60_1	652	21983	236.0	662.0	292.0	231.0
Acquire-EHT_A5_60_1	653	22014	236.0	662.0	292.0	232.0
Acquire-EHT_A5_60_1	654	22045	236.0	660.0	292.0	232.0
Acquire-EHT_A5_60_1	655	22077	236.0	659.0	291.0	233.0
Acquire-EHT_A5_60_1	656	22108	236.0	660.0	292.0	233.0
Acquire-EHT_A5_60_1	657	22139	324.0	539.0	292.0	232.0
Acquire-EHT_A5_60_1	658	22170	236.0	660.0	292.0	233.0
Acquire-EHT_A5_60_1	659	22217	236.0	662.0	292.0	232.0
Acquire-EHT_A5_60_1	660	22248	236.0	661.0	292.0	232.0
Acquire-EHT_A5_60_1	661	22280	236.0	662.0	292.0	231.0
Acquire-EHT_A5_60_1	662	22311	236.0	662.0	292.0	231.0
Acquire-EHT_A5_60_1	663	22342	236.0	662.0	292.0	231.0
Acquire-EHT_A5_60_1	664	22373	236.0	662.0	292.0	231.0
Acquire-EHT_A5_60_1	665	22405	236.0	662.0	292.0	231.0
Acquire-EHT_A5_60_1	666	22452	236.0	662.0	292.0	231.0
Acquire-EHT_A5_60_1	667	22483	236.0	662.0	292.0	231.0
Acquire-EHT_A5_60_1	668	22514	236.0	662.0	292.0	231.0
Acquire-EHT_A5_60_1	669	22545	236.0	662.0	292.0	231.0
Acquire-EHT_A5_60_1	670	22577	236.0	662.0	292.0	231.0
Acquire-EHT_A5_60_1	671	22608	236.0	663.0	292.0	231.0
Acquire-EHT_A5_60_1	672	22639	236.0	662.0	292.0	231.0
Acquire-EHT_A5_60_1	673	22670	236.0	662.0	292.0	230.0
Acquire-EHT_A5_60_1	674	22717	236.0	662.0	292.0	231.0
Acquire-EHT_A5_60_1	675	22748	236.0	662.0	292.0	231.0
Acquire-EHT_A5_60_1	676	22780	236.0	662.0	292.0	232.0
Acquire-EHT_A5_60_1	677	22811	236.0	660.0	292.0	232.0
Acquire-EHT_A5_60_1	678	22842	235.0	660.0	292.0	232.0
Acquire-EHT_A5_60_1	679	22873	324.0	539.0	292.0	233.0
Acquire-EHT_A5_60_1	680	22905	236.0	660.0	292.0	233.0
Acquire-EHT_A5_60_1	681	22951	324.0	539.0	292.0	233.0
Acquire-EHT_A5_60_1	682	22983	235.0	660.0	292.0	232.0
Acquire-EHT_A5_60_1	683	23014	236.0	661.0	292.0	232.0
Acquire-EHT_A5_60_1	684	23045	236.0	662.0	292.0	232.0
Acquire-EHT_A5_60_1	685	23076	236.0	662.0	292.0	231.0
Acquire-EHT_A5_60_1	686	23108	236.0	662.0	292.0	231.0
Acquire-EHT_A5_60_1	687	23139	236.0	662.0	292.0	231.0
Acquire-EHT_A5_60_1	688	23170	236.0	662.0	292.0	231.0
Acquire-EHT_A5_60_1	689	23217	236.0	662.0	292.0	231.0
Acquire-EHT_A5_60_1	690	23248	236.0	662.0	292.0	231.0
Acquire-EHT_A5_60_1	691	23280	236.0	662.0	292.0	231.0
Acquire-EHT_A5_60_1	692	23311	236.0	662.0	292.0	231.0
Acquire-EHT_A5_60_1	693	23342	236.0	662.0	292.0	231.0
Acquire-EHT_A5_60_1	694	23373	236.0	662.0	292.0	230.0
Acquire-EHT_A5_60_1	695	23405	236.0	662.0	292.0	231.0
Acquire-EHT_A5_60_1	696	23451	236.0	662.0	292.0	231.0
Acquire-EHT_A5_60_1	697	23483	236.0	662.0	292.0	231.0
Acquire-EHT_A5_60_1	698	23514	236.0	662.0	292.0	231.0
Acquire-EHT_A5_60_1	699	23545	236.0	662.0	292.0	231.0
Acquire-EHT_A5_60_1	700	23576	236.0	662.0	292.0	232.0
Acquire-EHT_A5_60_1	701	23608	235.0	660.0	292.0	232.0
Acquire-EHT_A5_60_1	702	23639	235.0	660.0	292.0	232.0
Acquire-EHT_A5_60_1	703	23670	236.0	662.0	291.0	233.0
Acquire-EHT_A5_60_1	704	23717	236.0	662.0	292.0	231.0
Acquire-EHT_A5_60_1	705	23983	236.0	662.0	292.0	231.0
Acquire-EHT_A5_60_1	706	24014	236.0	662.0	292.0	231.0
Acquire-EHT_A5_60_1	707	24045	236.0	662.0	292.0	231.0
Acquire-EHT_A5_60_1	708	24076	236.0	662.0	292.0	231.0
Acquire-EHT_A5_60_1	709	24108	236.0	662.0	292.0	231.0
Acquire-EHT_A5_60_1	710	24139	236.0	662.0	292.0	231.0
Acquire-EHT_A5_60_1	711	24170	236.0	662.0	292.0	231.0
Acquire-EHT_A5_60_1	712	24217	236.0	662.0	292.0	231.0
Acquire-EHT_A5_60_1	713	24248	236.0	662.0	292.0	230.0
Acquire-EHT_A5_60_1	714	24280	236.0	662.0	292.0	231.0
Acquire-EHT_A5_60_1	715	24311	236.0	662.0	292.0	231.0
Acquire-EHT_A5_60_1	716	24342	236.0	662.0	292.0	231.0
Acquire-EHT_A5_60_1	717	24373	236.0	662.0	292.0	231.0
Acquire-EHT_A5_60_1	718	24405	235.0	660.0	292.0	231.0
Acquire-EHT_A5_60_1	719	24451	236.0	660.0	292.0	232.0
Acquire-EHT_A5_60_1	720	24483	235.0	660.0	292.0	232.0
Acquire-EHT_A5_60_1	721	24514	236.0	659.0	292.0	232.0
Acquire-EHT_A5_60_1	722	24545	236.0	660.0	292.0	232.0
Acquire-EHT_A5_60_1	723	24576	324.0	539.0	292.0	232.0
Acquire-EHT_A5_60_1	724	24608	235.0	660.0	292.0	233.0
Acquire-EHT_A5_60_1	725	24639	236.0	662.0	292.0	232.0
Acquire-EHT_A5_60_1	726	24670	236.0	662.0	292.0	232.0
Acquire-EHT_A5_60_1	727	24717	236.0	662.0	292.0	231.0
Acquire-EHT_A5_60_1	728	24748	236.0	662.0	292.0	231.0
Acquire-EHT_A5_60_1	729	24779	236.0	662.0	292.0	231.0
Acquire-EHT_A5_60_1	730	24811	236.0	662.0	292.0	231.0
Acquire-EHT_A5_60_1	731	24842	236.0	662.0	292.0	231.0
Acquire-EHT_A5_60_1	732	24873	236.0	662.0	292.0	230.0
Acquire-EHT_A5_60_1	733	24904	236.0	662.0	292.0	231.0
Acquire-EHT_A5_60_1	734	24951	236.0	662.0	292.0	231.0
Acquire-EHT_A5_60_1	735	24983	236.0	662.0	292.0	231.0
Acquire-EHT_A5_60_1	736	25014	236.0	662.0	292.0	231.0
Acquire-EHT_A5_60_1	737	25045	236.0	662.0	292.0	231.0
Acquire-EHT_A5_60_1	738	25076	236.0	662.0	292.0	231.0
Acquire-EHT_A5_60_1	739	25108	236.0	662.0	292.0	231.0
Acquire-EHT_A5_60_1	740	25139	236.0	662.0	292.0	231.0
Acquire-EHT_A5_60_1	741	25170	236.0	661.0	292.0	232.0
Acquire-EHT_A5_60_1	742	25217	236.0	661.0	292.0	232.0
Acquire-EHT_A5_60_1	743	25248	236.0	660.0	292.0	232.0
Acquire-EHT_A5_60_1	744	25279	235.0	660.0	292.0	233.0
Acquire-EHT_A5_60_1	745	25311	236.0	659.0	292.0	233.0
Acquire-EHT_A5_60_1	746	25342	236.0	660.0	292.0	233.0
Acquire-EHT_A5_60_1	747	25373	236.0	660.0	292.0	232.0
Acquire-EHT_A5_60_1	748	25404	236.0	662.0	292.0	232.0
Acquire-EHT_A5_60_1	749	25451	236.0	662.0	292.0	232.0
Acquire-EHT_A5_60_1	750	25483	236.0	662.0	292.0	232.0
Acquire-EHT_A5_60_1	751	25514	236.0	662.0	292.0	231.0
Acquire-EHT_A5_60_1	752	25545	236.0	662.0	292.0	231.0
Acquire-EHT_A5_60_1	753	25576	236.0	662.0	292.0	231.0
Acquire-EHT_A5_60_1	754	25608	236.0	662.0	292.0	231.0
Acquire-EHT_A5_60_1	755	25639	236.0	662.0	292.0	231.0
Acquire-EHT_A5_60_1	756	25670	236.0	662.0	292.0	231.0
Acquire-EHT_A5_60_1	757	25717	236.0	662.0	292.0	231.0
Acquire-EHT_A5_60_1	758	25748	236.0	662.0	292.0	231.0
Acquire-EHT_A5_60_1	759	25779	236.0	662.0	292.0	231.0
Acquire-EHT_A5_60_1	760	25811	236.0	662.0	292.0	231.0
Acquire-EHT_A5_60_1	761	25842	236.0	662.0	292.0	231.0
Acquire-EHT_A5_60_1	762	25873	236.0	662.0	292.0	231.0
Acquire-EHT_A5_60_1	763	25904	236.0	662.0	292.0	231.0
Acquire-EHT_A5_60_1	764	25951	236.0	662.0	292.0	231.0
Acquire-EHT_A5_60_1	765	25983	236.0	662.0	292.0	231.0
Acquire-EHT_A5_60_1	766	26014	236.0	662.0	292.0	232.0
Acquire-EHT_A5_60_1	767	26045	236.0	660.0	292.0	232.0
Acquire-EHT_A5_60_1	768	26076	236.0	660.0	292.0	232.0
Acquire-EHT_A5_60_1	769	26108	324.0	540.0	292.0	233.0
Acquire-EHT_A5_60_1	770	26139	236.0	661.0	292.0	232.0
Acquire-EHT_A5_60_1	771	26170	236.0	660.0	292.0	232.0
Acquire-EHT_A5_60_1	772	26217	236.0	662.0	292.0	232.0
Acquire-EHT_A5_60_1	773	26248	236.0	662.0	292.0	232.0
Acquire-EHT_A5_60_1	774	26279	236.0	662.0	292.0	232.0
Acquire-EHT_A5_60_1	775	26311	236.0	662.0	292.0	231.0
Acquire-EHT_A5_60_1	776	26342	236.0	662.0	292.0	231.0
Acquire-EHT_A5_60_1	777	26373	236.0	662.0	292.0	231.0
Acquire-EHT_A5_60_1	778	26404	236.0	662.0	292.0	231.0
Acquire-EHT_A5_60_1	779	26451	236.0	662.0	292.0	231.0
Acquire-EHT_A5_60_1	780	26483	236.0	662.0	292.0	231.0
Acquire-EHT_A5_60_1	781	26514	236.0	663.0	292.0	231.0
Acquire-EHT_A5_60_1	782	26545	236.0	662.0	292.0	231.0
Acquire-EHT_A5_60_1	783	26576	236.0	662.0	292.0	231.0
Acquire-EHT_A5_60_1	784	26607	236.0	662.0	292.0	231.0
Acquire-EHT_A5_60_1	785	26639	236.0	662.0	292.0	231.0
Acquire-EHT_A5_60_1	786	26670	236.0	662.0	292.0	231.0
Acquire-EHT_A5_60_1	787	26717	236.0	662.0	292.0	231.0
Acquire-EHT_A5_60_1	788	26748	236.0	662.0	292.0	231.0
Acquire-EHT_A5_60_1	789	26779	236.0	661.0	292.0	232.0
Acquire-EHT_A5_60_1	790	26811	236.0	662.0	292.0	232.0
Acquire-EHT_A5_60_1	791	26842	236.0	661.0	292.0	232.0
Acquire-EHT_A5_60_1	792	26873	235.0	660.0	292.0	233.0
Acquire-EHT_A5_60_1	793	26904	324.0	539.0	292.0	232.0
Acquire-EHT_A5_60_1	794	26951	235.0	660.0	292.0	233.0
Acquire-EHT_A5_60_1	795	26982	237.0	660.0	292.0	232.0
Acquire-EHT_A5_60_1	796	27014	236.0	662.0	292.0	232.0
Acquire-EHT_A5_60_1	797	27045	235.0	660.0	292.0	232.0
Acquire-EHT_A5_60_1	798	27076	236.0	662.0	292.0	231.0
Acquire-EHT_A5_60_1	799	27107	236.0	662.0	292.0	231.0
Acquire-EHT_A5_60_1	800	27139	236.0	662.0	292.0	231.0
Acquire-EHT_A5_60_1	801	27170	236.0	662.0	292.0	231.0
Acquire-EHT_A5_60_1	802	27217	236.0	662.0	292.0	231.0
Acquire-EHT_A5_60_1	803	27248	236.0	662.0	292.0	231.0
Acquire-EHT_A5_60_1	804	27279	236.0	662.0	292.0	231.0
Acquire-EHT_A5_60_1	805	27311	236.0	662.0	292.0	231.0
Acquire-EHT_A5_60_1	806	27342	236.0	662.0	292.0	231.0
Acquire-EHT_A5_60_1	807	27373	236.0	662.0	292.0	231.0
Acquire-EHT_A5_60_1	808	27404	236.0	662.0	292.0	231.0
Acquire-EHT_A5_60_1	809	27451	236.0	662.0	292.0	231.0
Acquire-EHT_A5_60_1	810	27482	236.0	662.0	292.0	231.0
Acquire-EHT_A5_60_1	811	27514	236.0	662.0	292.0	231.0
Acquire-EHT_A5_60_1	812	27545	236.0	662.0	292.0	231.0
Acquire-EHT_A5_60_1	813	27576	236.0	662.0	292.0	232.0
Acquire-EHT_A5_60_1	814	27607	236.0	661.0	292.0	232.0
Acquire-EHT_A5_60_1	815	27639	324.0	540.0	292.0	233.0
Acquire-EHT_A5_60_1	816	27670	235.0	660.0	292.0	233.0
Acquire-EHT_A5_60_1	817	27717	235.0	660.0	292.0	233.0
Acquire-EHT_A5_60_1	818	27748	236.0	661.0	292.0	233.0
Acquire-EHT_A5_60_1	819	27779	235.0	660.0	292.0	232.0
Acquire-EHT_A5_60_1	820	27811	235.0	660.0	292.0	232.0
Acquire-EHT_A5_60_1	821	27842	236.0	661.0	292.0	231.0
Acquire-EHT_A5_60_1	822	27873	236.0	662.0	292.0	232.0
Acquire-EHT_A5_60_1	823	27904	236.0	662.0	292.0	231.0
Acquire-EHT_A5_60_1	824	27951	236.0	662.0	292.0	231.0
Acquire-EHT_A5_60_1	825	27982	236.0	662.0	292.0	231.0
Acquire-EHT_A5_60_1	826	28014	236.0	662.0	292.0	231.0
Acquire-EHT_A5_60_1	827	28045	236.0	662.0	292.0	231.0
Acquire-EHT_A5_60_1	828	28076	236.0	662.0	292.0	231.0
Acquire-EHT_A5_60_1	829	28107	236.0	662.0	292.0	231.0
Acquire-EHT_A5_60_1	830	28139	236.0	662.0	292.0	231.0
Acquire-EHT_A5_60_1	831	28170	236.0	662.0	292.0	231.0
Acquire-EHT_A5_60_1	832	28217	236.0	662.0	292.0	231.0
Acquire-EHT_A5_60_1	833	28248	236.0	662.0	292.0	231.0
Acquire-EHT_A5_60_1	834	28279	236.0	662.0	292.0	231.0
Acquire-EHT_A5_60_1	835	28311	236.0	662.0	292.0	231.0
Acquire-EHT_A5_60_1	836	28342	236.0	662.0	292.0	231.0
Acquire-EHT_A5_60_1	837	28373	236.0	662.0	292.0	231.0
Acquire-EHT_A5_60_1	838	28404	236.0	660.0	292.0	232.0
Acquire-EHT_A5_60_1	839	28451	235.0	660.0	292.0	232.0
Acquire-EHT_A5_60_1	840	28482	235.0	660.0	292.0	233.0
Acquire-EHT_A5_60_1	841	28514	235.0	660.0	292.0	232.0
Acquire-EHT_A5_60_1	842	28545	324.0	539.0	292.0	233.0
Acquire-EHT_A5_60_1	843	28576	236.0	660.0	292.0	232.0
Acquire-EHT_A5_60_1	844	28607	236.0	662.0	292.0	233.0
Acquire-EHT_A5_60_1	845	28639	236.0	662.0	292.0	232.0
Acquire-EHT_A5_60_1	846	28670	236.0	662.0	292.0	232.0
Acquire-EHT_A5_60_1	847	28717	236.0	662.0	292.0	231.0
Acquire-EHT_A5_60_1	848	28748	236.0	662.0	292.0	231.0
Acquire-EHT_A5_60_1	849	28779	236.0	662.0	292.0	231.0
Acquire-EHT_A5_60_1	850	28810	236.0	662.0	292.0	231.0
Acquire-EHT_A5_60_1	851	28842	236.0	662.0	292.0	231.0
Acquire-EHT_A5_60_1	852	28873	236.0	662.0	292.0	231.0
Acquire-EHT_A5_60_1	853	28904	236.0	662.0	292.0	231.0
Acquire-EHT_A5_60_1	854	28951	236.0	662.0	292.0	231.0
Acquire-EHT_A5_60_1	855	28982	236.0	662.0	292.0	230.0
Acquire-EHT_A5_60_1	856	29014	236.0	662.0	292.0	231.0
Acquire-EHT_A5_60_1	857	29045	236.0	662.0	292.0	231.0
Acquire-EHT_A5_60_1	858	29076	236.0	662.0	292.0	230.0
Acquire-EHT_A5_60_1	859	29107	236.0	662.0	292.0	231.0
Acquire-EHT_A5_60_1	860	29139	236.0	662.0	292.0	231.0
Acquire-EHT_A5_60_1	861	29170	236.0	662.0	292.0	231.0
Acquire-EHT_A5_60_1	862	29217	235.0	660.0	292.0	232.0
Acquire-EHT_A5_60_1	863	29248	236.0	662.0	292.0	232.0
Acquire-EHT_A5_60_1	864	29279	324.0	539.0	292.0	232.0
Acquire-EHT_A5_60_1	865	29310	235.0	660.0	292.0	233.0
Acquire-EHT_A5_60_1	866	29342	235.0	660.0	292.0	232.0
Acquire-EHT_A5_60_1	867	29373	235.0	660.0	292.0	233.0
Acquire-EHT_A5_60_1	868	29404	236.0	662.0	292.0	232.0
Acquire-EHT_A5_60_1	869	29451	236.0	662.0	292.0	232.0
Acquire-EHT_A5_60_1	870	29482	236.0	662.0	292.0	232.0
Acquire-EHT_A5_60_1	871	29514	236.0	662.0	292.0	231.0
Acquire-EHT_A5_60_1	872	29545	236.0	662.0	292.0	231.0
Acquire-EHT_A5_60_1	873	29576	236.0	662.0	292.0	231.0
Acquire-EHT_A5_60_1	874	29607	236.0	662.0	292.0	231.0
Acquire-EHT_A5_60_1	875	29639	236.0	662.0	292.0	231.0
Acquire-EHT_A5_60_1	876	29670	236.0	662.0	292.0	231.0
Acquire-EHT_A5_60_1	877	29717	236.0	662.0	292.0	231.0
Acquire-EHT_A5_60_1	878	29748	236.0	662.0	292.0	231.0
Acquire-EHT_A5_60_1	879	29779	236.0	662.0	292.0	231.0
Acquire-EHT_A5_60_1	880	29810	236.0	662.0	292.0	231.0
Acquire-EHT_A5_60_1	881	29842	236.0	662.0	292.0	231.0
Acquire-EHT_A5_60_1	882	29873	236.0	662.0	292.0	230.0
Acquire-EHT_A5_60_1	883	29904	236.0	662.0	292.0	231.0
Acquire-EHT_A5_60_1	884	29951	236.0	662.0	292.0	231.0
Acquire-EHT_A5_60	0	0	268.0	688.0	324.0	260.0
Acquire-EHT_A5_60	1	16	268.0	689.0	324.0	259.0
Acquire-EHT_A5_60	2	78	268.0	688.0	324.0	259.0
Acquire-EHT_A5_60	3	110	268.0	688.0	324.0	258.0
Acquire-EHT_A5_60	4	141	268.0	689.0	324.0	258.0
Acquire-EHT_A5_60	5	172	268.0	689.0	324.0	259.0
Acquire-EHT_A5_60	6	219	268.0	689.0	324.0	259.0
Acquire-EHT_A5_60	7	250	268.0	688.0	324.0	258.0
Acquire-EHT_A5_60	8	281	269.0	690.0	324.0	259.0
Acquire-EHT_A5_60	9	313	268.0	688.0	324.0	258.0
Acquire-EHT_A5_60	10	344	268.0	689.0	324.0	258.0
Acquire-EHT_A5_60	11	375	268.0	688.0	324.0	259.0
Acquire-EHT_A5_60	12	406	268.0	689.0	324.0	258.0
Acquire-EHT_A5_60	13	438	268.0	689.0	324.0	259.0
Acquire-EHT_A5_60	14	485	268.0	688.0	324.0	260.0
Acquire-EHT_A5_60	15	516	268.0	688.0	324.0	260.0
Acquire-EHT_A5_60	16	547	268.0	688.0	324.0	260.0
Acquire-EHT_A5_60	17	578	268.0	688.0	324.0	261.0
Acquire-EHT_A5_60	18	610	268.0	688.0	324.0	261.0
Acquire-EHT_A5_60	19	641	268.0	688.0	324.0	261.0
Acquire-EHT_A5_60	20	672	268.0	688.0	324.0	260.0
Acquire-EHT_A5_60	21	719	268.0	688.0	324.0	260.0
Acquire-EHT_A5_60	22	750	268.0	688.0	324.0	260.0
Acquire-EHT_A5_60	23	781	268.0	688.0	324.0	260.0
Acquire-EHT_A5_60	24	813	268.0	688.0	324.0	260.0
Acquire-EHT_A5_60	25	844	268.0	688.0	324.0	259.0
Acquire-EHT_A5_60	26	875	268.0	688.0	324.0	259.0
Acquire-EHT_A5_60	27	906	268.0	689.0	324.0	259.0
Acquire-EHT_A5_60	28	938	268.0	688.0	324.0	259.0
Acquire-EHT_A5_60	29	985	268.0	689.0	324.0	259.0
Acquire-EHT_A5_60	30	1016	268.0	688.0	324.0	259.0
Acquire-EHT_A5_60	31	1047	268.0	689.0	324.0	258.0
Acquire-EHT_A5_60	32	1078	268.0	689.0	324.0	259.0
Acquire-EHT_A5_60	33	1110	268.0	688.0	324.0	259.0
Acquire-EHT_A5_60	34	1141	268.0	689.0	324.0	258.0
Acquire-EHT_A5_60	35	1172	268.0	689.0	324.0	259.0
Acquire-EHT_A5_60	36	1219	268.0	690.0	324.0	258.0
Acquire-EHT_A5_60	37	1250	268.0	688.0	324.0	259.0
Acquire-EHT_A5_60	38	1281	268.0	688.0	324.0	259.0
Acquire-EHT_A5_60	39	1313	268.0	688.0	324.0	260.0
Acquire-EHT_A5_60	40	1344	268.0	688.0	324.0	260.0
Acquire-EHT_A5_60	41	1375	268.0	688.0	324.0	260.0
Acquire-EHT_A5_60	42	1406	268.0	687.0	324.0	260.0
Acquire-EHT_A5_60	43	1438	268.0	687.0	324.0	260.0
Acquire-EHT_A5_60	44	1484	268.0	688.0	324.0	260.0
Acquire-EHT_A5_60	45	1516	268.0	688.0	324.0	260.0
Acquire-EHT_A5_60	46	1547	268.0	688.0	324.0	260.0
Acquire-EHT_A5_60	47	1578	268.0	688.0	324.0	260.0
Acquire-EHT_A5_60	48	1609	268.0	688.0	324.0	260.0
Acquire-EHT_A5_60	49	1641	268.0	688.0	324.0	260.0
Acquire-EHT_A5_60	50	1672	268.0	688.0	324.0	259.0
Acquire-EHT_A5_60	51	1719	268.0	688.0	324.0	259.0
Acquire-EHT_A5_60	52	1750	268.0	689.0	324.0	259.0
Acquire-EHT_A5_60	53	1781	268.0	689.0	324.0	258.0
Acquire-EHT_A5_60	54	1813	268.0	689.0	324.0	258.0
Acquire-EHT_A5_60	55	1844	268.0	689.0	324.0	259.0
Acquire-EHT_A5_60	56	1875	268.0	690.0	324.0	258.0
Acquire-EHT_A5_60	57	1906	268.0	690.0	324.0	258.0
Acquire-EHT_A5_60	58	1938	268.0	689.0	324.0	258.0
Acquire-EHT_A5_60	59	1984	268.0	689.0	324.0	259.0
Acquire-EHT_A5_60	60	2016	268.0	688.0	324.0	258.0
Acquire-EHT_A5_60	61	2047	268.0	689.0	324.0	259.0
Acquire-EHT_A5_60	62	2078	268.0	689.0	324.0	259.0
Acquire-EHT_A5_60	63	2109	268.0	688.0	324.0	259.0
Acquire-EHT_A5_60	64	2141	268.0	688.0	324.0	260.0
Acquire-EHT_A5_60	65	2172	268.0	688.0	324.0	260.0
Acquire-EHT_A5_60	66	2219	268.0	688.0	324.0	261.0
Acquire-EHT_A5_60	67	2250	268.0	688.0	324.0	260.0
Acquire-EHT_A5_60	68	2281	268.0	688.0	324.0	261.0
Acquire-EHT_A5_60	69	2313	268.0	688.0	324.0	260.0
Acquire-EHT_A5_60	70	2344	268.0	688.0	324.0	260.0
Acquire-EHT_A5_60	71	2375	268.0	688.0	324.0	260.0
Acquire-EHT_A5_60	72	2406	268.0	688.0	324.0	260.0
Acquire-EHT_A5_60	73	2438	268.0	688.0	324.0	260.0
Acquire-EHT_A5_60	74	2484	268.0	688.0	324.0	259.0
Acquire-EHT_A5_60	75	2516	268.0	688.0	324.0	259.0
Acquire-EHT_A5_60	76	2547	268.0	688.0	324.0	259.0
Acquire-EHT_A5_60	77	2578	268.0	689.0	324.0	259.0
Acquire-EHT_A5_60	78	2609	268.0	689.0	324.0	259.0
Acquire-EHT_A5_60	79	2641	268.0	689.0	324.0	259.0
Acquire-EHT_A5_60	80	2672	268.0	689.0	324.0	258.0
Acquire-EHT_A5_60	81	2719	268.0	690.0	324.0	258.0
Acquire-EHT_A5_60	82	2750	268.0	688.0	324.0	259.0
Acquire-EHT_A5_60	83	2781	268.0	689.0	324.0	258.0
Acquire-EHT_A5_60	84	2813	268.0	688.0	324.0	259.0
Acquire-EHT_A5_60	85	2844	268.0	689.0	324.0	258.0
Acquire-EHT_A5_60	86	2875	268.0	689.0	324.0	259.0
Acquire-EHT_A5_60	87	2906	268.0	688.0	324.0	259.0
Acquire-EHT_A5_60	88	2938	268.0	688.0	324.0	260.0
Acquire-EHT_A5_60	89	2984	268.0	688.0	324.0	260.0
Acquire-EHT_A5_60	90	3016	268.0	688.0	324.0	260.0
Acquire-EHT_A5_60	91	3047	268.0	688.0	324.0	260.0
Acquire-EHT_A5_60	92	3078	268.0	688.0	324.0	261.0
Acquire-EHT_A5_60	93	3109	268.0	688.0	324.0	260.0
Acquire-EHT_A5_60	94	3141	268.0	688.0	324.0	260.0
Acquire-EHT_A5_60	95	3172	268.0	688.0	324.0	260.0
Acquire-EHT_A5_60	96	3219	268.0	688.0	324.0	260.0
Acquire-EHT_A5_60	97	3250	268.0	688.0	324.0	260.0
Acquire-EHT_A5_60	98	3281	268.0	688.0	324.0	260.0
Acquire-EHT_A5_60	99	3312	268.0	688.0	324.0	259.0
Acquire-EHT_A5_60	100	3344	268.0	688.0	324.0	259.0
Acquire-EHT_A5_60	101	3375	268.0	688.0	324.0	259.0
Acquire-EHT_A5_60	102	3406	268.0	689.0	324.0	258.0
Acquire-EHT_A5_60	103	3437	268.0	689.0	324.0	259.0
Acquire-EHT_A5_60	104	3484	268.0	689.0	324.0	258.0
Acquire-EHT_A5_60	105	3516	268.0	689.0	324.0	259.0
Acquire-EHT_A5_60	106	3547	268.0	689.0	324.0	259.0
Acquire-EHT_A5_60	107	3578	268.0	689.0	324.0	259.0
Acquire-EHT_A5_60	108	3609	268.0	688.0	324.0	258.0
Acquire-EHT_A5_60	109	3641	268.0	688.0	324.0	258.0
Acquire-EHT_A5_60	110	3672	269.0	690.0	324.0	259.0
Acquire-EHT_A5_60	111	3719	268.0	688.0	324.0	259.0
Acquire-EHT_A5_60	112	3750	268.0	688.0	324.0	260.0
Acquire-EHT_A5_60	113	3781	268.0	688.0	324.0	260.0
Acquire-EHT_A5_60	114	3812	268.0	688.0	324.0	260.0
Acquire-EHT_A5_60	115	3844	268.0	688.0	324.0	260.0
Acquire-EHT_A5_60	116	3875	268.0	688.0	324.0	260.0
Acquire-EHT_A5_60	117	3906	268.0	688.0	324.0	261.0
Acquire-EHT_A5_60	118	3937	268.0	688.0	324.0	260.0
Acquire-EHT_A5_60	119	3984	268.0	688.0	324.0	260.0
Acquire-EHT_A5_60	120	4016	268.0	688.0	324.0	260.0
Acquire-EHT_A5_60	121	4047	268.0	688.0	324.0	260.0
Acquire-EHT_A5_60	122	4078	268.0	688.0	324.0	260.0
Acquire-EHT_A5_60	123	4109	268.0	688.0	324.0	260.0
Acquire-EHT_A5_60	124	4141	268.0	688.0	324.0	259.0
Acquire-EHT_A5_60	125	4172	268.0	688.0	324.0	259.0
Acquire-EHT_A5_60	126	4219	268.0	689.0	324.0	258.0
Acquire-EHT_A5_60	127	4250	268.0	688.0	324.0	258.0
Acquire-EHT_A5_60	128	4281	268.0	688.0	324.0	258.0
Acquire-EHT_A5_60	129	4312	268.0	689.0	324.0	258.0
Acquire-EHT_A5_60	130	4344	268.0	689.0	324.0	258.0
Acquire-EHT_A5_60	131	4375	268.0	689.0	324.0	258.0
Acquire-EHT_A5_60	132	4406	268.0	688.0	324.0	258.0
Acquire-EHT_A5_60	133	4437	268.0	688.0	324.0	258.0
Acquire-EHT_A5_60	134	4484	268.0	689.0	324.0	258.0
Acquire-EHT_A5_60	135	4516	268.0	689.0	324.0	259.0
Acquire-EHT_A5_60	136	4547	268.0	688.0	324.0	259.0
Acquire-EHT_A5_60	137	4578	268.0	688.0	324.0	260.0
Acquire-EHT_A5_60	138	4609	268.0	688.0	324.0	260.0
Acquire-EHT_A5_60	139	4641	268.0	688.0	324.0	260.0
Acquire-EHT_A5_60	140	4672	268.0	688.0	324.0	261.0
Acquire-EHT_A5_60	141	4719	268.0	687.0	324.0	261.0
Acquire-EHT_A5_60	142	4750	268.0	688.0	324.0	260.0
Acquire-EHT_A5_60	143	4781	268.0	688.0	324.0	260.0
Acquire-EHT_A5_60	144	4812	268.0	688.0	324.0	260.0
Acquire-EHT_A5_60	145	4844	268.0	688.0	324.0	260.0
Acquire-EHT_A5_60	146	4875	268.0	688.0	324.0	260.0
Acquire-EHT_A5_60	147	4906	268.0	688.0	324.0	259.0
Acquire-EHT_A5_60	148	4937	268.0	688.0	324.0	259.0
Acquire-EHT_A5_60	149	4984	268.0	688.0	324.0	259.0
Acquire-EHT_A5_60	150	5015	268.0	689.0	324.0	259.0
Acquire-EHT_A5_60	151	5047	268.0	688.0	324.0	259.0
Acquire-EHT_A5_60	152	5078	268.0	689.0	324.0	258.0
Acquire-EHT_A5_60	153	5109	268.0	689.0	324.0	258.0
Acquire-EHT_A5_60	154	5140	268.0	689.0	323.0	258.0
Acquire-EHT_A5_60	155	5172	268.0	689.0	324.0	258.0
Acquire-EHT_A5_60	156	5219	268.0	688.0	324.0	258.0
Acquire-EHT_A5_60	157	5250	268.0	689.0	324.0	258.0
Acquire-EHT_A5_60	158	5281	268.0	688.0	324.0	258.0
Acquire-EHT_A5_60	159	5312	268.0	689.0	324.0	259.0
Acquire-EHT_A5_60	160	5344	268.0	688.0	324.0	259.0
Acquire-EHT_A5_60	161	5375	268.0	688.0	324.0	260.0
Acquire-EHT_A5_60	162	5406	268.0	688.0	324.0	260.0
Acquire-EHT_A5_60	163	5437	268.0	688.0	324.0	260.0
Acquire-EHT_A5_60	164	5484	268.0	688.0	324.0	260.0
Acquire-EHT_A5_60	165	5515	268.0	688.0	324.0	260.0
Acquire-EHT_A5_60	166	5547	268.0	688.0	324.0	261.0
Acquire-EHT_A5_60	167	5578	268.0	688.0	324.0	260.0
Acquire-EHT_A5_60	168	5609	268.0	688.0	324.0	261.0
Acquire-EHT_A5_60	169	5640	268.0	688.0	324.0	260.0
Acquire-EHT_A5_60	170	5672	268.0	688.0	324.0	260.0
Acquire-EHT_A5_60	171	5719	268.0	688.0	324.0	260.0
Acquire-EHT_A5_60	172	5750	268.0	688.0	324.0	260.0
Acquire-EHT_A5_60	173	5781	268.0	688.0	324.0	259.0
Acquire-EHT_A5_60	174	5812	268.0	688.0	324.0	259.0
Acquire-EHT_A5_60	175	5844	268.0	689.0	324.0	259.0
Acquire-EHT_A5_60	176	5875	268.0	689.0	324.0	258.0
Acquire-EHT_A5_60	177	5906	268.0	689.0	324.0	259.0
Acquire-EHT_A5_60	178	5937	268.0	689.0	324.0	258.0
Acquire-EHT_A5_60	179	5984	268.0	689.0	324.0	259.0
Acquire-EHT_A5_60	180	6015	268.0	689.0	324.0	258.0
Acquire-EHT_A5_60	181	6047	268.0	689.0	324.0	258.0
Acquire-EHT_A5_60	182	6078	268.0	690.0	324.0	258.0
Acquire-EHT_A5_60	183	6109	268.0	688.0	324.0	258.0
Acquire-EHT_A5_60	184	6140	268.0	689.0	324.0	259.0
Acquire-EHT_A5_60	185	6172	268.0	688.0	324.0	259.0
Acquire-EHT_A5_60	186	6219	268.0	688.0	324.0	260.0
Acquire-EHT_A5_60	187	6250	268.0	688.0	324.0	260.0
Acquire-EHT_A5_60	188	6281	268.0	688.0	324.0	260.0
Acquire-EHT_A5_60	189	6312	268.0	688.0	324.0	260.0
Acquire-EHT_A5_60	190	6344	268.0	688.0	324.0	260.0
Acquire-EHT_A5_60	191	6375	268.0	688.0	324.0	260.0
Acquire-EHT_A5_60	192	6406	268.0	688.0	324.0	260.0
Acquire-EHT_A5_60	193	6437	268.0	688.0	324.0	260.0
Acquire-EHT_A5_60	194	6484	268.0	688.0	324.0	260.0
Acquire-EHT_A5_60	195	6515	268.0	688.0	324.0	260.0
Acquire-EHT_A5_60	196	6547	268.0	688.0	324.0	259.0
Acquire-EHT_A5_60	197	6578	268.0	688.0	324.0	260.0
Acquire-EHT_A5_60	198	6609	268.0	688.0	324.0	259.0
Acquire-EHT_A5_60	199	6640	268.0	689.0	324.0	259.0
Acquire-EHT_A5_60	200	6672	268.0	689.0	324.0	258.0
Acquire-EHT_A5_60	201	6719	268.0	689.0	324.0	258.0
Acquire-EHT_A5_60	202	6750	268.0	690.0	324.0	258.0
Acquire-EHT_A5_60	203	6781	268.0	689.0	324.0	258.0
Acquire-EHT_A5_60	204	6812	268.0	688.0	324.0	258.0
Acquire-EHT_A5_60	205	6843	268.0	689.0	324.0	258.0
Acquire-EHT_A5_60	206	6875	268.0	689.0	324.0	259.0
Acquire-EHT_A5_60	207	6906	268.0	688.0	324.0	258.0
Acquire-EHT_A5_60	208	6937	268.0	689.0	324.0	258.0
Acquire-EHT_A5_60	209	6984	268.0	688.0	324.0	259.0
Acquire-EHT_A5_60	210	7015	268.0	688.0	324.0	260.0
Acquire-EHT_A5_60	211	7047	268.0	688.0	324.0	260.0
Acquire-EHT_A5_60	212	7078	268.0	688.0	324.0	260.0
Acquire-EHT_A5_60	213	7109	268.0	688.0	324.0	260.0
Acquire-EHT_A5_60	214	7140	268.0	688.0	324.0	260.0
Acquire-EHT_A5_60	215	7172	268.0	688.0	324.0	260.0
Acquire-EHT_A5_60	216	7218	268.0	688.0	324.0	260.0
Acquire-EHT_A5_60	217	7250	268.0	688.0	324.0	260.0
Acquire-EHT_A5_60	218	7281	268.0	688.0	324.0	260.0
Acquire-EHT_A5_60	219	7312	268.0	688.0	324.0	260.0
Acquire-EHT_A5_60	220	7343	268.0	688.0	324.0	260.0
Acquire-EHT_A5_60	221	7375	268.0	688.0	324.0	260.0
Acquire-EHT_A5_60	222	7406	268.0	689.0	324.0	259.0
Acquire-EHT_A5_60	223	7453	268.0	688.0	324.0	259.0
Acquire-EHT_A5_60	224	7484	268.0	689.0	324.0	259.0
Acquire-EHT_A5_60	225	7515	268.0	688.0	324.0	258.0
Acquire-EHT_A5_60	226	7547	268.0	689.0	324.0	259.0
Acquire-EHT_A5_60	227	7578	268.0	689.0	324.0	258.0
Acquire-EHT_A5_60	228	7609	268.0	689.0	324.0	258.0
Acquire-EHT_A5_60	229	7640	268.0	689.0	324.0	258.0
Acquire-EHT_A5_60	230	7672	268.0	689.0	323.0	258.0
Acquire-EHT_A5_60	231	7718	268.0	689.0	324.0	258.0
Acquire-EHT_A5_60	232	7750	268.0	688.0	324.0	258.0
Acquire-EHT_A5_60	233	7781	268.0	689.0	324.0	259.0
Acquire-EHT_A5_60	234	7812	268.0	688.0	324.0	259.0
Acquire-EHT_A5_60	235	7843	268.0	688.0	324.0	260.0
Acquire-EHT_A5_60	236	7875	268.0	688.0	324.0	260.0
Acquire-EHT_A5_60	237	7906	268.0	688.0	324.0	260.0
Acquire-EHT_A5_60	238	7953	268.0	687.0	324.0	260.0
Acquire-EHT_A5_60	239	7984	268.0	688.0	324.0	261.0
Acquire-EHT_A5_60	240	8015	268.0	687.0	324.0	260.0
Acquire-EHT_A5_60	241	8047	268.0	687.0	324.0	260.0
Acquire-EHT_A5_60	242	8078	268.0	688.0	324.0	260.0
Acquire-EHT_A5_60	243	8109	268.0	688.0	324.0	260.0
Acquire-EHT_A5_60	244	8140	268.0	688.0	324.0	260.0
Acquire-EHT_A5_60	245	8172	268.0	688.0	324.0	260.0
Acquire-EHT_A5_60	246	8218	268.0	689.0	324.0	259.0
Acquire-EHT_A5_60	247	8250	268.0	688.0	324.0	259.0
Acquire-EHT_A5_60	248	8281	268.0	689.0	324.0	259.0
Acquire-EHT_A5_60	249	8312	268.0	688.0	323.0	258.0
Acquire-EHT_A5_60	250	8343	268.0	689.0	323.0	258.0
Acquire-EHT_A5_60	251	8375	268.0	689.0	324.0	258.0
Acquire-EHT_A5_60	252	8406	268.0	688.0	323.0	258.0
Acquire-EHT_A5_60	253	8453	269.0	690.0	324.0	258.0
Acquire-EHT_A5_60	254	8484	268.0	688.0	324.0	258.0
Acquire-EHT_A5_60	255	8515	269.0	690.0	324.0	258.0
Acquire-EHT_A5_60	256	8546	268.0	689.0	324.0	258.0
Acquire-EHT_A5_60	257	8578	268.0	689.0	324.0	259.0
Acquire-EHT_A5_60	258	8609	268.0	688.0	324.0	259.0
Acquire-EHT_A5_60	259	8640	268.0	688.0	324.0	260.0
Acquire-EHT_A5_60	260	8671	268.0	688.0	324.0	260.0
Acquire-EHT_A5_60	261	8718	268.0	688.0	324.0	260.0
Acquire-EHT_A5_60	262	8750	268.0	688.0	324.0	260.0
Acquire-EHT_A5_60	263	8781	268.0	688.0	324.0	260.0
Acquire-EHT_A5_60	264	8812	268.0	688.0	324.0	260.0
Acquire-EHT_A5_60	265	8843	268.0	688.0	324.0	260.0
Acquire-EHT_A5_60	266	8875	268.0	688.0	324.0	260.0
Acquire-EHT_A5_60	267	8906	268.0	688.0	324.0	260.0
Acquire-EHT_A5_60	268	8953	268.0	688.0	324.0	260.0
Acquire-EHT_A5_60	269	8984	268.0	688.0	324.0	260.0
Acquire-EHT_A5_60	270	9015	268.0	688.0	324.0	260.0
Acquire-EHT_A5_60	271	9046	268.0	689.0	324.0	259.0
Acquire-EHT_A5_60	272	9078	268.0	688.0	324.0	259.0
Acquire-EHT_A5_60	273	9109	268.0	689.0	324.0	259.0
Acquire-EHT_A5_60	274	9140	268.0	689.0	324.0	259.0
Acquire-EHT_A5_60	275	9171	268.0	689.0	324.0	259.0
Acquire-EHT_A5_60	276	9218	268.0	688.0	324.0	258.0
Acquire-EHT_A5_60	277	9250	268.0	688.0	324.0	259.0
Acquire-EHT_A5_60	278	9281	268.0	689.0	324.0	258.0
Acquire-EHT_A5_60	279	9312	268.0	689.0	324.0	258.0
Acquire-EHT_A5_60	280	9343	268.0	689.0	324.0	258.0
Acquire-EHT_A5_60	281	9375	268.0	689.0	324.0	258.0
Acquire-EHT_A5_60	282	9406	268.0	689.0	324.0	259.0
Acquire-EHT_A5_60	283	9453	268.0	688.0	324.0	259.0
Acquire-EHT_A5_60	284	9484	268.0	688.0	324.0	260.0
Acquire-EHT_A5_60	285	9515	268.0	688.0	324.0	260.0
Acquire-EHT_A5_60	286	9546	268.0	688.0	324.0	260.0
Acquire-EHT_A5_60	287	9578	268.0	688.0	324.0	261.0
Acquire-EHT_A5_60	288	9609	268.0	688.0	324.0	261.0
Acquire-EHT_A5_60	289	9640	268.0	687.0	324.0	261.0
Acquire-EHT_A5_60	290	9671	268.0	688.0	324.0	260.0
Acquire-EHT_A5_60	291	9718	268.0	688.0	324.0	260.0
Acquire-EHT_A5_60	292	9750	268.0	688.0	324.0	260.0
Acquire-EHT_A5_60	293	9781	268.0	688.0	324.0	260.0
Acquire-EHT_A5_60	294	9812	268.0	688.0	324.0	260.0
Acquire-EHT_A5_60	295	9843	268.0	689.0	324.0	259.0
Acquire-EHT_A5_60	296	9875	268.0	689.0	324.0	259.0
Acquire-EHT_A5_60	297	9906	268.0	689.0	324.0	259.0
Acquire-EHT_A5_60	298	9953	268.0	688.0	324.0	259.0
Acquire-EHT_A5_60	299	9984	268.0	688.0	324.0	259.0
Acquire-EHT_A5_60	300	10015	268.0	689.0	324.0	258.0
Acquire-EHT_A5_60	301	10046	268.0	689.0	324.0	258.0
Acquire-EHT_A5_60	302	10078	268.0	689.0	324.0	258.0
Acquire-EHT_A5_60	303	10109	268.0	689.0	324.0	258.0
Acquire-EHT_A5_60	304	10140	268.0	689.0	324.0	259.0
Acquire-EHT_A5_60	305	10171	268.0	688.0	324.0	258.0
Acquire-EHT_A5_60	306	10218	268.0	689.0	324.0	258.0
Acquire-EHT_A5_60	307	10250	268.0	688.0	324.0	258.0
Acquire-EHT_A5_60	308	10281	268.0	688.0	324.0	260.0
Acquire-EHT_A5_60	309	10312	268.0	688.0	324.0	260.0
Acquire-EHT_A5_60	310	10343	268.0	688.0	324.0	260.0
Acquire-EHT_A5_60	311	10374	268.0	688.0	324.0	260.0
Acquire-EHT_A5_60	312	10406	268.0	688.0	324.0	260.0
Acquire-EHT_A5_60	313	10453	268.0	688.0	324.0	260.0
Acquire-EHT_A5_60	314	10484	268.0	687.0	324.0	260.0
Acquire-EHT_A5_60	315	10515	268.0	688.0	324.0	261.0
Acquire-EHT_A5_60	316	10546	268.0	688.0	324.0	260.0
Acquire-EHT_A5_60	317	10578	268.0	688.0	324.0	260.0
Acquire-EHT_A5_60	318	10609	268.0	688.0	324.0	260.0
Acquire-EHT_A5_60	319	10640	268.0	688.0	324.0	259.0
Acquire-EHT_A5_60	320	10671	268.0	688.0	324.0	259.0
Acquire-EHT_A5_60	321	10718	268.0	688.0	324.0	259.0
Acquire-EHT_A5_60	322	10749	268.0	689.0	324.0	259.0
Acquire-EHT_A5_60	323	10781	268.0	689.0	324.0	259.0
Acquire-EHT_A5_60	324	10812	268.0	688.0	324.0	258.0
Acquire-EHT_A5_60	325	10843	268.0	689.0	324.0	258.0
Acquire-EHT_A5_60	326	10874	268.0	689.0	324.0	258.0
Acquire-EHT_A5_60	327	10906	268.0	689.0	324.0	258.0
Acquire-EHT_A5_60	328	10953	268.0	689.0	324.0	258.0
Acquire-EHT_A5_60	329	10984	268.0	689.0	323.0	258.0
Acquire-EHT_A5_60	330	11015	268.0	688.0	324.0	258.0
Acquire-EHT_A5_60	331	11046	268.0	688.0	324.0	258.0
Acquire-EHT_A5_60	332	11078	268.0	688.0	324.0	259.0
Acquire-EHT_A5_60	333	11109	268.0	688.0	324.0	260.0
Acquire-EHT_A5_60	334	11140	268.0	688.0	324.0	260.0
Acquire-EHT_A5_60	335	11171	268.0	688.0	324.0	260.0
Acquire-EHT_A5_60	336	11218	268.0	688.0	324.0	260.0
Acquire-EHT_A5_60	337	11249	268.0	687.0	324.0	261.0
Acquire-EHT_A5_60	338	11281	268.0	688.0	324.0	260.0
Acquire-EHT_A5_60	339	11312	268.0	688.0	324.0	260.0
Acquire-EHT_A5_60	340	11343	268.0	688.0	324.0	260.0
Acquire-EHT_A5_60	341	11374	268.0	688.0	324.0	260.0
Acquire-EHT_A5_60	342	11406	268.0	688.0	324.0	260.0
Acquire-EHT_A5_60	343	11453	268.0	688.0	324.0	260.0
Acquire-EHT_A5_60	344	11484	268.0	688.0	324.0	259.0
Acquire-EHT_A5_60	345	11515	268.0	689.0	324.0	259.0
Acquire-EHT_A5_60	346	11546	268.0	688.0	324.0	259.0
Acquire-EHT_A5_60	347	11578	268.0	689.0	323.0	258.0
Acquire-EHT_A5_60	348	11609	268.0	689.0	324.0	259.0
Acquire-EHT_A5_60	349	11640	268.0	689.0	324.0	258.0
Acquire-EHT_A5_60	350	11671	268.0	689.0	324.0	259.0
Acquire-EHT_A5_60	351	11718	268.0	689.0	324.0	258.0
Acquire-EHT_A5_60	352	11749	268.0	689.0	324.0	258.0
Acquire-EHT_A5_60	353	11781	268.0	689.0	324.0	259.0
Acquire-EHT_A5_60	354	11812	268.0	688.0	324.0	258.0
Acquire-EHT_A5_60	355	11843	268.0	689.0	324.0	259.0
Acquire-EHT_A5_60	356	11874	268.0	688.0	324.0	259.0
Acquire-EHT_A5_60	357	11906	268.0	688.0	324.0	260.0
Acquire-EHT_A5_60	358	11953	268.0	688.0	324.0	260.0
Acquire-EHT_A5_60	359	11984	268.0	688.0	324.0	260.0
Acquire-EHT_A5_60	360	12015	268.0	688.0	324.0	260.0
Acquire-EHT_A5_60	361	12046	268.0	688.0	324.0	261.0
Acquire-EHT_A5_60	362	12078	268.0	688.0	324.0	261.0
Acquire-EHT_A5_60	363	12109	268.0	688.0	324.0	260.0
Acquire-EHT_A5_60	364	12140	268.0	688.0	324.0	260.0
Acquire-EHT_A5_60	365	12171	268.0	688.0	324.0	260.0
Acquire-EHT_A5_60	366	12218	268.0	688.0	324.0	260.0
Acquire-EHT_A5_60	367	12249	268.0	688.0	324.0	260.0
Acquire-EHT_A5_60	368	12281	268.0	688.0	324.0	260.0
Acquire-EHT_A5_60	369	12312	268.0	689.0	324.0	259.0
Acquire-EHT_A5_60	370	12343	268.0	689.0	324.0	259.0
Acquire-EHT_A5_60	371	12374	268.0	689.0	324.0	259.0
Acquire-EHT_A5_60	372	12406	268.0	689.0	324.0	258.0
Acquire-EHT_A5_60	373	12452	268.0	689.0	324.0	258.0
Acquire-EHT_A5_60	374	12484	268.0	689.0	323.0	258.0
Acquire-EHT_A5_60	375	12515	268.0	689.0	324.0	258.0
Acquire-EHT_A5_60	376	12546	267.0	690.0	324.0	258.0
Acquire-EHT_A5_60	377	12577	268.0	689.0	324.0	259.0
Acquire-EHT_A5_60	378	12609	268.0	689.0	324.0	258.0
Acquire-EHT_A5_60	379	12640	268.0	690.0	324.0	259.0
Acquire-EHT_A5_60	380	12671	268.0	688.0	324.0	259.0
Acquire-EHT_A5_60	381	12718	268.0	688.0	324.0	260.0
Acquire-EHT_A5_60	382	12749	268.0	688.0	324.0	260.0
Acquire-EHT_A5_60	383	12781	268.0	688.0	324.0	260.0
Acquire-EHT_A5_60	384	12812	268.0	688.0	324.0	260.0
Acquire-EHT_A5_60	385	12843	268.0	688.0	324.0	260.0
Acquire-EHT_A5_60	386	12874	268.0	688.0	324.0	260.0
Acquire-EHT_A5_60	387	12906	268.0	688.0	324.0	260.0
Acquire-EHT_A5_60	388	12952	268.0	688.0	324.0	261.0
Acquire-EHT_A5_60	389	12984	268.0	688.0	324.0	260.0
Acquire-EHT_A5_60	390	13015	268.0	688.0	324.0	260.0
Acquire-EHT_A5_60	391	13046	268.0	688.0	324.0	260.0
Acquire-EHT_A5_60	392	13077	268.0	688.0	324.0	260.0
Acquire-EHT_A5_60	393	13109	268.0	688.0	324.0	259.0
Acquire-EHT_A5_60	394	13140	268.0	689.0	324.0	259.0
Acquire-EHT_A5_60	395	13171	268.0	688.0	324.0	259.0
Acquire-EHT_A5_60	396	13218	268.0	688.0	324.0	259.0
Acquire-EHT_A5_60	397	13249	268.0	689.0	324.0	259.0
Acquire-EHT_A5_60	398	13281	268.0	689.0	324.0	258.0
Acquire-EHT_A5_60	399	13312	268.0	688.0	324.0	258.0
Acquire-EHT_A5_60	400	13343	268.0	689.0	323.0	258.0
Acquire-EHT_A5_60	401	13374	268.0	690.0	323.0	258.0
Acquire-EHT_A5_60	402	13406	268.0	689.0	324.0	258.0
Acquire-EHT_A5_60	403	13452	268.0	689.0	324.0	258.0
Acquire-EHT_A5_60	404	13484	268.0	689.0	324.0	259.0
Acquire-EHT_A5_60	405	13515	268.0	688.0	324.0	260.0
Acquire-EHT_A5_60	406	13546	268.0	688.0	324.0	260.0
Acquire-EHT_A5_60	407	13577	268.0	688.0	324.0	260.0
Acquire-EHT_A5_60	408	13609	268.0	688.0	324.0	261.0
Acquire-EHT_A5_60	409	13640	268.0	688.0	324.0	260.0
Acquire-EHT_A5_60	410	13671	268.0	687.0	324.0	261.0
Acquire-EHT_A5_60	411	13718	268.0	688.0	324.0	261.0
Acquire-EHT_A5_60	412	13749	268.0	688.0	324.0	260.0
Acquire-EHT_A5_60	413	13781	268.0	688.0	324.0	260.0
Acquire-EHT_A5_60	414	13812	268.0	688.0	324.0	260.0
Acquire-EHT_A5_60	415	13843	268.0	688.0	324.0	260.0
Acquire-EHT_A5_60	416	13874	268.0	688.0	324.0	259.0
Acquire-EHT_A5_60	417	13906	268.0	688.0	324.0	259.0
Acquire-EHT_A5_60	418	13952	268.0	689.0	324.0	259.0
Acquire-EHT_A5_60	419	13984	268.0	689.0	324.0	259.0
Acquire-EHT_A5_60	420	14015	268.0	688.0	323.0	258.0
Acquire-EHT_A5_60	421	14046	268.0	689.0	324.0	258.0
Acquire-EHT_A5_60	422	14077	268.0	689.0	324.0	258.0
Acquire-EHT_A5_60	423	14109	268.0	689.0	324.0	258.0
Acquire-EHT_A5_60	424	14140	268.0	689.0	323.0	258.0
Acquire-EHT_A5_60	425	14171	268.0	689.0	323.0	258.0
Acquire-EHT_A5_60	426	14218	268.0	690.0	324.0	259.0
Acquire-EHT_A5_60	427	14249	268.0	688.0	324.0	258.0
Acquire-EHT_A5_60	428	14280	268.0	690.0	324.0	259.0
Acquire-EHT_A5_60	429	14312	268.0	688.0	324.0	259.0
Acquire-EHT_A5_60	430	14343	268.0	688.0	324.0	260.0
Acquire-EHT_A5_60	431	14374	268.0	688.0	324.0	260.0
Acquire-EHT_A5_60	432	14405	268.0	688.0	324.0	260.0
Acquire-EHT_A5_60	433	14452	268.0	688.0	324.0	260.0
Acquire-EHT_A5_60	434	14484	268.0	687.0	324.0	261.0
Acquire-EHT_A5_60	435	14515	268.0	687.0	324.0	261.0
Acquire-EHT_A5_60	436	14546	268.0	688.0	324.0	260.0
Acquire-EHT_A5_60	437	14577	268.0	688.0	324.0	260.0
Acquire-EHT_A5_60	438	14609	268.0	688.0	324.0	260.0
Acquire-EHT_A5_60	439	14640	268.0	688.0	324.0	260.0
Acquire-EHT_A5_60	440	14671	268.0	688.0	324.0	260.0
Acquire-EHT_A5_60	441	14718	268.0	688.0	324.0	260.0
Acquire-EHT_A5_60	442	14749	268.0	688.0	324.0	259.0
Acquire-EHT_A5_60	443	14780	268.0	689.0	324.0	259.0
Acquire-EHT_A5_60	444	14812	268.0	689.0	324.0	259.0
Acquire-EHT_A5_60	445	14843	268.0	688.0	323.0	258.0
Acquire-EHT_A5_60	446	14874	268.0	689.0	324.0	258.0
Acquire-EHT_A5_60	447	14905	268.0	688.0	324.0	258.0
Acquire-EHT_A5_60	448	14952	268.0	689.0	324.0	259.0
Acquire-EHT_A5_60	449	14984	268.0	689.0	324.0	258.0
Acquire-EHT_A5_60	450	15015	268.0	689.0	323.0	258.0
Acquire-EHT_A5_60	451	15046	268.0	689.0	324.0	259.0
Acquire-EHT_A5_60	452	15077	268.0	688.0	324.0	258.0
Acquire-EHT_A5_60	453	15109	268.0	689.0	324.0	259.0
Acquire-EHT_A5_60	454	15140	268.0	688.0	324.0	260.0
Acquire-EHT_A5_60	455	15171	268.0	688.0	324.0	260.0
Acquire-EHT_A5_60	456	15218	268.0	688.0	324.0	260.0
Acquire-EHT_A5_60	457	15249	268.0	688.0	324.0	260.0
Acquire-EHT_A5_60	458	15280	268.0	688.0	324.0	260.0
Acquire-EHT_A5_60	459	15312	268.0	688.0	324.0	261.0
Acquire-EHT_A5_60	460	15343	268.0	687.0	324.0	260.0
Acquire-EHT_A5_60	461	15374	268.0	688.0	324.0	261.0
Acquire-EHT_A5_60	462	15405	268.0	688.0	324.0	260.0
Acquire-EHT_A5_60	463	15452	268.0	688.0	324.0	260.0
Acquire-EHT_A5_60	464	15484	268.0	688.0	324.0	260.0
Acquire-EHT_A5_60	465	15515	268.0	688.0	324.0	259.0
Acquire-EHT_A5_60	466	15546	268.0	688.0	324.0	259.0
Acquire-EHT_A5_60	467	15577	268.0	688.0	324.0	259.0
Acquire-EHT_A5_60	468	15609	268.0	689.0	324.0	259.0
Acquire-EHT_A5_60	469	15640	268.0	689.0	324.0	258.0
Acquire-EHT_A5_60	470	15843	268.0	689.0	324.0	258.0
Acquire-EHT_A5_60	471	15874	268.0	689.0	324.0	259.0
Acquire-EHT_A5_60	472	15905	268.0	688.0	324.0	259.0
Acquire-EHT_A5_60	473	15952	268.0	688.0	324.0	259.0
Acquire-EHT_A5_60	474	15983	268.0	688.0	324.0	260.0
Acquire-EHT_A5_60	475	16015	268.0	688.0	324.0	260.0
Acquire-EHT_A5_60	476	16046	268.0	688.0	324.0	260.0
Acquire-EHT_A5_60	477	16077	268.0	688.0	324.0	260.0
Acquire-EHT_A5_60	478	16108	268.0	688.0	324.0	261.0
Acquire-EHT_A5_60	479	16140	268.0	688.0	324.0	261.0
Acquire-EHT_A5_60	480	16171	268.0	687.0	324.0	260.0
Acquire-EHT_A5_60	481	16218	268.0	688.0	324.0	260.0
Acquire-EHT_A5_60	482	16249	268.0	688.0	324.0	260.0
Acquire-EHT_A5_60	483	16280	268.0	688.0	324.0	260.0
Acquire-EHT_A5_60	484	16312	268.0	688.0	324.0	260.0
Acquire-EHT_A5_60	485	16343	268.0	688.0	324.0	259.0
Acquire-EHT_A5_60	486	16374	268.0	688.0	324.0	259.0
Acquire-EHT_A5_60	487	16405	268.0	688.0	324.0	259.0
Acquire-EHT_A5_60	488	16452	268.0	689.0	324.0	259.0
Acquire-EHT_A5_60	489	16483	268.0	688.0	323.0	258.0
Acquire-EHT_A5_60	490	16515	268.0	689.0	324.0	258.0
Acquire-EHT_A5_60	491	16546	268.0	689.0	324.0	258.0
Acquire-EHT_A5_60	492	16577	268.0	689.0	324.0	258.0
Acquire-EHT_A5_60	493	16608	268.0	689.0	324.0	258.0
Acquire-EHT_A5_60	494	16640	268.0	689.0	323.0	258.0
Acquire-EHT_A5_60	495	16671	268.0	689.0	324.0	259.0
Acquire-EHT_A5_60	496	16718	268.0	689.0	323.0	258.0
Acquire-EHT_A5_60	497	16749	268.0	688.0	324.0	259.0
Acquire-EHT_A5_60	498	16780	268.0	688.0	324.0	259.0
Acquire-EHT_A5_60	499	16812	268.0	688.0	324.0	260.0
Acquire-EHT_A5_60	500	16843	268.0	688.0	324.0	260.0
Acquire-EHT_A5_60	501	16874	268.0	688.0	324.0	261.0
Acquire-EHT_A5_60	502	16905	268.0	688.0	324.0	260.0
Acquire-EHT_A5_60	503	16952	268.0	688.0	324.0	260.0
Acquire-EHT_A5_60	504	16983	268.0	688.0	324.0	260.0
Acquire-EHT_A5_60	505	17015	268.0	688.0	324.0	260.0
Acquire-EHT_A5_60	506	17046	268.0	688.0	324.0	260.0
Acquire-EHT_A5_60	507	17077	268.0	688.0	324.0	260.0
Acquire-EHT_A5_60	508	17108	268.0	688.0	324.0	260.0
Acquire-EHT_A5_60	509	17140	268.0	688.0	324.0	259.0
Acquire-EHT_A5_60	510	17171	268.0	688.0	324.0	259.0
Acquire-EHT_A5_60	511	17218	268.0	688.0	324.0	259.0
Acquire-EHT_A5_60	512	17249	268.0	689.0	324.0	259.0
Acquire-EHT_A5_60	513	17280	268.0	688.0	324.0	258.0
Acquire-EHT_A5_60	514	17312	268.0	689.0	324.0	258.0
Acquire-EHT_A5_60	515	17343	268.0	689.0	324.0	259.0
Acquire-EHT_A5_60	516	17374	268.0	689.0	324.0	258.0
Acquire-EHT_A5_60	517	17405	268.0	689.0	324.0	258.0
Acquire-EHT_A5_60	518	17452	268.0	689.0	323.0	258.0
Acquire-EHT_A5_60	519	17483	268.0	689.0	324.0	258.0
Acquire-EHT_A5_60	520	17515	268.0	689.0	324.0	258.0
Acquire-EHT_A5_60	521	17546	268.0	689.0	324.0	259.0
Acquire-EHT_A5_60	522	17577	268.0	688.0	324.0	259.0
Acquire-EHT_A5_60	523	17608	268.0	688.0	324.0	260.0
Acquire-EHT_A5_60	524	17640	268.0	688.0	324.0	260.0
Acquire-EHT_A5_60	525	17671	268.0	688.0	324.0	260.0
Acquire-EHT_A5_60	526	17718	268.0	688.0	324.0	260.0
Acquire-EHT_A5_60	527	17749	268.0	687.0	324.0	261.0
Acquire-EHT_A5_60	528	17780	268.0	688.0	324.0	260.0
Acquire-EHT_A5_60	529	17811	268.0	688.0	324.0	260.0
Acquire-EHT_A5_60	530	17843	268.0	688.0	324.0	260.0
Acquire-EHT_A5_60	531	17874	268.0	688.0	324.0	260.0
Acquire-EHT_A5_60	532	17905	268.0	688.0	324.0	260.0
Acquire-EHT_A5_60	533	17952	268.0	688.0	324.0	259.0
Acquire-EHT_A5_60	534	17983	268.0	688.0	324.0	260.0
Acquire-EHT_A5_60	535	18015	268.0	689.0	324.0	259.0
Acquire-EHT_A5_60	536	18046	268.0	688.0	324.0	259.0
Acquire-EHT_A5_60	537	18077	268.0	689.0	324.0	259.0
Acquire-EHT_A5_60	538	18108	268.0	689.0	324.0	258.0
Acquire-EHT_A5_60	539	18140	268.0	689.0	324.0	258.0
Acquire-EHT_A5_60	540	18171	268.0	689.0	324.0	258.0
Acquire-EHT_A5_60	541	18218	268.0	689.0	324.0	259.0
Acquire-EHT_A5_60	542	18249	268.0	689.0	324.0	258.0
Acquire-EHT_A5_60	543	18280	268.0	689.0	324.0	258.0
Acquire-EHT_A5_60	544	18311	268.0	689.0	323.0	258.0
Acquire-EHT_A5_60	545	18343	268.0	688.0	324.0	259.0
Acquire-EHT_A5_60	546	18374	268.0	688.0	324.0	259.0
Acquire-EHT_A5_60	547	18405	268.0	688.0	324.0	260.0
Acquire-EHT_A5_60	548	18452	268.0	688.0	324.0	260.0
Acquire-EHT_A5_60	549	18483	268.0	688.0	324.0	260.0
Acquire-EHT_A5_60	550	18515	268.0	688.0	324.0	260.0
Acquire-EHT_A5_60	551	18546	268.0	688.0	324.0	260.0
Acquire-EHT_A5_60	552	18577	268.0	688.0	324.0	260.0
Acquire-EHT_A5_60	553	18608	268.0	688.0	324.0	260.0
Acquire-EHT_A5_60	554	18640	268.0	688.0	324.0	260.0
Acquire-EHT_A5_60	555	18671	268.0	688.0	324.0	260.0
Acquire-EHT_A5_60	556	18718	268.0	688.0	324.0	260.0
Acquire-EHT_A5_60	557	18749	268.0	688.0	324.0	260.0
Acquire-EHT_A5_60	558	18780	268.0	688.0	324.0	259.0
Acquire-EHT_A5_60	559	18811	268.0	688.0	324.0	259.0
Acquire-EHT_A5_60	560	18843	268.0	689.0	323.0	258.0
Acquire-EHT_A5_60	561	18874	268.0	689.0	324.0	259.0
Acquire-EHT_A5_60	562	18905	268.0	689.0	323.0	258.0
Acquire-EHT_A5_60	563	18952	268.0	689.0	323.0	258.0
Acquire-EHT_A5_60	564	18983	268.0	690.0	324.0	259.0
Acquire-EHT_A5_60	565	19015	268.0	689.0	323.0	258.0
Acquire-EHT_A5_60	566	19046	268.0	689.0	324.0	258.0
Acquire-EHT_A5_60	567	19077	268.0	689.0	323.0	258.0
Acquire-EHT_A5_60	568	19108	268.0	689.0	324.0	258.0
Acquire-EHT_A5_60	569	19140	268.0	689.0	324.0	258.0
Acquire-EHT_A5_60	570	19171	268.0	688.0	324.0	259.0
Acquire-EHT_A5_60	571	19218	268.0	688.0	324.0	260.0
Acquire-EHT_A5_60	572	19249	268.0	688.0	324.0	260.0
Acquire-EHT_A5_60	573	19280	268.0	688.0	324.0	260.0
Acquire-EHT_A5_60	574	19311	268.0	688.0	324.0	260.0
Acquire-EHT_A5_60	575	19343	268.0	688.0	324.0	261.0
Acquire-EHT_A5_60	576	19374	268.0	688.0	324.0	260.0
Acquire-EHT_A5_60	577	19405	268.0	688.0	324.0	260.0
Acquire-EHT_A5_60	578	19452	268.0	688.0	324.0	260.0
Acquire-EHT_A5_60	579	19483	268.0	688.0	324.0	260.0
Acquire-EHT_A5_60	580	19514	268.0	688.0	324.0	260.0
Acquire-EHT_A5_60	581	19546	268.0	688.0	324.0	260.0
Acquire-EHT_A5_60	582	19577	268.0	688.0	324.0	260.0
Acquire-EHT_A5_60	583	19608	268.0	688.0	324.0	259.0
Acquire-EHT_A5_60	584	19639	268.0	688.0	324.0	258.0
Acquire-EHT_A5_60	585	19671	268.0	690.0	323.0	258.0
Acquire-EHT_A5_60	586	19718	268.0	688.0	324.0	259.0
Acquire-EHT_A5_60	587	19749	268.0	688.0	324.0	258.0
Acquire-EHT_A5_60	588	19780	268.0	689.0	324.0	259.0
Acquire-EHT_A5_60	589	19811	268.0	689.0	324.0	258.0
Acquire-EHT_A5_60	590	19843	268.0	690.0	323.0	258.0
Acquire-EHT_A5_60	591	19874	268.0	689.0	324.0	258.0
Acquire-EHT_A5_60	592	19905	268.0	689.0	324.0	258.0
Acquire-EHT_A5_60	593	19952	268.0	688.0	324.0	260.0
Acquire-EHT_A5_60	594	20249	268.0	688.0	324.0	260.0
Acquire-EHT_A5_60	595	20280	268.0	688.0	324.0	260.0
Acquire-EHT_A5_60	596	20311	268.0	688.0	324.0	260.0
Acquire-EHT_A5_60	597	20343	268.0	688.0	324.0	260.0
Acquire-EHT_A5_60	598	20374	268.0	688.0	324.0	259.0
Acquire-EHT_A5_60	599	20405	268.0	688.0	324.0	259.0
Acquire-EHT_A5_60	600	20452	268.0	689.0	324.0	259.0
Acquire-EHT_A5_60	601	20483	268.0	689.0	324.0	259.0
Acquire-EHT_A5_60	602	20514	268.0	689.0	324.0	259.0
Acquire-EHT_A5_60	603	20546	268.0	689.0	324.0	258.0
Acquire-EHT_A5_60	604	20577	268.0	689.0	324.0	258.0
Acquire-EHT_A5_60	605	20608	268.0	689.0	324.0	259.0
Acquire-EHT_A5_60	606	20639	268.0	688.0	324.0	258.0
Acquire-EHT_A5_60	607	20671	268.0	689.0	324.0	259.0
Acquire-EHT_A5_60	608	20718	268.0	689.0	324.0	258.0
Acquire-EHT_A5_60	609	20749	268.0	689.0	324.0	258.0
Acquire-EHT_A5_60	610	20780	268.0	689.0	324.0	259.0
Acquire-EHT_A5_60	611	20811	268.0	688.0	324.0	260.0
Acquire-EHT_A5_60	612	20843	268.0	688.0	324.0	260.0
Acquire-EHT_A5_60	613	20874	268.0	688.0	324.0	260.0
Acquire-EHT_A5_60	614	20905	268.0	688.0	324.0	260.0
Acquire-EHT_A5_60	615	20952	268.0	688.0	324.0	260.0
Acquire-EHT_A5_60	616	20983	268.0	688.0	324.0	260.0
Acquire-EHT_A5_60	617	21014	268.0	688.0	324.0	260.0
Acquire-EHT_A5_60	618	21046	268.0	688.0	324.0	260.0
Acquire-EHT_A5_60	619	21077	268.0	688.0	324.0	260.0
Acquire-EHT_A5_60	620	21108	268.0	688.0	324.0	260.0
Acquire-EHT_A5_60	621	21139	268.0	688.0	324.0	260.0
Acquire-EHT_A5_60	622	21171	268.0	688.0	324.0	260.0
Acquire-EHT_A5_60	623	21218	268.0	688.0	324.0	259.0
Acquire-EHT_A5_60	624	21249	268.0	688.0	324.0	259.0
Acquire-EHT_A5_60	625	21280	268.0	689.0	324.0	258.0
Acquire-EHT_A5_60	626	21311	268.0	688.0	324.0	258.0
Acquire-EHT_A5_60	627	21374	268.0	689.0	323.0	258.0
Acquire-EHT_A5_60	628	21405	268.0	689.0	324.0	258.0
Acquire-EHT_A5_60	629	21452	268.0	689.0	323.0	258.0
Acquire-EHT_A5_60	630	21483	268.0	689.0	324.0	259.0
Acquire-EHT_A5_60	631	21514	268.0	689.0	324.0	258.0
Acquire-EHT_A5_60	632	21546	268.0	689.0	324.0	258.0
Acquire-EHT_A5_60	633	21577	268.0	688.0	324.0	259.0
Acquire-EHT_A5_60	634	21608	268.0	689.0	324.0	260.0
Acquire-EHT_A5_60	635	21639	268.0	688.0	324.0	260.0
Acquire-EHT_A5_60	636	21671	268.0	688.0	324.0	260.0
Acquire-EHT_A5_60	637	21717	268.0	688.0	324.0	260.0
Acquire-EHT_A5_60	638	21749	268.0	688.0	324.0	260.0
Acquire-EHT_A5_60	639	21780	268.0	688.0	324.0	259.0
Acquire-EHT_A5_60	640	22046	268.0	689.0	324.0	259.0
Acquire-EHT_A5_60	641	22077	268.0	688.0	324.0	259.0
Acquire-EHT_A5_60	642	22108	268.0	690.0	324.0	258.0
Acquire-EHT_A5_60	643	22139	268.0	689.0	324.0	258.0
Acquire-EHT_A5_60	644	22171	268.0	689.0	324.0	259.0
Acquire-EHT_A5_60	645	22217	268.0	689.0	324.0	259.0
Acquire-EHT_A5_60	646	22249	268.0	689.0	324.0	258.0
Acquire-EHT_A5_60	647	22280	268.0	688.0	324.0	259.0
Acquire-EHT_A5_60	648	22311	268.0	689.0	324.0	258.0
Acquire-EHT_A5_60	649	22342	268.0	689.0	324.0	258.0
Acquire-EHT_A5_60	650	22374	268.0	689.0	324.0	259.0
Acquire-EHT_A5_60	651	22405	268.0	688.0	324.0	259.0
Acquire-EHT_A5_60	652	22452	268.0	688.0	324.0	260.0
Acquire-EHT_A5_60	653	22483	268.0	688.0	324.0	260.0
Acquire-EHT_A5_60	654	22514	268.0	688.0	324.0	260.0
Acquire-EHT_A5_60	655	22546	268.0	688.0	324.0	260.0
Acquire-EHT_A5_60	656	22577	268.0	688.0	324.0	261.0
Acquire-EHT_A5_60	657	22608	268.0	688.0	324.0	260.0
Acquire-EHT_A5_60	658	22639	268.0	688.0	324.0	260.0
Acquire-EHT_A5_60	659	22671	268.0	688.0	324.0	260.0
Acquire-EHT_A5_60	660	22717	268.0	688.0	324.0	260.0
Acquire-EHT_A5_60	661	22749	268.0	688.0	324.0	260.0
Acquire-EHT_A5_60	662	22780	268.0	688.0	324.0	260.0
Acquire-EHT_A5_60	663	22811	268.0	688.0	324.0	260.0
Acquire-EHT_A5_60	664	22842	268.0	688.0	324.0	259.0
Acquire-EHT_A5_60	665	22874	268.0	688.0	324.0	259.0
Acquire-EHT_A5_60	666	22905	268.0	689.0	324.0	259.0
Acquire-EHT_A5_60	667	22952	268.0	689.0	324.0	259.0
Acquire-EHT_A5_60	668	22983	268.0	688.0	324.0	258.0
Acquire-EHT_A5_60	669	23014	268.0	689.0	324.0	258.0
Acquire-EHT_A5_60	670	23045	268.0	689.0	324.0	258.0
Acquire-EHT_A5_60	671	23077	268.0	689.0	324.0	258.0
Acquire-EHT_A5_60	672	23108	268.0	689.0	324.0	259.0
Acquire-EHT_A5_60	673	23139	268.0	688.0	324.0	258.0
Acquire-EHT_A5_60	674	23170	268.0	689.0	324.0	259.0
Acquire-EHT_A5_60	675	23217	268.0	688.0	324.0	259.0
Acquire-EHT_A5_60	676	23249	268.0	688.0	324.0	260.0
Acquire-EHT_A5_60	677	23280	268.0	688.0	324.0	260.0
Acquire-EHT_A5_60	678	23311	268.0	688.0	324.0	260.0
Acquire-EHT_A5_60	679	23342	268.0	688.0	324.0	260.0
Acquire-EHT_A5_60	680	23374	268.0	688.0	324.0	260.0
Acquire-EHT_A5_60	681	23405	268.0	688.0	324.0	261.0
Acquire-EHT_A5_60	682	23452	268.0	689.0	324.0	259.0
Acquire-EHT_A5_60	683	23717	268.0	689.0	324.0	259.0
Acquire-EHT_A5_60	684	23749	268.0	689.0	323.0	258.0
Acquire-EHT_A5_60	685	23780	268.0	689.0	324.0	258.0
Acquire-EHT_A5_60	686	23811	268.0	689.0	324.0	259.0
Acquire-EHT_A5_60	687	23842	268.0	690.0	324.0	258.0
Acquire-EHT_A5_60	688	23874	268.0	689.0	324.0	258.0
Acquire-EHT_A5_60	689	23905	268.0	689.0	324.0	258.0
Acquire-EHT_A5_60	690	23952	268.0	689.0	324.0	259.0
Acquire-EHT_A5_60	691	23983	269.0	690.0	324.0	258.0
Acquire-EHT_A5_60	692	24014	268.0	688.0	324.0	259.0
Acquire-EHT_A5_60	693	24045	268.0	688.0	324.0	259.0
Acquire-EHT_A5_60	694	24077	268.0	688.0	324.0	260.0
Acquire-EHT_A5_60	695	24108	268.0	688.0	324.0	260.0
Acquire-EHT_A5_60	696	24139	268.0	688.0	324.0	260.0
Acquire-EHT_A5_60	697	24170	268.0	687.0	324.0	260.0
Acquire-EHT_A5_60	698	24217	268.0	688.0	324.0	261.0
Acquire-EHT_A5_60	699	24249	268.0	687.0	324.0	260.0
Acquire-EHT_A5_60	700	24280	268.0	688.0	324.0	260.0
Acquire-EHT_A5_60	701	24311	268.0	688.0	324.0	260.0
Acquire-EHT_A5_60	702	24342	268.0	688.0	324.0	260.0
Acquire-EHT_A5_60	703	24374	268.0	688.0	324.0	260.0
Acquire-EHT_A5_60	704	24405	268.0	688.0	324.0	260.0
Acquire-EHT_A5_60	705	24452	268.0	688.0	324.0	259.0
Acquire-EHT_A5_60	706	24483	268.0	689.0	324.0	259.0
Acquire-EHT_A5_60	707	24514	268.0	689.0	324.0	259.0
Acquire-EHT_A5_60	708	24545	268.0	690.0	324.0	259.0
Acquire-EHT_A5_60	709	24577	269.0	690.0	324.0	259.0
Acquire-EHT_A5_60	710	24608	268.0	689.0	324.0	258.0
Acquire-EHT_A5_60	711	24639	268.0	689.0	324.0	258.0
Acquire-EHT_A5_60	712	24670	268.0	688.0	324.0	259.0
Acquire-EHT_A5_60	713	24717	268.0	689.0	324.0	258.0
Acquire-EHT_A5_60	714	24748	268.0	689.0	324.0	258.0
Acquire-EHT_A5_60	715	24780	268.0	689.0	324.0	258.0
Acquire-EHT_A5_60	716	24811	268.0	689.0	324.0	259.0
Acquire-EHT_A5_60	717	24842	268.0	689.0	324.0	258.0
Acquire-EHT_A5_60	718	24874	268.0	688.0	324.0	260.0
Acquire-EHT_A5_60	719	24920	268.0	688.0	324.0	260.0
Acquire-EHT_A5_60	720	24952	268.0	688.0	324.0	260.0
Acquire-EHT_A5_60	721	24983	268.0	688.0	324.0	260.0
Acquire-EHT_A5_60	722	25014	268.0	687.0	324.0	260.0
Acquire-EHT_A5_60	723	25108	268.0	688.0	324.0	259.0
Acquire-EHT_A5_60	724	25342	268.0	688.0	324.0	259.0
Acquire-EHT_A5_60	725	25373	268.0	689.0	324.0	258.0
Acquire-EHT_A5_60	726	25405	268.0	688.0	324.0	258.0
Acquire-EHT_A5_60	727	25452	268.0	689.0	323.0	258.0
Acquire-EHT_A5_60	728	25483	268.0	689.0	324.0	259.0
Acquire-EHT_A5_60	729	25514	268.0	688.0	324.0	258.0
Acquire-EHT_A5_60	730	25545	268.0	689.0	324.0	259.0
Acquire-EHT_A5_60	731	25577	268.0	689.0	324.0	258.0
Acquire-EHT_A5_60	732	25608	268.0	689.0	324.0	258.0
Acquire-EHT_A5_60	733	25639	268.0	688.0	324.0	259.0
Acquire-EHT_A5_60	734	25686	268.0	688.0	324.0	259.0
Acquire-EHT_A5_60	735	25717	268.0	688.0	324.0	260.0
Acquire-EHT_A5_60	736	25748	268.0	688.0	324.0	260.0
Acquire-EHT_A5_60	737	25780	268.0	688.0	324.0	260.0
Acquire-EHT_A5_60	738	25811	268.0	688.0	324.0	261.0
Acquire-EHT_A5_60	739	25842	268.0	687.0	324.0	260.0
Acquire-EHT_A5_60	740	25873	268.0	688.0	324.0	260.0
Acquire-EHT_A5_60	741	25905	268.0	688.0	324.0	261.0
Acquire-EHT_A5_60	742	25952	268.0	688.0	324.0	260.0
Acquire-EHT_A5_60	743	25983	268.0	688.0	324.0	260.0
Acquire-EHT_A5_60	744	26014	268.0	688.0	324.0	260.0
Acquire-EHT_A5_60	745	26045	268.0	688.0	324.0	260.0
Acquire-EHT_A5_60	746	26077	268.0	689.0	324.0	259.0
Acquire-EHT_A5_60	747	26108	268.0	688.0	324.0	259.0
Acquire-EHT_A5_60	748	26139	268.0	689.0	324.0	259.0
Acquire-EHT_A5_60	749	26186	268.0	689.0	324.0	259.0
Acquire-EHT_A5_60	750	26217	268.0	688.0	324.0	259.0
Acquire-EHT_A5_60	751	26248	268.0	688.0	324.0	258.0
Acquire-EHT_A5_60	752	26280	268.0	689.0	324.0	258.0
Acquire-EHT_A5_60	753	26311	268.0	689.0	324.0	259.0
Acquire-EHT_A5_60	754	26342	268.0	689.0	324.0	258.0
Acquire-EHT_A5_60	755	26373	268.0	689.0	324.0	259.0
Acquire-EHT_A5_60	756	26405	268.0	690.0	324.0	258.0
Acquire-EHT_A5_60	757	26452	268.0	690.0	324.0	259.0
Acquire-EHT_A5_60	758	26483	268.0	688.0	324.0	259.0
Acquire-EHT_A5_60	759	26514	268.0	688.0	324.0	260.0
Acquire-EHT_A5_60	760	26545	268.0	688.0	324.0	260.0
Acquire-EHT_A5_60	761	26577	268.0	688.0	324.0	260.0
Acquire-EHT_A5_60	762	26608	268.0	688.0	324.0	260.0
Acquire-EHT_A5_60	763	26639	268.0	688.0	324.0	261.0
Acquire-EHT_A5_60	764	26686	268.0	688.0	324.0	260.0
Acquire-EHT_A5_60	765	26717	268.0	687.0	324.0	260.0
Acquire-EHT_A5_60	766	26748	268.0	688.0	324.0	260.0
Acquire-EHT_A5_60	767	26780	268.0	688.0	324.0	260.0
Acquire-EHT_A5_60	768	26811	268.0	688.0	324.0	260.0
Acquire-EHT_A5_60	769	26842	268.0	689.0	324.0	258.0
Acquire-EHT_A5_60	770	27108	268.0	689.0	324.0	259.0
Acquire-EHT_A5_60	771	27139	268.0	689.0	324.0	258.0
Acquire-EHT_A5_60	772	27186	268.0	690.0	324.0	259.0
Acquire-EHT_A5_60	773	27217	268.0	690.0	324.0	258.0
Acquire-EHT_A5_60	774	27248	268.0	689.0	324.0	258.0
Acquire-EHT_A5_60	775	27280	268.0	688.0	324.0	259.0
Acquire-EHT_A5_60	776	27311	268.0	688.0	324.0	260.0
Acquire-EHT_A5_60	777	27342	268.0	688.0	324.0	260.0
Acquire-EHT_A5_60	778	27373	268.0	688.0	324.0	260.0
Acquire-EHT_A5_60	779	27405	268.0	688.0	324.0	260.0
Acquire-EHT_A5_60	780	27451	268.0	688.0	324.0	260.0
Acquire-EHT_A5_60	781	27483	268.0	688.0	324.0	261.0
Acquire-EHT_A5_60	782	27514	268.0	688.0	324.0	260.0
Acquire-EHT_A5_60	783	27545	268.0	688.0	324.0	260.0
Acquire-EHT_A5_60	784	27576	268.0	688.0	324.0	260.0
Acquire-EHT_A5_60	785	27608	268.0	688.0	324.0	260.0
Acquire-EHT_A5_60	786	27639	268.0	688.0	324.0	260.0
Acquire-EHT_A5_60	787	27670	268.0	688.0	324.0	259.0
Acquire-EHT_A5_60	788	27717	268.0	688.0	324.0	259.0
Acquire-EHT_A5_60	789	27748	268.0	688.0	324.0	259.0
Acquire-EHT_A5_60	790	27780	268.0	689.0	324.0	259.0
Acquire-EHT_A5_60	791	27811	268.0	688.0	324.0	259.0
Acquire-EHT_A5_60	792	27842	268.0	689.0	324.0	259.0
Acquire-EHT_A5_60	793	27873	268.0	689.0	324.0	258.0
Acquire-EHT_A5_60	794	27905	268.0	689.0	324.0	258.0
Acquire-EHT_A5_60	795	27951	268.0	688.0	324.0	258.0
Acquire-EHT_A5_60	796	27983	268.0	688.0	324.0	258.0
Acquire-EHT_A5_60	797	28014	268.0	689.0	324.0	259.0
Acquire-EHT_A5_60	798	28045	268.0	689.0	323.0	258.0
Acquire-EHT_A5_60	799	28076	268.0	689.0	324.0	259.0
Acquire-EHT_A5_60	800	28108	268.0	688.0	324.0	259.0
Acquire-EHT_A5_60	801	28139	268.0	688.0	324.0	260.0
Acquire-EHT_A5_60	802	28186	268.0	688.0	324.0	260.0
Acquire-EHT_A5_60	803	28217	268.0	688.0	324.0	260.0
Acquire-EHT_A5_60	804	28248	268.0	688.0	324.0	260.0
Acquire-EHT_A5_60	805	28280	268.0	688.0	324.0	261.0
Acquire-EHT_A5_60	806	28311	268.0	687.0	324.0	260.0
Acquire-EHT_A5_60	807	28342	268.0	688.0	324.0	260.0
Acquire-EHT_A5_60	808	28373	268.0	688.0	324.0	260.0
Acquire-EHT_A5_60	809	28405	268.0	688.0	324.0	260.0
Acquire-EHT_A5_60	810	28451	268.0	688.0	324.0	260.0
Acquire-EHT_A5_60	811	28483	268.0	688.0	324.0	260.0
Acquire-EHT_A5_60	812	28514	268.0	688.0	324.0	259.0
Acquire-EHT_A5_60	813	28545	268.0	689.0	324.0	258.0
Acquire-EHT_A5_60	814	28842	268.0	690.0	324.0	258.0
Acquire-EHT_A5_60	815	28873	268.0	689.0	324.0	258.0
Acquire-EHT_A5_60	816	28904	268.0	688.0	324.0	259.0
Acquire-EHT_A5_60	817	28951	268.0	688.0	324.0	260.0
Acquire-EHT_A5_60	818	28983	268.0	688.0	324.0	260.0
Acquire-EHT_A5_60	819	29014	268.0	688.0	324.0	260.0
Acquire-EHT_A5_60	820	29045	268.0	688.0	324.0	261.0
Acquire-EHT_A5_60	821	29076	268.0	687.0	324.0	260.0
Acquire-EHT_A5_60	822	29108	268.0	688.0	324.0	261.0
Acquire-EHT_A5_60	823	29139	268.0	688.0	324.0	260.0
Acquire-EHT_A5_60	824	29186	268.0	688.0	324.0	260.0
Acquire-EHT_A5_60	825	29217	268.0	688.0	324.0	260.0
Acquire-EHT_A5_60	826	29248	268.0	688.0	324.0	260.0
Acquire-EHT_A5_60	827	29279	268.0	688.0	324.0	260.0
Acquire-EHT_A5_60	828	29311	268.0	688.0	324.0	259.0
Acquire-EHT_A5_60	829	29342	268.0	688.0	324.0	259.0
Acquire-EHT_A5_60	830	29373	268.0	688.0	324.0	259.0
Acquire-EHT_A5_60	831	29404	268.0	689.0	324.0	259.0
Acquire-EHT_A5_60	832	29451	268.0	688.0	324.0	259.0
Acquire-EHT_A5_60	833	29483	268.0	690.0	324.0	258.0
Acquire-EHT_A5_60	834	29514	268.0	688.0	324.0	258.0
Acquire-EHT_A5_60	835	29545	268.0	689.0	324.0	258.0
Acquire-EHT_A5_60	836	29576	268.0	689.0	324.0	258.0
Acquire-EHT_A5_60	837	29608	268.0	689.0	323.0	258.0
Acquire-EHT_A5_60	838	29639	268.0	689.0	324.0	258.0
Acquire-EHT_A5_60	839	29686	268.0	689.0	324.0	258.0
Acquire-EHT_A5_60	840	29717	268.0	688.0	324.0	259.0
Acquire-EHT_A5_60	841	29748	268.0	688.0	324.0	260.0
Acquire-EHT_A5_60	842	29779	268.0	688.0	324.0	260.0
Acquire-EHT_A5_60	843	29811	268.0	688.0	324.0	260.0
Acquire-EHT_A5_60	844	29842	268.0	688.0	324.0	260.0
Acquire-EHT_A5_60	845	29873	268.0	687.0	324.0	260.0
Acquire-EHT_A5_60	846	29904	268.0	688.0	324.0	260.0
Acquire-EHT_A5_60	847	29951	268.0	688.0	324.0	260.0
Acquire-EHT_A3_60	0	0	310.0	702.0	289.0	262.0
Acquire-EHT_A3_60	1	16	310.0	702.0	289.0	262.0
Acquire-EHT_A3_60	2	47	310.0	702.0	289.0	262.0
Acquire-EHT_A3_60	3	79	310.0	702.0	289.0	262.0
Acquire-EHT_A3_60	4	110	310.0	702.0	289.0	263.0
Acquire-EHT_A3_60	5	141	310.0	700.0	289.0	264.0
Acquire-EHT_A3_60	6	172	310.0	699.0	289.0	266.0
Acquire-EHT_A3_60	7	219	310.0	698.0	289.0	266.0
Acquire-EHT_A3_60	8	250	310.0	698.0	289.0	267.0
Acquire-EHT_A3_60	9	282	310.0	698.0	289.0	267.0
Acquire-EHT_A3_60	10	313	310.0	698.0	289.0	267.0
Acquire-EHT_A3_60	11	344	310.0	698.0	289.0	266.0
Acquire-EHT_A3_60	12	375	310.0	699.0	289.0	266.0
Acquire-EHT_A3_60	13	407	310.0	700.0	289.0	264.0
Acquire-EHT_A3_60	14	453	310.0	702.0	289.0	262.0
Acquire-EHT_A3_60	15	516	310.0	702.0	289.0	262.0
Acquire-EHT_A3_60	16	578	310.0	702.0	289.0	262.0
Acquire-EHT_A3_60	17	610	310.0	702.0	289.0	262.0
Acquire-EHT_A3_60	18	641	310.0	702.0	289.0	262.0
Acquire-EHT_A3_60	19	672	310.0	702.0	289.0	262.0
Acquire-EHT_A3_60	20	719	310.0	702.0	289.0	262.0
Acquire-EHT_A3_60	21	750	310.0	702.0	289.0	262.0
Acquire-EHT_A3_60	22	782	310.0	702.0	289.0	262.0
Acquire-EHT_A3_60	23	813	310.0	701.0	289.0	264.0
Acquire-EHT_A3_60	24	844	310.0	700.0	289.0	265.0
Acquire-EHT_A3_60	25	875	310.0	699.0	289.0	266.0
Acquire-EHT_A3_60	26	907	309.0	698.0	289.0	267.0
Acquire-EHT_A3_60	27	953	310.0	698.0	289.0	267.0
Acquire-EHT_A3_60	28	985	309.0	698.0	289.0	267.0
Acquire-EHT_A3_60	29	1016	310.0	698.0	289.0	267.0
Acquire-EHT_A3_60	30	1047	310.0	698.0	289.0	266.0
Acquire-EHT_A3_60	31	1078	310.0	700.0	289.0	265.0
Acquire-EHT_A3_60	32	1110	310.0	700.0	289.0	264.0
Acquire-EHT_A3_60	33	1141	310.0	702.0	289.0	263.0
Acquire-EHT_A3_60	34	1172	310.0	702.0	289.0	262.0
Acquire-EHT_A3_60	35	1219	310.0	702.0	289.0	262.0
Acquire-EHT_A3_60	36	1282	310.0	702.0	289.0	262.0
Acquire-EHT_A3_60	37	1313	310.0	702.0	289.0	262.0
Acquire-EHT_A3_60	38	1344	310.0	702.0	289.0	262.0
Acquire-EHT_A3_60	39	1375	310.0	702.0	289.0	262.0
Acquire-EHT_A3_60	40	1407	310.0	702.0	289.0	262.0
Acquire-EHT_A3_60	41	1453	310.0	702.0	289.0	262.0
Acquire-EHT_A3_60	42	1485	310.0	702.0	289.0	262.0
Acquire-EHT_A3_60	43	1516	310.0	701.0	289.0	264.0
Acquire-EHT_A3_60	44	1547	310.0	699.0	289.0	265.0
Acquire-EHT_A3_60	45	1578	310.0	699.0	289.0	266.0
Acquire-EHT_A3_60	46	1610	309.0	698.0	289.0	267.0
Acquire-EHT_A3_60	47	1641	310.0	698.0	289.0	267.0
Acquire-EHT_A3_60	48	1672	310.0	698.0	289.0	267.0
Acquire-EHT_A3_60	49	1719	309.0	698.0	289.0	267.0
Acquire-EHT_A3_60	50	1750	310.0	698.0	289.0	266.0
Acquire-EHT_A3_60	51	1782	310.0	700.0	289.0	265.0
Acquire-EHT_A3_60	52	1813	310.0	701.0	289.0	264.0
Acquire-EHT_A3_60	53	1844	310.0	702.0	289.0	263.0
Acquire-EHT_A3_60	54	1875	310.0	701.0	289.0	262.0
Acquire-EHT_A3_60	55	1907	310.0	702.0	289.0	262.0
Acquire-EHT_A3_60	56	1985	310.0	702.0	289.0	262.0
Acquire-EHT_A3_60	57	2016	310.0	702.0	289.0	262.0
Acquire-EHT_A3_60	58	2047	310.0	702.0	289.0	262.0
Acquire-EHT_A3_60	59	2078	310.0	702.0	289.0	262.0
Acquire-EHT_A3_60	60	2110	310.0	702.0	289.0	262.0
Acquire-EHT_A3_60	61	2141	310.0	702.0	289.0	262.0
Acquire-EHT_A3_60	62	2219	310.0	700.0	289.0	264.0
Acquire-EHT_A3_60	63	2250	310.0	698.0	289.0	266.0
Acquire-EHT_A3_60	64	2313	310.0	698.0	289.0	267.0
Acquire-EHT_A3_60	65	2375	310.0	697.0	289.0	266.0
Acquire-EHT_A3_60	66	2453	310.0	699.0	289.0	265.0
Acquire-EHT_A3_60	67	2516	310.0	701.0	289.0	264.0
Acquire-EHT_A3_60	68	2547	310.0	701.0	289.0	263.0
Acquire-EHT_A3_60	69	2578	310.0	702.0	289.0	262.0
Acquire-EHT_A3_60	70	2610	310.0	702.0	289.0	262.0
Acquire-EHT_A3_60	71	2672	310.0	702.0	289.0	262.0
Acquire-EHT_A3_60	72	2719	310.0	702.0	289.0	262.0
Acquire-EHT_A3_60	73	2750	310.0	702.0	289.0	262.0
Acquire-EHT_A3_60	74	2781	310.0	702.0	289.0	262.0
Acquire-EHT_A3_60	75	2813	310.0	702.0	289.0	262.0
Acquire-EHT_A3_60	76	2844	310.0	701.0	289.0	263.0
Acquire-EHT_A3_60	77	2906	310.0	701.0	289.0	265.0
Acquire-EHT_A3_60	78	2953	310.0	699.0	289.0	266.0
Acquire-EHT_A3_60	79	2985	310.0	698.0	289.0	266.0
Acquire-EHT_A3_60	80	3016	310.0	698.0	289.0	267.0
Acquire-EHT_A3_60	81	3078	310.0	698.0	289.0	266.0
Acquire-EHT_A3_60	82	3110	310.0	699.0	289.0	266.0
Acquire-EHT_A3_60	83	3141	310.0	698.0	289.0	265.0
Acquire-EHT_A3_60	84	3172	310.0	700.0	289.0	264.0
Acquire-EHT_A3_60	85	3219	310.0	701.0	289.0	263.0
Acquire-EHT_A3_60	86	3250	310.0	702.0	289.0	263.0
Acquire-EHT_A3_60	87	3281	310.0	702.0	289.0	262.0
Acquire-EHT_A3_60	88	3313	310.0	702.0	289.0	262.0
Acquire-EHT_A3_60	89	3344	310.0	702.0	289.0	262.0
Acquire-EHT_A3_60	90	3375	310.0	702.0	289.0	262.0
Acquire-EHT_A3_60	91	3406	310.0	702.0	289.0	262.0
Acquire-EHT_A3_60	92	3453	310.0	702.0	289.0	262.0
Acquire-EHT_A3_60	93	3485	310.0	702.0	289.0	262.0
Acquire-EHT_A3_60	94	3516	310.0	702.0	289.0	262.0
Acquire-EHT_A3_60	95	3547	310.0	702.0	289.0	262.0
Acquire-EHT_A3_60	96	3578	310.0	701.0	289.0	263.0
Acquire-EHT_A3_60	97	3610	310.0	700.0	289.0	265.0
Acquire-EHT_A3_60	98	3641	310.0	699.0	289.0	266.0
Acquire-EHT_A3_60	99	3672	310.0	698.0	289.0	267.0
Acquire-EHT_A3_60	100	3719	310.0	698.0	289.0	267.0
Acquire-EHT_A3_60	101	3750	310.0	698.0	289.0	267.0
Acquire-EHT_A3_60	102	3781	310.0	698.0	289.0	267.0
Acquire-EHT_A3_60	103	3813	310.0	699.0	289.0	266.0
Acquire-EHT_A3_60	104	3844	310.0	699.0	289.0	266.0
Acquire-EHT_A3_60	105	3875	310.0	701.0	289.0	264.0
Acquire-EHT_A3_60	106	3906	310.0	701.0	289.0	263.0
Acquire-EHT_A3_60	107	3953	310.0	702.0	289.0	263.0
Acquire-EHT_A3_60	108	3984	310.0	702.0	289.0	262.0
Acquire-EHT_A3_60	109	4016	310.0	702.0	289.0	262.0
Acquire-EHT_A3_60	110	4047	310.0	702.0	289.0	262.0
Acquire-EHT_A3_60	111	4078	310.0	702.0	289.0	262.0
Acquire-EHT_A3_60	112	4109	310.0	702.0	289.0	262.0
Acquire-EHT_A3_60	113	4141	310.0	702.0	289.0	262.0
Acquire-EHT_A3_60	114	4172	310.0	702.0	289.0	262.0
Acquire-EHT_A3_60	115	4219	310.0	702.0	289.0	262.0
Acquire-EHT_A3_60	116	4250	310.0	702.0	289.0	262.0
Acquire-EHT_A3_60	117	4281	310.0	701.0	289.0	264.0
Acquire-EHT_A3_60	118	4313	310.0	699.0	289.0	265.0
Acquire-EHT_A3_60	119	4344	310.0	698.0	289.0	266.0
Acquire-EHT_A3_60	120	4375	310.0	698.0	289.0	267.0
Acquire-EHT_A3_60	121	4406	310.0	697.0	289.0	267.0
Acquire-EHT_A3_60	122	4453	310.0	698.0	289.0	267.0
Acquire-EHT_A3_60	123	4484	310.0	698.0	289.0	267.0
Acquire-EHT_A3_60	124	4516	310.0	699.0	289.0	266.0
Acquire-EHT_A3_60	125	4547	310.0	699.0	289.0	265.0
Acquire-EHT_A3_60	126	4578	310.0	701.0	289.0	264.0
Acquire-EHT_A3_60	127	4609	310.0	701.0	289.0	263.0
Acquire-EHT_A3_60	128	4641	310.0	702.0	289.0	263.0
Acquire-EHT_A3_60	129	4672	310.0	702.0	289.0	262.0
Acquire-EHT_A3_60	130	4719	310.0	702.0	289.0	262.0
Acquire-EHT_A3_60	131	4750	310.0	702.0	289.0	262.0
Acquire-EHT_A3_60	132	4781	310.0	702.0	289.0	262.0
Acquire-EHT_A3_60	133	4813	310.0	702.0	289.0	262.0
Acquire-EHT_A3_60	134	4844	310.0	702.0	289.0	262.0
Acquire-EHT_A3_60	135	4875	310.0	702.0	289.0	262.0
Acquire-EHT_A3_60	136	4906	310.0	702.0	289.0	262.0
Acquire-EHT_A3_60	137	4953	310.0	702.0	289.0	262.0
Acquire-EHT_A3_60	138	4984	310.0	702.0	289.0	262.0
Acquire-EHT_A3_60	139	5016	310.0	702.0	289.0	262.0
Acquire-EHT_A3_60	140	5047	310.0	702.0	289.0	262.0
Acquire-EHT_A3_60	141	5078	310.0	702.0	289.0	262.0
Acquire-EHT_A3_60	142	5109	310.0	702.0	289.0	262.0
Acquire-EHT_A3_60	143	5141	310.0	702.0	289.0	262.0
Acquire-EHT_A3_60	144	5172	310.0	701.0	289.0	264.0
Acquire-EHT_A3_60	145	5219	310.0	699.0	289.0	265.0
Acquire-EHT_A3_60	146	5250	310.0	698.0	289.0	266.0
Acquire-EHT_A3_60	147	5281	310.0	698.0	289.0	267.0
Acquire-EHT_A3_60	148	5313	309.0	697.0	289.0	267.0
Acquire-EHT_A3_60	149	5344	310.0	698.0	289.0	267.0
Acquire-EHT_A3_60	150	5375	310.0	698.0	289.0	267.0
Acquire-EHT_A3_60	151	5406	310.0	698.0	289.0	266.0
Acquire-EHT_A3_60	152	5453	310.0	699.0	289.0	265.0
Acquire-EHT_A3_60	153	5484	310.0	700.0	289.0	264.0
Acquire-EHT_A3_60	154	5516	310.0	701.0	289.0	263.0
Acquire-EHT_A3_60	155	5547	310.0	702.0	289.0	263.0
Acquire-EHT_A3_60	156	5578	310.0	702.0	289.0	262.0
Acquire-EHT_A3_60	157	5609	310.0	702.0	289.0	262.0
Acquire-EHT_A3_60	158	5641	310.0	702.0	289.0	262.0
Acquire-EHT_A3_60	159	5672	310.0	702.0	289.0	262.0
Acquire-EHT_A3_60	160	5719	310.0	702.0	289.0	262.0
Acquire-EHT_A3_60	161	5750	310.0	702.0	289.0	262.0
Acquire-EHT_A3_60	162	5781	310.0	702.0	289.0	262.0
Acquire-EHT_A3_60	163	5813	310.0	702.0	289.0	262.0
Acquire-EHT_A3_60	164	5844	310.0	702.0	289.0	262.0
Acquire-EHT_A3_60	165	5875	310.0	702.0	289.0	262.0
Acquire-EHT_A3_60	166	5906	310.0	702.0	289.0	263.0
Acquire-EHT_A3_60	167	5953	310.0	701.0	289.0	264.0
Acquire-EHT_A3_60	168	5984	310.0	699.0	289.0	265.0
Acquire-EHT_A3_60	169	6016	310.0	699.0	289.0	266.0
Acquire-EHT_A3_60	170	6047	310.0	698.0	289.0	267.0
Acquire-EHT_A3_60	171	6078	310.0	698.0	289.0	267.0
Acquire-EHT_A3_60	172	6109	310.0	698.0	289.0	267.0
Acquire-EHT_A3_60	173	6141	310.0	698.0	289.0	267.0
Acquire-EHT_A3_60	174	6172	310.0	699.0	289.0	266.0
Acquire-EHT_A3_60	175	6219	310.0	699.0	289.0	265.0
Acquire-EHT_A3_60	176	6250	310.0	701.0	289.0	264.0
Acquire-EHT_A3_60	177	6281	310.0	702.0	289.0	263.0
Acquire-EHT_A3_60	178	6312	310.0	702.0	289.0	263.0
Acquire-EHT_A3_60	179	6344	310.0	702.0	289.0	262.0
Acquire-EHT_A3_60	180	6375	310.0	702.0	289.0	262.0
Acquire-EHT_A3_60	181	6406	310.0	702.0	289.0	262.0
Acquire-EHT_A3_60	182	6453	310.0	702.0	289.0	262.0
Acquire-EHT_A3_60	183	6484	310.0	702.0	289.0	262.0
Acquire-EHT_A3_60	184	6516	310.0	702.0	289.0	262.0
Acquire-EHT_A3_60	185	6547	310.0	702.0	289.0	262.0
Acquire-EHT_A3_60	186	6578	310.0	702.0	289.0	262.0
Acquire-EHT_A3_60	187	6609	310.0	702.0	289.0	262.0
Acquire-EHT_A3_60	188	6641	310.0	701.0	289.0	263.0
Acquire-EHT_A3_60	189	6672	310.0	700.0	289.0	265.0
Acquire-EHT_A3_60	190	6719	310.0	699.0	289.0	266.0
Acquire-EHT_A3_60	191	6750	310.0	698.0	289.0	266.0
Acquire-EHT_A3_60	192	6781	310.0	698.0	289.0	267.0
Acquire-EHT_A3_60	193	6812	310.0	698.0	289.0	267.0
Acquire-EHT_A3_60	194	6844	310.0	698.0	289.0	267.0
Acquire-EHT_A3_60	195	6875	310.0	698.0	289.0	266.0
Acquire-EHT_A3_60	196	6906	310.0	699.0	289.0	265.0
Acquire-EHT_A3_60	197	6953	310.0	700.0	289.0	265.0
Acquire-EHT_A3_60	198	6984	310.0	701.0	289.0	263.0
Acquire-EHT_A3_60	199	7016	310.0	702.0	289.0	263.0
Acquire-EHT_A3_60	200	7047	310.0	702.0	289.0	262.0
Acquire-EHT_A3_60	201	7078	310.0	702.0	289.0	262.0
Acquire-EHT_A3_60	202	7109	310.0	702.0	289.0	262.0
Acquire-EHT_A3_60	203	7141	310.0	702.0	289.0	262.0
Acquire-EHT_A3_60	204	7172	310.0	702.0	289.0	262.0
Acquire-EHT_A3_60	205	7219	310.0	702.0	289.0	262.0
Acquire-EHT_A3_60	206	7250	310.0	702.0	289.0	262.0
Acquire-EHT_A3_60	207	7281	310.0	702.0	289.0	262.0
Acquire-EHT_A3_60	208	7312	310.0	702.0	289.0	262.0
Acquire-EHT_A3_60	209	7344	310.0	701.0	289.0	263.0
Acquire-EHT_A3_60	210	7375	310.0	700.0	289.0	265.0
Acquire-EHT_A3_60	211	7406	310.0	699.0	289.0	266.0
Acquire-EHT_A3_60	212	7453	310.0	698.0	289.0	267.0
Acquire-EHT_A3_60	213	7484	310.0	698.0	289.0	267.0
Acquire-EHT_A3_60	214	7516	310.0	698.0	289.0	267.0
Acquire-EHT_A3_60	215	7547	310.0	698.0	289.0	267.0
Acquire-EHT_A3_60	216	7578	310.0	698.0	289.0	266.0
Acquire-EHT_A3_60	217	7609	310.0	699.0	289.0	265.0
Acquire-EHT_A3_60	218	7641	310.0	700.0	289.0	264.0
Acquire-EHT_A3_60	219	7672	310.0	701.0	289.0	263.0
Acquire-EHT_A3_60	220	7719	310.0	702.0	289.0	262.0
Acquire-EHT_A3_60	221	7750	310.0	702.0	289.0	262.0
Acquire-EHT_A3_60	222	7781	310.0	702.0	289.0	262.0
Acquire-EHT_A3_60	223	7812	310.0	702.0	289.0	262.0
Acquire-EHT_A3_60	224	7844	310.0	702.0	289.0	262.0
Acquire-EHT_A3_60	225	7875	310.0	702.0	289.0	262.0
Acquire-EHT_A3_60	226	7906	310.0	702.0	289.0	262.0
Acquire-EHT_A3_60	227	7953	310.0	702.0	289.0	262.0
Acquire-EHT_A3_60	228	7984	310.0	702.0	289.0	262.0
Acquire-EHT_A3_60	229	8015	310.0	702.0	289.0	262.0
Acquire-EHT_A3_60	230	8047	310.0	701.0	289.0	264.0
Acquire-EHT_A3_60	231	8078	310.0	700.0	289.0	265.0
Acquire-EHT_A3_60	232	8109	310.0	699.0	289.0	266.0
Acquire-EHT_A3_60	233	8140	310.0	698.0	289.0	266.0
Acquire-EHT_A3_60	234	8172	310.0	697.0	289.0	267.0
Acquire-EHT_A3_60	235	8219	310.0	698.0	289.0	267.0
Acquire-EHT_A3_60	236	8250	310.0	698.0	289.0	267.0
Acquire-EHT_A3_60	237	8281	310.0	699.0	289.0	266.0
Acquire-EHT_A3_60	238	8312	310.0	700.0	289.0	265.0
Acquire-EHT_A3_60	239	8344	310.0	701.0	289.0	264.0
Acquire-EHT_A3_60	240	8375	310.0	701.0	289.0	263.0
Acquire-EHT_A3_60	241	8406	310.0	702.0	289.0	262.0
Acquire-EHT_A3_60	242	8453	310.0	702.0	289.0	262.0
Acquire-EHT_A3_60	243	8484	310.0	702.0	289.0	262.0
Acquire-EHT_A3_60	244	8515	310.0	702.0	289.0	262.0
Acquire-EHT_A3_60	245	8547	310.0	702.0	289.0	262.0
Acquire-EHT_A3_60	246	8578	310.0	702.0	289.0	262.0
Acquire-EHT_A3_60	247	8609	310.0	702.0	289.0	262.0
Acquire-EHT_A3_60	248	8640	310.0	702.0	289.0	262.0
Acquire-EHT_A3_60	249	8672	310.0	702.0	289.0	262.0
Acquire-EHT_A3_60	250	8719	310.0	702.0	289.0	262.0
Acquire-EHT_A3_60	251	8750	310.0	701.0	289.0	263.0
Acquire-EHT_A3_60	252	8781	310.0	700.0	289.0	265.0
Acquire-EHT_A3_60	253	8812	310.0	699.0	289.0	266.0
Acquire-EHT_A3_60	254	8844	310.0	698.0	289.0	267.0
Acquire-EHT_A3_60	255	8875	310.0	698.0	289.0	267.0
Acquire-EHT_A3_60	256	8906	310.0	698.0	289.0	267.0
Acquire-EHT_A3_60	257	8953	310.0	698.0	289.0	267.0
Acquire-EHT_A3_60	258	8984	310.0	699.0	289.0	266.0
Acquire-EHT_A3_60	259	9015	310.0	699.0	289.0	266.0
Acquire-EHT_A3_60	260	9047	310.0	700.0	289.0	264.0
Acquire-EHT_A3_60	261	9078	310.0	702.0	289.0	263.0
Acquire-EHT_A3_60	262	9109	310.0	702.0	289.0	262.0
Acquire-EHT_A3_60	263	9140	310.0	702.0	289.0	262.0
Acquire-EHT_A3_60	264	9172	310.0	702.0	289.0	262.0
Acquire-EHT_A3_60	265	9219	310.0	702.0	289.0	262.0
Acquire-EHT_A3_60	266	9250	310.0	702.0	289.0	262.0
Acquire-EHT_A3_60	267	9281	310.0	702.0	289.0	262.0
Acquire-EHT_A3_60	268	9312	310.0	702.0	289.0	262.0
Acquire-EHT_A3_60	269	9344	310.0	702.0	289.0	262.0
Acquire-EHT_A3_60	270	9375	310.0	702.0	289.0	262.0
Acquire-EHT_A3_60	271	9406	310.0	702.0	289.0	262.0
Acquire-EHT_A3_60	272	9453	310.0	702.0	289.0	263.0
Acquire-EHT_A3_60	273	9484	310.0	700.0	289.0	265.0
Acquire-EHT_A3_60	274	9515	310.0	699.0	289.0	266.0
Acquire-EHT_A3_60	275	9547	310.0	698.0	289.0	266.0
Acquire-EHT_A3_60	276	9578	310.0	698.0	289.0	267.0
Acquire-EHT_A3_60	277	9609	310.0	698.0	289.0	267.0
Acquire-EHT_A3_60	278	9640	310.0	698.0	289.0	267.0
Acquire-EHT_A3_60	279	9672	310.0	698.0	289.0	266.0
Acquire-EHT_A3_60	280	9718	310.0	699.0	289.0	266.0
Acquire-EHT_A3_60	281	9750	310.0	700.0	289.0	264.0
Acquire-EHT_A3_60	282	9781	310.0	701.0	289.0	263.0
Acquire-EHT_A3_60	283	9812	310.0	701.0	289.0	263.0
Acquire-EHT_A3_60	284	9843	310.0	702.0	289.0	262.0
Acquire-EHT_A3_60	285	9875	310.0	702.0	289.0	262.0
Acquire-EHT_A3_60	286	9906	310.0	702.0	289.0	262.0
Acquire-EHT_A3_60	287	9953	310.0	702.0	289.0	262.0
Acquire-EHT_A3_60	288	9984	310.0	702.0	289.0	262.0
Acquire-EHT_A3_60	289	10015	310.0	702.0	289.0	262.0
Acquire-EHT_A3_60	290	10047	310.0	702.0	289.0	262.0
Acquire-EHT_A3_60	291	10078	310.0	702.0	289.0	262.0
Acquire-EHT_A3_60	292	10109	310.0	702.0	289.0	262.0
Acquire-EHT_A3_60	293	10140	310.0	701.0	289.0	264.0
Acquire-EHT_A3_60	294	10172	310.0	699.0	289.0	265.0
Acquire-EHT_A3_60	295	10218	310.0	699.0	289.0	266.0
Acquire-EHT_A3_60	296	10250	310.0	698.0	289.0	267.0
Acquire-EHT_A3_60	297	10281	310.0	698.0	289.0	267.0
Acquire-EHT_A3_60	298	10312	310.0	698.0	289.0	267.0
Acquire-EHT_A3_60	299	10343	310.0	698.0	289.0	267.0
Acquire-EHT_A3_60	300	10375	310.0	699.0	289.0	266.0
Acquire-EHT_A3_60	301	10406	310.0	700.0	289.0	265.0
Acquire-EHT_A3_60	302	10453	310.0	701.0	289.0	264.0
Acquire-EHT_A3_60	303	10484	310.0	701.0	289.0	263.0
Acquire-EHT_A3_60	304	10515	310.0	702.0	289.0	263.0
Acquire-EHT_A3_60	305	10547	310.0	702.0	289.0	262.0
Acquire-EHT_A3_60	306	10578	310.0	702.0	289.0	262.0
Acquire-EHT_A3_60	307	10609	310.0	702.0	289.0	262.0
Acquire-EHT_A3_60	308	10640	310.0	702.0	289.0	262.0
Acquire-EHT_A3_60	309	10672	310.0	702.0	289.0	262.0
Acquire-EHT_A3_60	310	10718	310.0	702.0	289.0	262.0
Acquire-EHT_A3_60	311	10750	310.0	702.0	289.0	262.0
Acquire-EHT_A3_60	312	10781	310.0	702.0	289.0	262.0
Acquire-EHT_A3_60	313	10812	310.0	702.0	289.0	262.0
Acquire-EHT_A3_60	314	10843	310.0	701.0	289.0	264.0
Acquire-EHT_A3_60	315	10875	310.0	699.0	289.0	265.0
Acquire-EHT_A3_60	316	10906	310.0	698.0	289.0	266.0
Acquire-EHT_A3_60	317	10953	310.0	698.0	289.0	267.0
Acquire-EHT_A3_60	318	10984	310.0	698.0	289.0	267.0
Acquire-EHT_A3_60	319	11015	310.0	698.0	289.0	267.0
Acquire-EHT_A3_60	320	11047	310.0	698.0	289.0	267.0
Acquire-EHT_A3_60	321	11078	310.0	699.0	289.0	266.0
Acquire-EHT_A3_60	322	11109	310.0	699.0	289.0	265.0
Acquire-EHT_A3_60	323	11140	310.0	701.0	289.0	264.0
Acquire-EHT_A3_60	324	11172	310.0	702.0	289.0	263.0
Acquire-EHT_A3_60	325	11218	310.0	702.0	289.0	262.0
Acquire-EHT_A3_60	326	11250	310.0	702.0	289.0	262.0
Acquire-EHT_A3_60	327	11281	310.0	702.0	289.0	262.0
Acquire-EHT_A3_60	328	11312	310.0	702.0	289.0	262.0
Acquire-EHT_A3_60	329	11343	310.0	702.0	289.0	262.0
Acquire-EHT_A3_60	330	11375	310.0	702.0	289.0	262.0
Acquire-EHT_A3_60	331	11406	310.0	702.0	289.0	262.0
Acquire-EHT_A3_60	332	11453	310.0	702.0	289.0	262.0
Acquire-EHT_A3_60	333	11484	310.0	702.0	289.0	262.0
Acquire-EHT_A3_60	334	11515	310.0	702.0	289.0	263.0
Acquire-EHT_A3_60	335	11546	309.0	700.0	289.0	264.0
Acquire-EHT_A3_60	336	11578	310.0	699.0	289.0	265.0
Acquire-EHT_A3_60	337	11609	310.0	698.0	289.0	266.0
Acquire-EHT_A3_60	338	11640	310.0	698.0	289.0	267.0
Acquire-EHT_A3_60	339	11671	310.0	698.0	289.0	267.0
Acquire-EHT_A3_60	340	11718	310.0	698.0	289.0	267.0
Acquire-EHT_A3_60	341	11750	310.0	698.0	289.0	266.0
Acquire-EHT_A3_60	342	11781	310.0	699.0	289.0	266.0
Acquire-EHT_A3_60	343	11812	310.0	700.0	289.0	265.0
Acquire-EHT_A3_60	344	11843	310.0	701.0	289.0	264.0
Acquire-EHT_A3_60	345	11875	310.0	701.0	289.0	263.0
Acquire-EHT_A3_60	346	11906	310.0	702.0	289.0	262.0
Acquire-EHT_A3_60	347	11953	310.0	702.0	289.0	262.0
Acquire-EHT_A3_60	348	11984	310.0	702.0	289.0	262.0
Acquire-EHT_A3_60	349	12015	310.0	702.0	289.0	262.0
Acquire-EHT_A3_60	350	12046	310.0	702.0	289.0	262.0
Acquire-EHT_A3_60	351	12078	310.0	702.0	289.0	262.0
Acquire-EHT_A3_60	352	12109	310.0	702.0	289.0	262.0
Acquire-EHT_A3_60	353	12140	310.0	702.0	289.0	262.0
Acquire-EHT_A3_60	354	12171	310.0	702.0	289.0	262.0
Acquire-EHT_A3_60	355	12218	310.0	702.0	289.0	262.0
Acquire-EHT_A3_60	356	12250	310.0	702.0	289.0	262.0
Acquire-EHT_A3_60	357	12281	310.0	702.0	289.0	262.0
Acquire-EHT_A3_60	358	12312	310.0	702.0	289.0	262.0
Acquire-EHT_A3_60	359	12343	310.0	702.0	289.0	262.0
Acquire-EHT_A3_60	360	12375	310.0	702.0	289.0	262.0
Acquire-EHT_A3_60	361	12406	310.0	702.0	289.0	262.0
Acquire-EHT_A3_60	362	12453	310.0	701.0	289.0	263.0
Acquire-EHT_A3_60	363	12484	310.0	700.0	289.0	265.0
Acquire-EHT_A3_60	364	12515	309.0	699.0	289.0	266.0
Acquire-EHT_A3_60	365	12546	310.0	698.0	289.0	267.0
Acquire-EHT_A3_60	366	12578	310.0	697.0	289.0	267.0
Acquire-EHT_A3_60	367	12609	310.0	697.0	289.0	267.0
Acquire-EHT_A3_60	368	12640	310.0	697.0	289.0	267.0
Acquire-EHT_A3_60	369	12671	310.0	698.0	289.0	267.0
Acquire-EHT_A3_60	370	12718	310.0	699.0	289.0	266.0
Acquire-EHT_A3_60	371	12750	310.0	701.0	289.0	265.0
Acquire-EHT_A3_60	372	12781	310.0	701.0	289.0	263.0
Acquire-EHT_A3_60	373	12812	310.0	702.0	289.0	263.0
Acquire-EHT_A3_60	374	12843	310.0	702.0	289.0	262.0
Acquire-EHT_A3_60	375	12875	310.0	702.0	289.0	262.0
Acquire-EHT_A3_60	376	12906	310.0	702.0	289.0	262.0
Acquire-EHT_A3_60	377	12953	310.0	702.0	289.0	262.0
Acquire-EHT_A3_60	378	12984	310.0	702.0	289.0	262.0
Acquire-EHT_A3_60	379	13015	310.0	702.0	289.0	262.0
Acquire-EHT_A3_60	380	13046	310.0	702.0	289.0	262.0
Acquire-EHT_A3_60	381	13078	310.0	702.0	289.0	262.0
Acquire-EHT_A3_60	382	13109	310.0	702.0	289.0	262.0
Acquire-EHT_A3_60	383	13140	310.0	702.0	289.0	262.0
Acquire-EHT_A3_60	384	13171	310.0	702.0	289.0	263.0
Acquire-EHT_A3_60	385	13218	310.0	700.0	289.0	264.0
Acquire-EHT_A3_60	386	13249	310.0	699.0	289.0	266.0
Acquire-EHT_A3_60	387	13281	310.0	698.0	289.0	266.0
Acquire-EHT_A3_60	388	13312	310.0	698.0	289.0	267.0
Acquire-EHT_A3_60	389	13343	310.0	698.0	289.0	267.0
Acquire-EHT_A3_60	390	13374	310.0	697.0	289.0	267.0
Acquire-EHT_A3_60	391	13406	310.0	698.0	289.0	267.0
Acquire-EHT_A3_60	392	13453	310.0	699.0	289.0	266.0
Acquire-EHT_A3_60	393	13484	310.0	699.0	289.0	265.0
Acquire-EHT_A3_60	394	13515	310.0	701.0	289.0	264.0
Acquire-EHT_A3_60	395	13546	310.0	701.0	289.0	263.0
Acquire-EHT_A3_60	396	13578	310.0	702.0	289.0	262.0
Acquire-EHT_A3_60	397	13609	310.0	702.0	289.0	262.0
Acquire-EHT_A3_60	398	13640	310.0	702.0	289.0	262.0
Acquire-EHT_A3_60	399	13671	310.0	702.0	289.0	262.0
Acquire-EHT_A3_60	400	13718	310.0	702.0	289.0	262.0
Acquire-EHT_A3_60	401	13749	310.0	702.0	289.0	262.0
Acquire-EHT_A3_60	402	13781	310.0	702.0	289.0	262.0
Acquire-EHT_A3_60	403	13812	310.0	702.0	289.0	262.0
Acquire-EHT_A3_60	404	13843	310.0	702.0	289.0	262.0
Acquire-EHT_A3_60	405	13874	310.0	702.0	289.0	262.0
Acquire-EHT_A3_60	406	13906	310.0	702.0	289.0	262.0
Acquire-EHT_A3_60	407	13953	310.0	702.0	289.0	262.0
Acquire-EHT_A3_60	408	13984	310.0	702.0	289.0	262.0
Acquire-EHT_A3_60	409	14015	310.0	702.0	289.0	262.0
Acquire-EHT_A3_60	410	14046	310.0	702.0	289.0	262.0
Acquire-EHT_A3_60	411	14078	310.0	701.0	289.0	264.0
Acquire-EHT_A3_60	412	14109	310.0	699.0	289.0	265.0
Acquire-EHT_A3_60	413	14140	310.0	698.0	289.0	266.0
Acquire-EHT_A3_60	414	14171	310.0	698.0	289.0	267.0
Acquire-EHT_A3_60	415	14218	310.0	698.0	289.0	267.0
Acquire-EHT_A3_60	416	14249	310.0	697.0	289.0	267.0
Acquire-EHT_A3_60	417	14281	310.0	698.0	289.0	267.0
Acquire-EHT_A3_60	418	14312	310.0	699.0	289.0	266.0
Acquire-EHT_A3_60	419	14343	310.0	700.0	289.0	265.0
Acquire-EHT_A3_60	420	14374	310.0	701.0	289.0	264.0
Acquire-EHT_A3_60	421	14406	310.0	701.0	289.0	263.0
Acquire-EHT_A3_60	422	14453	310.0	702.0	289.0	263.0
Acquire-EHT_A3_60	423	14484	310.0	702.0	289.0	262.0
Acquire-EHT_A3_60	424	14515	310.0	702.0	289.0	262.0
Acquire-EHT_A3_60	425	14546	310.0	702.0	289.0	262.0
Acquire-EHT_A3_60	426	14578	310.0	702.0	289.0	262.0
Acquire-EHT_A3_60	427	14609	310.0	702.0	289.0	262.0
Acquire-EHT_A3_60	428	14640	310.0	702.0	289.0	262.0
Acquire-EHT_A3_60	429	14671	310.0	702.0	289.0	262.0
Acquire-EHT_A3_60	430	14718	310.0	702.0	289.0	262.0
Acquire-EHT_A3_60	431	14749	310.0	702.0	289.0	262.0
Acquire-EHT_A3_60	432	14781	310.0	702.0	289.0	262.0
Acquire-EHT_A3_60	433	14812	310.0	701.0	289.0	263.0
Acquire-EHT_A3_60	434	14843	310.0	699.0	289.0	265.0
Acquire-EHT_A3_60	435	14874	310.0	699.0	289.0	266.0
Acquire-EHT_A3_60	436	14906	310.0	698.0	289.0	266.0
Acquire-EHT_A3_60	437	14953	310.0	698.0	289.0	267.0
Acquire-EHT_A3_60	438	14984	310.0	698.0	289.0	267.0
Acquire-EHT_A3_60	439	15015	310.0	698.0	289.0	267.0
Acquire-EHT_A3_60	440	15046	310.0	699.0	289.0	266.0
Acquire-EHT_A3_60	441	15077	310.0	699.0	289.0	265.0
Acquire-EHT_A3_60	442	15109	310.0	700.0	289.0	265.0
Acquire-EHT_A3_60	443	15140	310.0	701.0	289.0	263.0
Acquire-EHT_A3_60	444	15171	310.0	702.0	289.0	263.0
Acquire-EHT_A3_60	445	15218	310.0	702.0	289.0	262.0
Acquire-EHT_A3_60	446	15249	310.0	702.0	289.0	262.0
Acquire-EHT_A3_60	447	15281	310.0	702.0	289.0	262.0
Acquire-EHT_A3_60	448	15312	310.0	702.0	289.0	262.0
Acquire-EHT_A3_60	449	15343	310.0	702.0	289.0	262.0
Acquire-EHT_A3_60	450	15374	310.0	702.0	289.0	262.0
Acquire-EHT_A3_60	451	15406	310.0	702.0	289.0	262.0
Acquire-EHT_A3_60	452	15452	310.0	702.0	289.0	262.0
Acquire-EHT_A3_60	453	15484	310.0	702.0	289.0	262.0
Acquire-EHT_A3_60	454	15515	310.0	702.0	289.0	262.0
Acquire-EHT_A3_60	455	15546	310.0	702.0	289.0	262.0
Acquire-EHT_A3_60	456	15577	310.0	702.0	289.0	262.0
Acquire-EHT_A3_60	457	15609	310.0	702.0	289.0	262.0
Acquire-EHT_A3_60	458	15640	310.0	702.0	289.0	262.0
Acquire-EHT_A3_60	459	15671	310.0	702.0	289.0	262.0
Acquire-EHT_A3_60	460	15718	310.0	701.0	289.0	264.0
Acquire-EHT_A3_60	461	15749	310.0	699.0	289.0	265.0
Acquire-EHT_A3_60	462	15781	310.0	698.0	289.0	266.0
Acquire-EHT_A3_60	463	15812	310.0	698.0	289.0	267.0
Acquire-EHT_A3_60	464	15843	310.0	697.0	289.0	267.0
Acquire-EHT_A3_60	465	15874	310.0	698.0	289.0	267.0
Acquire-EHT_A3_60	466	15906	310.0	698.0	289.0	267.0
Acquire-EHT_A3_60	467	15952	310.0	698.0	289.0	266.0
Acquire-EHT_A3_60	468	15984	310.0	699.0	289.0	265.0
Acquire-EHT_A3_60	469	16015	310.0	701.0	289.0	264.0
Acquire-EHT_A3_60	470	16046	310.0	702.0	289.0	263.0
Acquire-EHT_A3_60	471	16077	310.0	702.0	289.0	263.0
Acquire-EHT_A3_60	472	16109	310.0	702.0	289.0	262.0
Acquire-EHT_A3_60	473	16140	310.0	702.0	289.0	262.0
Acquire-EHT_A3_60	474	16171	310.0	702.0	289.0	262.0
Acquire-EHT_A3_60	475	16218	310.0	702.0	289.0	262.0
Acquire-EHT_A3_60	476	16249	310.0	702.0	289.0	262.0
Acquire-EHT_A3_60	477	16281	310.0	702.0	289.0	262.0
Acquire-EHT_A3_60	478	16312	310.0	702.0	289.0	262.0
Acquire-EHT_A3_60	479	16343	310.0	702.0	289.0	262.0
Acquire-EHT_A3_60	480	16374	310.0	702.0	289.0	262.0
Acquire-EHT_A3_60	481	16406	310.0	702.0	289.0	262.0
Acquire-EHT_A3_60	482	16452	310.0	702.0	289.0	262.0
Acquire-EHT_A3_60	483	16484	310.0	701.0	289.0	263.0
Acquire-EHT_A3_60	484	16515	310.0	700.0	289.0	265.0
Acquire-EHT_A3_60	485	16546	310.0	699.0	289.0	266.0
Acquire-EHT_A3_60	486	16577	310.0	698.0	289.0	267.0
Acquire-EHT_A3_60	487	16609	310.0	698.0	289.0	267.0
Acquire-EHT_A3_60	488	16640	310.0	698.0	289.0	267.0
Acquire-EHT_A3_60	489	16671	310.0	698.0	289.0	267.0
Acquire-EHT_A3_60	490	16718	310.0	698.0	289.0	266.0
Acquire-EHT_A3_60	491	16749	310.0	699.0	289.0	266.0
Acquire-EHT_A3_60	492	16780	310.0	700.0	289.0	265.0
Acquire-EHT_A3_60	493	16812	310.0	701.0	289.0	263.0
Acquire-EHT_A3_60	494	16843	310.0	702.0	289.0	263.0
Acquire-EHT_A3_60	495	16874	310.0	702.0	289.0	262.0
Acquire-EHT_A3_60	496	16905	310.0	702.0	289.0	262.0
Acquire-EHT_A3_60	497	16952	310.0	702.0	289.0	262.0
Acquire-EHT_A3_60	498	16984	310.0	702.0	289.0	262.0
Acquire-EHT_A3_60	499	17015	310.0	702.0	289.0	262.0
Acquire-EHT_A3_60	500	17046	310.0	702.0	289.0	262.0
Acquire-EHT_A3_60	501	17077	310.0	702.0	289.0	262.0
Acquire-EHT_A3_60	502	17109	310.0	702.0	289.0	262.0
Acquire-EHT_A3_60	503	17140	310.0	702.0	289.0	262.0
Acquire-EHT_A3_60	504	17171	310.0	702.0	289.0	262.0
Acquire-EHT_A3_60	505	17218	310.0	702.0	289.0	262.0
Acquire-EHT_A3_60	506	17249	310.0	702.0	289.0	263.0
Acquire-EHT_A3_60	507	17280	310.0	700.0	289.0	264.0
Acquire-EHT_A3_60	508	17312	310.0	699.0	289.0	266.0
Acquire-EHT_A3_60	509	17343	310.0	698.0	288.0	266.0
Acquire-EHT_A3_60	510	17374	310.0	698.0	289.0	267.0
Acquire-EHT_A3_60	511	17405	310.0	698.0	289.0	267.0
Acquire-EHT_A3_60	512	17452	310.0	698.0	289.0	267.0
Acquire-EHT_A3_60	513	17484	310.0	698.0	289.0	266.0
Acquire-EHT_A3_60	514	17515	310.0	699.0	289.0	266.0
Acquire-EHT_A3_60	515	17546	310.0	699.0	289.0	265.0
Acquire-EHT_A3_60	516	17577	310.0	701.0	289.0	264.0
Acquire-EHT_A3_60	517	17609	310.0	702.0	289.0	263.0
Acquire-EHT_A3_60	518	17640	310.0	702.0	289.0	262.0
Acquire-EHT_A3_60	519	17671	310.0	702.0	289.0	262.0
Acquire-EHT_A3_60	520	17718	310.0	702.0	289.0	262.0
Acquire-EHT_A3_60	521	17749	310.0	702.0	289.0	262.0
Acquire-EHT_A3_60	522	17780	310.0	702.0	289.0	262.0
Acquire-EHT_A3_60	523	17812	310.0	702.0	289.0	262.0
Acquire-EHT_A3_60	524	17843	310.0	702.0	289.0	262.0
Acquire-EHT_A3_60	525	17874	310.0	702.0	289.0	262.0
Acquire-EHT_A3_60	526	17905	310.0	702.0	289.0	262.0
Acquire-EHT_A3_60	527	17952	310.0	702.0	289.0	262.0
Acquire-EHT_A3_60	528	17984	310.0	701.0	289.0	264.0
Acquire-EHT_A3_60	529	18015	310.0	700.0	289.0	265.0
Acquire-EHT_A3_60	530	18046	310.0	698.0	289.0	266.0
Acquire-EHT_A3_60	531	18077	310.0	698.0	289.0	266.0
Acquire-EHT_A3_60	532	18109	310.0	698.0	289.0	267.0
Acquire-EHT_A3_60	533	18140	310.0	698.0	289.0	267.0
Acquire-EHT_A3_60	534	18171	310.0	698.0	289.0	267.0
Acquire-EHT_A3_60	535	18218	310.0	698.0	289.0	266.0
Acquire-EHT_A3_60	536	18249	310.0	699.0	289.0	265.0
Acquire-EHT_A3_60	537	18280	310.0	700.0	289.0	264.0
Acquire-EHT_A3_60	538	18312	310.0	702.0	289.0	263.0
Acquire-EHT_A3_60	539	18343	310.0	702.0	289.0	262.0
Acquire-EHT_A3_60	540	18374	310.0	702.0	289.0	262.0
Acquire-EHT_A3_60	541	18405	310.0	702.0	289.0	262.0
Acquire-EHT_A3_60	542	18452	310.0	702.0	289.0	262.0
Acquire-EHT_A3_60	543	18483	310.0	702.0	289.0	262.0
Acquire-EHT_A3_60	544	18515	310.0	702.0	289.0	262.0
Acquire-EHT_A3_60	545	18546	310.0	702.0	289.0	262.0
Acquire-EHT_A3_60	546	18577	310.0	702.0	289.0	262.0
Acquire-EHT_A3_60	547	18608	310.0	702.0	289.0	262.0
Acquire-EHT_A3_60	548	18640	310.0	702.0	289.0	262.0
Acquire-EHT_A3_60	549	18671	310.0	701.0	289.0	263.0
Acquire-EHT_A3_60	550	18718	310.0	699.0	289.0	265.0
Acquire-EHT_A3_60	551	18749	310.0	698.0	289.0	266.0
Acquire-EHT_A3_60	552	18780	310.0	698.0	289.0	267.0
Acquire-EHT_A3_60	553	18812	310.0	698.0	289.0	267.0
Acquire-EHT_A3_60	554	18843	310.0	698.0	289.0	267.0
Acquire-EHT_A3_60	555	18874	310.0	698.0	289.0	266.0
Acquire-EHT_A3_60	556	18905	310.0	699.0	289.0	266.0
Acquire-EHT_A3_60	557	18952	310.0	700.0	289.0	265.0
Acquire-EHT_A3_60	558	18983	310.0	700.0	289.0	264.0
Acquire-EHT_A3_60	559	19015	310.0	701.0	289.0	263.0
Acquire-EHT_A3_60	560	19046	310.0	702.0	289.0	263.0
Acquire-EHT_A3_60	561	19077	310.0	702.0	289.0	262.0
Acquire-EHT_A3_60	562	19108	310.0	702.0	289.0	262.0
Acquire-EHT_A3_60	563	19140	310.0	702.0	289.0	262.0
Acquire-EHT_A3_60	564	19171	310.0	702.0	289.0	262.0
Acquire-EHT_A3_60	565	19218	310.0	702.0	289.0	262.0
Acquire-EHT_A3_60	566	19249	310.0	702.0	289.0	262.0
Acquire-EHT_A3_60	567	19280	310.0	702.0	289.0	262.0
Acquire-EHT_A3_60	568	19312	310.0	702.0	289.0	262.0
Acquire-EHT_A3_60	569	19343	310.0	702.0	289.0	262.0
Acquire-EHT_A3_60	570	19374	310.0	702.0	289.0	263.0
Acquire-EHT_A3_60	571	19405	310.0	700.0	289.0	264.0
Acquire-EHT_A3_60	572	19452	310.0	699.0	289.0	266.0
Acquire-EHT_A3_60	573	19483	310.0	698.0	289.0	266.0
Acquire-EHT_A3_60	574	19515	310.0	698.0	289.0	267.0
Acquire-EHT_A3_60	575	19546	310.0	698.0	289.0	267.0
Acquire-EHT_A3_60	576	19577	310.0	698.0	289.0	267.0
Acquire-EHT_A3_60	577	19608	310.0	698.0	288.0	266.0
Acquire-EHT_A3_60	578	19640	310.0	699.0	289.0	266.0
Acquire-EHT_A3_60	579	19671	310.0	700.0	289.0	265.0
Acquire-EHT_A3_60	580	19718	310.0	701.0	289.0	263.0
Acquire-EHT_A3_60	581	19749	310.0	702.0	289.0	263.0
Acquire-EHT_A3_60	582	19780	310.0	702.0	289.0	262.0
Acquire-EHT_A3_60	583	19812	310.0	702.0	289.0	262.0
Acquire-EHT_A3_60	584	19843	310.0	702.0	289.0	262.0
Acquire-EHT_A3_60	585	19874	310.0	702.0	289.0	262.0
Acquire-EHT_A3_60	586	19905	310.0	702.0	289.0	262.0
Acquire-EHT_A3_60	587	19952	310.0	702.0	289.0	262.0
Acquire-EHT_A3_60	588	19983	310.0	702.0	289.0	262.0
Acquire-EHT_A3_60	589	20015	310.0	702.0	289.0	262.0
Acquire-EHT_A3_60	590	20046	310.0	702.0	289.0	262.0
Acquire-EHT_A3_60	591	20077	310.0	702.0	289.0	262.0
Acquire-EHT_A3_60	592	20108	310.0	701.0	289.0	263.0
Acquire-EHT_A3_60	593	20140	310.0	700.0	289.0	264.0
Acquire-EHT_A3_60	594	20171	310.0	699.0	289.0	266.0
Acquire-EHT_A3_60	595	20218	310.0	698.0	289.0	266.0
Acquire-EHT_A3_60	596	20249	310.0	698.0	289.0	267.0
Acquire-EHT_A3_60	597	20280	310.0	698.0	289.0	267.0
Acquire-EHT_A3_60	598	20311	310.0	698.0	289.0	267.0
Acquire-EHT_A3_60	599	20343	310.0	698.0	289.0	266.0
Acquire-EHT_A3_60	600	20374	310.0	699.0	289.0	265.0
Acquire-EHT_A3_60	601	20405	310.0	700.0	289.0	265.0
Acquire-EHT_A3_60	602	20452	310.0	701.0	289.0	263.0
Acquire-EHT_A3_60	603	20483	310.0	702.0	289.0	263.0
Acquire-EHT_A3_60	604	20515	310.0	702.0	289.0	262.0
Acquire-EHT_A3_60	605	20546	310.0	702.0	289.0	262.0
Acquire-EHT_A3_60	606	20577	310.0	702.0	289.0	262.0
Acquire-EHT_A3_60	607	20608	310.0	702.0	289.0	262.0
Acquire-EHT_A3_60	608	20640	310.0	702.0	289.0	262.0
Acquire-EHT_A3_60	609	20671	310.0	702.0	289.0	262.0
Acquire-EHT_A3_60	610	20718	310.0	702.0	289.0	262.0
Acquire-EHT_A3_60	611	20749	310.0	702.0	289.0	262.0
Acquire-EHT_A3_60	612	20780	310.0	702.0	289.0	262.0
Acquire-EHT_A3_60	613	20811	310.0	702.0	289.0	262.0
Acquire-EHT_A3_60	614	20843	310.0	702.0	289.0	262.0
Acquire-EHT_A3_60	615	20874	310.0	702.0	289.0	262.0
Acquire-EHT_A3_60	616	20905	310.0	701.0	289.0	263.0
Acquire-EHT_A3_60	617	20952	310.0	699.0	289.0	265.0
Acquire-EHT_A3_60	618	20983	310.0	699.0	289.0	266.0
Acquire-EHT_A3_60	619	21015	310.0	698.0	289.0	266.0
Acquire-EHT_A3_60	620	21046	310.0	698.0	289.0	267.0
Acquire-EHT_A3_60	621	21077	310.0	698.0	289.0	267.0
Acquire-EHT_A3_60	622	21108	310.0	698.0	289.0	267.0
Acquire-EHT_A3_60	623	21140	310.0	698.0	289.0	267.0
Acquire-EHT_A3_60	624	21171	310.0	699.0	289.0	266.0
Acquire-EHT_A3_60	625	21218	309.0	700.0	289.0	264.0
Acquire-EHT_A3_60	626	21249	310.0	701.0	289.0	263.0
Acquire-EHT_A3_60	627	21280	310.0	702.0	289.0	263.0
Acquire-EHT_A3_60	628	21311	310.0	702.0	289.0	262.0
Acquire-EHT_A3_60	629	21343	310.0	702.0	289.0	262.0
Acquire-EHT_A3_60	630	21374	310.0	702.0	289.0	262.0
Acquire-EHT_A3_60	631	21405	310.0	702.0	289.0	262.0
Acquire-EHT_A3_60	632	21452	310.0	702.0	289.0	262.0
Acquire-EHT_A3_60	633	21483	310.0	702.0	289.0	262.0
Acquire-EHT_A3_60	634	21515	310.0	702.0	289.0	262.0
Acquire-EHT_A3_60	635	21546	310.0	702.0	289.0	262.0
Acquire-EHT_A3_60	636	21577	310.0	702.0	289.0	262.0
Acquire-EHT_A3_60	637	21608	310.0	702.0	289.0	263.0
Acquire-EHT_A3_60	638	21640	310.0	700.0	289.0	265.0
Acquire-EHT_A3_60	639	21686	309.0	699.0	289.0	266.0
Acquire-EHT_A3_60	640	21718	310.0	698.0	288.0	266.0
Acquire-EHT_A3_60	641	21749	310.0	698.0	289.0	267.0
Acquire-EHT_A3_60	642	21780	310.0	698.0	289.0	267.0
Acquire-EHT_A3_60	643	21811	310.0	698.0	289.0	267.0
Acquire-EHT_A3_60	644	21843	310.0	698.0	289.0	266.0
Acquire-EHT_A3_60	645	21874	310.0	699.0	289.0	266.0
Acquire-EHT_A3_60	646	21905	310.0	700.0	289.0	264.0
Acquire-EHT_A3_60	647	21952	310.0	701.0	289.0	263.0
Acquire-EHT_A3_60	648	21983	310.0	702.0	289.0	263.0
Acquire-EHT_A3_60	649	22015	310.0	702.0	289.0	262.0
Acquire-EHT_A3_60	650	22046	310.0	702.0	289.0	262.0
Acquire-EHT_A3_60	651	22077	310.0	702.0	289.0	262.0
Acquire-EHT_A3_60	652	22108	310.0	702.0	289.0	262.0
Acquire-EHT_A3_60	653	22139	310.0	702.0	289.0	262.0
Acquire-EHT_A3_60	654	22186	310.0	702.0	289.0	262.0
Acquire-EHT_A3_60	655	22218	310.0	702.0	289.0	262.0
Acquire-EHT_A3_60	656	22249	310.0	702.0	289.0	262.0
Acquire-EHT_A3_60	657	22280	310.0	702.0	289.0	262.0
Acquire-EHT_A3_60	658	22311	310.0	701.0	289.0	263.0
Acquire-EHT_A3_60	659	22343	310.0	700.0	289.0	265.0
Acquire-EHT_A3_60	660	22374	310.0	699.0	289.0	265.0
Acquire-EHT_A3_60	661	22405	310.0	698.0	289.0	266.0
Acquire-EHT_A3_60	662	22452	310.0	698.0	289.0	267.0
Acquire-EHT_A3_60	663	22483	310.0	697.0	289.0	267.0
Acquire-EHT_A3_60	664	22514	310.0	698.0	289.0	267.0
Acquire-EHT_A3_60	665	22546	310.0	698.0	289.0	266.0
Acquire-EHT_A3_60	666	22577	310.0	699.0	289.0	266.0
Acquire-EHT_A3_60	667	22608	310.0	700.0	289.0	264.0
Acquire-EHT_A3_60	668	22639	310.0	701.0	289.0	264.0
Acquire-EHT_A3_60	669	22686	310.0	701.0	289.0	263.0
Acquire-EHT_A3_60	670	22718	310.0	702.0	289.0	262.0
Acquire-EHT_A3_60	671	22749	310.0	702.0	289.0	262.0
Acquire-EHT_A3_60	672	22780	310.0	702.0	289.0	262.0
Acquire-EHT_A3_60	673	22811	310.0	702.0	289.0	262.0
Acquire-EHT_A3_60	674	22843	310.0	702.0	289.0	262.0
Acquire-EHT_A3_60	675	22874	310.0	702.0	289.0	262.0
Acquire-EHT_A3_60	676	22905	310.0	702.0	289.0	262.0
Acquire-EHT_A3_60	677	22952	310.0	702.0	289.0	262.0
Acquire-EHT_A3_60	678	22983	310.0	702.0	289.0	262.0
Acquire-EHT_A3_60	679	23014	310.0	702.0	289.0	263.0
Acquire-EHT_A3_60	680	23046	310.0	700.0	289.0	264.0
Acquire-EHT_A3_60	681	23077	310.0	698.0	289.0	266.0
Acquire-EHT_A3_60	682	23108	310.0	698.0	289.0	266.0
Acquire-EHT_A3_60	683	23139	310.0	698.0	289.0	267.0
Acquire-EHT_A3_60	684	23186	310.0	698.0	289.0	267.0
Acquire-EHT_A3_60	685	23218	310.0	697.0	289.0	267.0
Acquire-EHT_A3_60	686	23249	310.0	698.0	289.0	266.0
Acquire-EHT_A3_60	687	23280	310.0	699.0	289.0	266.0
Acquire-EHT_A3_60	688	23311	310.0	700.0	289.0	265.0
Acquire-EHT_A3_60	689	23343	310.0	701.0	289.0	263.0
Acquire-EHT_A3_60	690	23374	310.0	702.0	289.0	263.0
Acquire-EHT_A3_60	691	23405	310.0	702.0	289.0	262.0
Acquire-EHT_A3_60	692	23452	310.0	702.0	289.0	262.0
Acquire-EHT_A3_60	693	23483	310.0	702.0	289.0	262.0
Acquire-EHT_A3_60	694	23514	310.0	702.0	289.0	262.0
Acquire-EHT_A3_60	695	23546	310.0	702.0	289.0	262.0
Acquire-EHT_A3_60	696	23577	310.0	702.0	289.0	262.0
Acquire-EHT_A3_60	697	23608	310.0	702.0	289.0	262.0
Acquire-EHT_A3_60	698	23639	310.0	702.0	289.0	262.0
Acquire-EHT_A3_60	699	23686	310.0	702.0	289.0	262.0
Acquire-EHT_A3_60	700	23718	310.0	701.0	289.0	263.0
Acquire-EHT_A3_60	701	23749	310.0	700.0	289.0	265.0
Acquire-EHT_A3_60	702	23780	310.0	699.0	289.0	266.0
Acquire-EHT_A3_60	703	23811	310.0	698.0	289.0	266.0
Acquire-EHT_A3_60	704	23843	310.0	698.0	289.0	267.0
Acquire-EHT_A3_60	705	23874	310.0	698.0	289.0	267.0
Acquire-EHT_A3_60	706	23905	310.0	698.0	289.0	267.0
Acquire-EHT_A3_60	707	23952	310.0	699.0	289.0	266.0
Acquire-EHT_A3_60	708	23983	310.0	699.0	289.0	265.0
Acquire-EHT_A3_60	709	24014	310.0	700.0	289.0	264.0
Acquire-EHT_A3_60	710	24046	310.0	701.0	289.0	263.0
Acquire-EHT_A3_60	711	24077	310.0	702.0	289.0	263.0
Acquire-EHT_A3_60	712	24108	310.0	702.0	289.0	262.0
Acquire-EHT_A3_60	713	24139	310.0	702.0	289.0	262.0
Acquire-EHT_A3_60	714	24186	310.0	702.0	289.0	262.0
Acquire-EHT_A3_60	715	24217	310.0	702.0	289.0	262.0
Acquire-EHT_A3_60	716	24249	310.0	702.0	289.0	262.0
Acquire-EHT_A3_60	717	24280	310.0	702.0	289.0	262.0
Acquire-EHT_A3_60	718	24311	310.0	702.0	289.0	262.0
Acquire-EHT_A3_60	719	24342	310.0	702.0	289.0	262.0
Acquire-EHT_A3_60	720	24374	310.0	702.0	289.0	262.0
Acquire-EHT_A3_60	721	24405	310.0	702.0	289.0	262.0
Acquire-EHT_A3_60	722	24452	310.0	702.0	289.0	262.0
Acquire-EHT_A3_60	723	24483	310.0	702.0	289.0	262.0
Acquire-EHT_A3_60	724	24514	310.0	702.0	289.0	262.0
Acquire-EHT_A3_60	725	24546	310.0	702.0	289.0	262.0
Acquire-EHT_A3_60	726	24577	310.0	702.0	289.0	262.0
Acquire-EHT_A3_60	727	24608	310.0	701.0	289.0	263.0
Acquire-EHT_A3_60	728	24639	310.0	700.0	289.0	265.0
Acquire-EHT_A3_60	729	24686	310.0	698.0	289.0	266.0
Acquire-EHT_A3_60	730	24717	310.0	697.0	289.0	267.0
Acquire-EHT_A3_60	731	24749	310.0	698.0	289.0	267.0
Acquire-EHT_A3_60	732	24780	310.0	697.0	289.0	267.0
Acquire-EHT_A3_60	733	24811	310.0	698.0	289.0	267.0
Acquire-EHT_A3_60	734	24842	310.0	698.0	289.0	266.0
Acquire-EHT_A3_60	735	24874	310.0	699.0	289.0	266.0
Acquire-EHT_A3_60	736	24905	310.0	700.0	289.0	264.0
Acquire-EHT_A3_60	737	24952	310.0	701.0	289.0	263.0
Acquire-EHT_A3_60	738	24983	310.0	702.0	289.0	263.0
Acquire-EHT_A3_60	739	25014	310.0	702.0	289.0	262.0
Acquire-EHT_A3_60	740	25046	310.0	702.0	289.0	262.0
Acquire-EHT_A3_60	741	25077	310.0	702.0	289.0	262.0
Acquire-EHT_A3_60	742	25108	310.0	702.0	289.0	262.0
Acquire-EHT_A3_60	743	25139	310.0	702.0	289.0	262.0
Acquire-EHT_A3_60	744	25186	310.0	702.0	289.0	262.0
Acquire-EHT_A3_60	745	25217	310.0	702.0	289.0	262.0
Acquire-EHT_A3_60	746	25249	310.0	702.0	289.0	262.0
Acquire-EHT_A3_60	747	25280	310.0	702.0	289.0	262.0
Acquire-EHT_A3_60	748	25311	310.0	702.0	289.0	262.0
Acquire-EHT_A3_60	749	25342	310.0	702.0	289.0	263.0
Acquire-EHT_A3_60	750	25374	309.0	700.0	289.0	264.0
Acquire-EHT_A3_60	751	25405	310.0	699.0	289.0	266.0
Acquire-EHT_A3_60	752	25452	310.0	698.0	289.0	266.0
Acquire-EHT_A3_60	753	25483	310.0	698.0	289.0	267.0
Acquire-EHT_A3_60	754	25514	310.0	698.0	289.0	267.0
Acquire-EHT_A3_60	755	25546	310.0	698.0	289.0	267.0
Acquire-EHT_A3_60	756	25577	310.0	698.0	289.0	266.0
Acquire-EHT_A3_60	757	25608	310.0	699.0	289.0	266.0
Acquire-EHT_A3_60	758	25639	310.0	700.0	289.0	265.0
Acquire-EHT_A3_60	759	25686	310.0	701.0	289.0	264.0
Acquire-EHT_A3_60	760	25717	310.0	702.0	289.0	263.0
Acquire-EHT_A3_60	761	25749	310.0	702.0	289.0	262.0
Acquire-EHT_A3_60	762	25780	310.0	702.0	289.0	262.0
Acquire-EHT_A3_60	763	25811	310.0	702.0	289.0	262.0
Acquire-EHT_A3_60	764	25842	310.0	702.0	289.0	262.0
Acquire-EHT_A3_60	765	25874	310.0	702.0	289.0	262.0
Acquire-EHT_A3_60	766	25905	310.0	702.0	289.0	262.0
Acquire-EHT_A3_60	767	25952	310.0	702.0	289.0	262.0
Acquire-EHT_A3_60	768	25983	310.0	702.0	289.0	262.0
Acquire-EHT_A3_60	769	26014	310.0	702.0	289.0	262.0
Acquire-EHT_A3_60	770	26045	310.0	701.0	289.0	263.0
Acquire-EHT_A3_60	771	26077	310.0	699.0	289.0	265.0
Acquire-EHT_A3_60	772	26108	310.0	699.0	289.0	266.0
Acquire-EHT_A3_60	773	26139	310.0	698.0	289.0	266.0
Acquire-EHT_A3_60	774	26186	310.0	698.0	289.0	267.0
Acquire-EHT_A3_60	775	26217	310.0	698.0	289.0	267.0
Acquire-EHT_A3_60	776	26249	310.0	698.0	289.0	267.0
Acquire-EHT_A3_60	777	26280	310.0	698.0	289.0	266.0
Acquire-EHT_A3_60	778	26311	310.0	699.0	289.0	266.0
Acquire-EHT_A3_60	779	26342	310.0	700.0	289.0	264.0
Acquire-EHT_A3_60	780	26374	310.0	701.0	289.0	263.0
Acquire-EHT_A3_60	781	26405	310.0	702.0	289.0	263.0
Acquire-EHT_A3_60	782	26452	310.0	702.0	289.0	262.0
Acquire-EHT_A3_60	783	26483	310.0	702.0	289.0	262.0
Acquire-EHT_A3_60	784	26514	310.0	702.0	289.0	262.0
Acquire-EHT_A3_60	785	26545	310.0	702.0	289.0	262.0
Acquire-EHT_A3_60	786	26577	310.0	702.0	289.0	262.0
Acquire-EHT_A3_60	787	26608	310.0	702.0	289.0	262.0
Acquire-EHT_A3_60	788	26639	310.0	702.0	289.0	262.0
Acquire-EHT_A3_60	789	26686	310.0	702.0	289.0	262.0
Acquire-EHT_A3_60	790	26717	310.0	702.0	289.0	262.0
Acquire-EHT_A3_60	791	26749	310.0	701.0	289.0	264.0
Acquire-EHT_A3_60	792	26780	310.0	699.0	289.0	265.0
Acquire-EHT_A3_60	793	26811	310.0	698.0	289.0	266.0
Acquire-EHT_A3_60	794	26842	310.0	698.0	289.0	267.0
Acquire-EHT_A3_60	795	26874	310.0	697.0	289.0	267.0
Acquire-EHT_A3_60	796	26905	310.0	697.0	289.0	267.0
Acquire-EHT_A3_60	797	26952	310.0	698.0	289.0	267.0
Acquire-EHT_A3_60	798	26983	310.0	699.0	289.0	266.0
Acquire-EHT_A3_60	799	27014	310.0	699.0	289.0	265.0
Acquire-EHT_A3_60	800	27045	310.0	701.0	289.0	264.0
Acquire-EHT_A3_60	801	27077	310.0	702.0	289.0	263.0
Acquire-EHT_A3_60	802	27108	310.0	702.0	289.0	262.0
Acquire-EHT_A3_60	803	27139	310.0	702.0	289.0	262.0
Acquire-EHT_A3_60	804	27186	310.0	702.0	289.0	262.0
Acquire-EHT_A3_60	805	27217	310.0	702.0	289.0	262.0
Acquire-EHT_A3_60	806	27249	310.0	702.0	289.0	262.0
Acquire-EHT_A3_60	807	27280	310.0	702.0	289.0	262.0
Acquire-EHT_A3_60	808	27311	310.0	702.0	289.0	262.0
Acquire-EHT_A3_60	809	27342	310.0	702.0	289.0	262.0
Acquire-EHT_A3_60	810	27374	310.0	702.0	289.0	262.0
Acquire-EHT_A3_60	811	27405	310.0	701.0	289.0	263.0
Acquire-EHT_A3_60	812	27452	310.0	699.0	289.0	264.0
Acquire-EHT_A3_60	813	27483	310.0	699.0	289.0	266.0
Acquire-EHT_A3_60	814	27514	310.0	698.0	289.0	266.0
Acquire-EHT_A3_60	815	27545	310.0	698.0	289.0	267.0
Acquire-EHT_A3_60	816	27577	309.0	697.0	289.0	267.0
Acquire-EHT_A3_60	817	27608	310.0	698.0	289.0	267.0
Acquire-EHT_A3_60	818	27639	310.0	698.0	289.0	266.0
Acquire-EHT_A3_60	819	27686	310.0	699.0	289.0	266.0
Acquire-EHT_A3_60	820	27717	310.0	700.0	288.0	264.0
Acquire-EHT_A3_60	821	27748	310.0	701.0	289.0	263.0
Acquire-EHT_A3_60	822	27780	310.0	702.0	289.0	263.0
Acquire-EHT_A3_60	823	27811	310.0	702.0	289.0	262.0
Acquire-EHT_A3_60	824	27842	310.0	702.0	289.0	262.0
Acquire-EHT_A3_60	825	27873	310.0	702.0	289.0	262.0
Acquire-EHT_A3_60	826	27905	310.0	702.0	289.0	262.0
Acquire-EHT_A3_60	827	27952	310.0	702.0	289.0	262.0
Acquire-EHT_A3_60	828	27983	310.0	702.0	289.0	262.0
Acquire-EHT_A3_60	829	28014	310.0	702.0	289.0	262.0
Acquire-EHT_A3_60	830	28045	310.0	702.0	289.0	262.0
Acquire-EHT_A3_60	831	28077	310.0	702.0	289.0	262.0
Acquire-EHT_A3_60	832	28108	310.0	702.0	289.0	262.0
Acquire-EHT_A3_60	833	28139	310.0	701.0	289.0	263.0
Acquire-EHT_A3_60	834	28186	310.0	700.0	289.0	264.0
Acquire-EHT_A3_60	835	28217	310.0	699.0	289.0	266.0
Acquire-EHT_A3_60	836	28248	310.0	698.0	289.0	266.0
Acquire-EHT_A3_60	837	28280	309.0	698.0	289.0	267.0
Acquire-EHT_A3_60	838	28311	309.0	698.0	289.0	267.0
Acquire-EHT_A3_60	839	28342	310.0	698.0	289.0	267.0
Acquire-EHT_A3_60	840	28373	310.0	698.0	288.0	266.0
Acquire-EHT_A3_60	841	28405	310.0	699.0	289.0	266.0
Acquire-EHT_A3_60	842	28452	310.0	700.0	289.0	265.0
Acquire-EHT_A3_60	843	28483	310.0	701.0	289.0	264.0
Acquire-EHT_A3_60	844	28514	310.0	702.0	289.0	263.0
Acquire-EHT_A3_60	845	28545	310.0	702.0	289.0	262.0
Acquire-EHT_A3_60	846	28577	310.0	702.0	289.0	262.0
Acquire-EHT_A3_60	847	28608	310.0	702.0	289.0	262.0
Acquire-EHT_A3_60	848	28639	310.0	702.0	289.0	262.0
Acquire-EHT_A3_60	849	28686	310.0	702.0	289.0	262.0
Acquire-EHT_A3_60	850	28717	310.0	702.0	289.0	262.0
Acquire-EHT_A3_60	851	28748	310.0	702.0	289.0	262.0
Acquire-EHT_A3_60	852	28780	310.0	702.0	289.0	262.0
Acquire-EHT_A3_60	853	28811	310.0	702.0	289.0	263.0
Acquire-EHT_A3_60	854	28842	310.0	700.0	289.0	264.0
Acquire-EHT_A3_60	855	28873	310.0	699.0	289.0	265.0
Acquire-EHT_A3_60	856	28905	310.0	698.0	289.0	266.0
Acquire-EHT_A3_60	857	28952	310.0	698.0	289.0	266.0
Acquire-EHT_A3_60	858	28983	310.0	698.0	289.0	267.0
Acquire-EHT_A3_60	859	29014	310.0	698.0	289.0	267.0
Acquire-EHT_A3_60	860	29045	310.0	698.0	289.0	266.0
Acquire-EHT_A3_60	861	29077	310.0	699.0	289.0	266.0
Acquire-EHT_A3_60	862	29108	310.0	700.0	289.0	265.0
Acquire-EHT_A3_60	863	29139	310.0	701.0	289.0	263.0
Acquire-EHT_A3_60	864	29186	310.0	702.0	289.0	263.0
Acquire-EHT_A3_60	865	29217	310.0	702.0	289.0	262.0
Acquire-EHT_A3_60	866	29248	310.0	702.0	289.0	262.0
Acquire-EHT_A3_60	867	29280	310.0	702.0	289.0	262.0
Acquire-EHT_A3_60	868	29311	310.0	702.0	289.0	262.0
Acquire-EHT_A3_60	869	29342	310.0	702.0	289.0	262.0
Acquire-EHT_A3_60	870	29373	310.0	702.0	289.0	262.0
Acquire-EHT_A3_60	871	29405	310.0	702.0	289.0	262.0
Acquire-EHT_A3_60	872	29451	310.0	702.0	289.0	262.0
Acquire-EHT_A3_60	873	29483	310.0	702.0	289.0	262.0
Acquire-EHT_A3_60	874	29514	310.0	701.0	289.0	264.0
Acquire-EHT_A3_60	875	29545	310.0	700.0	289.0	265.0
Acquire-EHT_A3_60	876	29576	310.0	698.0	289.0	266.0
Acquire-EHT_A3_60	877	29608	310.0	698.0	289.0	266.0
Acquire-EHT_A3_60	878	29639	310.0	698.0	289.0	267.0
Acquire-EHT_A3_60	879	29686	310.0	698.0	289.0	267.0
Acquire-EHT_A3_60	880	29717	310.0	698.0	289.0	266.0
Acquire-EHT_A3_60	881	29748	310.0	699.0	289.0	266.0
Acquire-EHT_A3_60	882	29780	310.0	699.0	289.0	265.0
Acquire-EHT_A3_60	883	29811	310.0	700.0	289.0	264.0
Acquire-EHT_A3_60	884	29842	310.0	701.0	289.0	263.0
Acquire-EHT_A3_60	885	29873	310.0	702.0	289.0	263.0
Acquire-EHT_A3_60	886	29905	310.0	702.0	289.0	262.0
Acquire-EHT_A3_60	887	29951	310.0	702.0	289.0	262.0
Acquire-EHT_C1_60_1	0	0	362.0	730.0	339.0	238.0
Acquire-EHT_C1_60_1	1	109	362.0	730.0	339.0	238.0
Acquire-EHT_C1_60_1	2	172	362.0	730.0	339.0	238.0
Acquire-EHT_C1_60_1	3	203	362.0	730.0	339.0	238.0
Acquire-EHT_C1_60_1	4	234	362.0	730.0	339.0	237.0
Acquire-EHT_C1_60_1	5	266	362.0	731.0	339.0	237.0
Acquire-EHT_C1_60_1	6	313	362.0	732.0	339.0	236.0
Acquire-EHT_C1_60_1	7	344	362.0	732.0	339.0	235.0
Acquire-EHT_C1_60_1	8	375	362.0	732.0	339.0	235.0
Acquire-EHT_C1_60_1	9	406	362.0	733.0	339.0	235.0
Acquire-EHT_C1_60_1	10	438	362.0	733.0	339.0	235.0
Acquire-EHT_C1_60_1	11	469	362.0	733.0	339.0	235.0
Acquire-EHT_C1_60_1	12	500	362.0	733.0	339.0	235.0
Acquire-EHT_C1_60_1	13	531	362.0	732.0	339.0	236.0
Acquire-EHT_C1_60_1	14	578	362.0	731.0	339.0	237.0
Acquire-EHT_C1_60_1	15	609	362.0	730.0	339.0	237.0
Acquire-EHT_C1_60_1	16	641	362.0	730.0	339.0	238.0
Acquire-EHT_C1_60_1	17	672	362.0	730.0	339.0	238.0
Acquire-EHT_C1_60_1	18	703	362.0	730.0	339.0	238.0
Acquire-EHT_C1_60_1	19	734	362.0	730.0	339.0	238.0
Acquire-EHT_C1_60_1	20	766	362.0	730.0	339.0	237.0
Acquire-EHT_C1_60_1	21	813	362.0	731.0	339.0	237.0
Acquire-EHT_C1_60_1	22	844	362.0	732.0	339.0	236.0
Acquire-EHT_C1_60_1	23	875	362.0	732.0	339.0	235.0
Acquire-EHT_C1_60_1	24	906	362.0	733.0	339.0	235.0
Acquire-EHT_C1_60_1	25	938	362.0	733.0	339.0	235.0
Acquire-EHT_C1_60_1	26	969	362.0	733.0	339.0	234.0
Acquire-EHT_C1_60_1	27	1000	362.0	733.0	338.0	235.0
Acquire-EHT_C1_60_1	28	1031	362.0	733.0	339.0	234.0
Acquire-EHT_C1_60_1	29	1078	362.0	733.0	339.0	235.0
Acquire-EHT_C1_60_1	30	1109	362.0	732.0	339.0	235.0
Acquire-EHT_C1_60_1	31	1141	362.0	731.0	339.0	236.0
Acquire-EHT_C1_60_1	32	1172	362.0	731.0	339.0	238.0
Acquire-EHT_C1_60_1	33	1203	362.0	730.0	339.0	238.0
Acquire-EHT_C1_60_1	34	1234	362.0	730.0	339.0	238.0
Acquire-EHT_C1_60_1	35	1266	362.0	730.0	339.0	238.0
Acquire-EHT_C1_60_1	36	1313	362.0	730.0	339.0	238.0
Acquire-EHT_C1_60_1	37	1344	362.0	730.0	339.0	238.0
Acquire-EHT_C1_60_1	38	1375	362.0	731.0	339.0	237.0
Acquire-EHT_C1_60_1	39	1406	362.0	731.0	339.0	236.0
Acquire-EHT_C1_60_1	40	1438	362.0	732.0	339.0	235.0
Acquire-EHT_C1_60_1	41	1469	362.0	733.0	339.0	235.0
Acquire-EHT_C1_60_1	42	1500	362.0	733.0	339.0	235.0
Acquire-EHT_C1_60_1	43	1531	362.0	733.0	339.0	235.0
Acquire-EHT_C1_60_1	44	1578	362.0	733.0	339.0	234.0
Acquire-EHT_C1_60_1	45	1609	362.0	733.0	339.0	235.0
Acquire-EHT_C1_60_1	46	1641	362.0	732.0	339.0	236.0
Acquire-EHT_C1_60_1	47	1672	362.0	731.0	339.0	237.0
Acquire-EHT_C1_60_1	48	1703	362.0	730.0	339.0	238.0
Acquire-EHT_C1_60_1	49	1734	362.0	730.0	339.0	238.0
Acquire-EHT_C1_60_1	50	1766	362.0	730.0	339.0	238.0
Acquire-EHT_C1_60_1	51	1812	362.0	730.0	339.0	238.0
Acquire-EHT_C1_60_1	52	1844	362.0	730.0	339.0	238.0
Acquire-EHT_C1_60_1	53	1875	362.0	731.0	339.0	237.0
Acquire-EHT_C1_60_1	54	1906	362.0	731.0	339.0	237.0
Acquire-EHT_C1_60_1	55	1938	362.0	732.0	339.0	235.0
Acquire-EHT_C1_60_1	56	1969	362.0	733.0	339.0	235.0
Acquire-EHT_C1_60_1	57	2000	362.0	733.0	339.0	235.0
Acquire-EHT_C1_60_1	58	2031	362.0	733.0	339.0	235.0
Acquire-EHT_C1_60_1	59	2078	362.0	733.0	339.0	234.0
Acquire-EHT_C1_60_1	60	2109	362.0	733.0	339.0	235.0
Acquire-EHT_C1_60_1	61	2141	362.0	733.0	339.0	234.0
Acquire-EHT_C1_60_1	62	2172	362.0	732.0	339.0	235.0
Acquire-EHT_C1_60_1	63	2203	362.0	731.0	339.0	236.0
Acquire-EHT_C1_60_1	64	2234	362.0	730.0	339.0	237.0
Acquire-EHT_C1_60_1	65	2266	362.0	730.0	339.0	238.0
Acquire-EHT_C1_60_1	66	2312	362.0	730.0	339.0	238.0
Acquire-EHT_C1_60_1	67	2344	362.0	730.0	339.0	238.0
Acquire-EHT_C1_60_1	68	2375	362.0	730.0	339.0	238.0
Acquire-EHT_C1_60_1	69	2406	362.0	730.0	339.0	238.0
Acquire-EHT_C1_60_1	70	2437	362.0	730.0	339.0	237.0
Acquire-EHT_C1_60_1	71	2469	362.0	731.0	339.0	237.0
Acquire-EHT_C1_60_1	72	2500	362.0	732.0	339.0	235.0
Acquire-EHT_C1_60_1	73	2531	362.0	732.0	339.0	235.0
Acquire-EHT_C1_60_1	74	2578	362.0	733.0	339.0	235.0
Acquire-EHT_C1_60_1	75	2609	362.0	733.0	339.0	234.0
Acquire-EHT_C1_60_1	76	2641	362.0	733.0	339.0	235.0
Acquire-EHT_C1_60_1	77	2672	362.0	733.0	339.0	234.0
Acquire-EHT_C1_60_1	78	2703	362.0	733.0	339.0	235.0
Acquire-EHT_C1_60_1	79	2734	362.0	732.0	339.0	235.0
Acquire-EHT_C1_60_1	80	2766	362.0	731.0	339.0	237.0
Acquire-EHT_C1_60_1	81	2812	362.0	730.0	339.0	238.0
Acquire-EHT_C1_60_1	82	2844	362.0	730.0	339.0	238.0
Acquire-EHT_C1_60_1	83	2875	362.0	730.0	339.0	238.0
Acquire-EHT_C1_60_1	84	2906	362.0	730.0	339.0	238.0
Acquire-EHT_C1_60_1	85	2937	362.0	730.0	339.0	238.0
Acquire-EHT_C1_60_1	86	2969	362.0	730.0	339.0	238.0
Acquire-EHT_C1_60_1	87	3000	362.0	731.0	339.0	237.0
Acquire-EHT_C1_60_1	88	3031	362.0	732.0	339.0	236.0
Acquire-EHT_C1_60_1	89	3078	362.0	732.0	339.0	235.0
Acquire-EHT_C1_60_1	90	3109	362.0	733.0	339.0	235.0
Acquire-EHT_C1_60_1	91	3141	362.0	733.0	338.0	235.0
Acquire-EHT_C1_60_1	92	3172	362.0	733.0	339.0	234.0
Acquire-EHT_C1_60_1	93	3203	362.0	733.0	338.0	235.0
Acquire-EHT_C1_60_1	94	3234	362.0	733.0	339.0	234.0
Acquire-EHT_C1_60_1	95	3266	362.0	733.0	339.0	235.0
Acquire-EHT_C1_60_1	96	3312	362.0	732.0	339.0	236.0
Acquire-EHT_C1_60_1	97	3344	362.0	731.0	339.0	237.0
Acquire-EHT_C1_60_1	98	3375	362.0	730.0	339.0	238.0
Acquire-EHT_C1_60_1	99	3406	362.0	730.0	339.0	238.0
Acquire-EHT_C1_60_1	100	3437	362.0	730.0	339.0	238.0
Acquire-EHT_C1_60_1	101	3469	362.0	730.0	339.0	238.0
Acquire-EHT_C1_60_1	102	3500	362.0	730.0	339.0	238.0
Acquire-EHT_C1_60_1	103	3547	362.0	730.0	339.0	238.0
Acquire-EHT_C1_60_1	104	3578	362.0	731.0	339.0	237.0
Acquire-EHT_C1_60_1	105	3609	362.0	732.0	339.0	236.0
Acquire-EHT_C1_60_1	106	3641	362.0	732.0	339.0	235.0
Acquire-EHT_C1_60_1	107	3672	362.0	733.0	339.0	235.0
Acquire-EHT_C1_60_1	108	3703	362.0	733.0	339.0	234.0
Acquire-EHT_C1_60_1	109	3734	362.0	733.0	339.0	235.0
Acquire-EHT_C1_60_1	110	3765	362.0	733.0	339.0	234.0
Acquire-EHT_C1_60_1	111	3812	362.0	733.0	339.0	235.0
Acquire-EHT_C1_60_1	112	3844	362.0	733.0	339.0	235.0
Acquire-EHT_C1_60_1	113	3875	362.0	732.0	339.0	236.0
Acquire-EHT_C1_60_1	114	3906	362.0	731.0	339.0	237.0
Acquire-EHT_C1_60_1	115	3937	362.0	730.0	339.0	238.0
Acquire-EHT_C1_60_1	116	3969	362.0	730.0	339.0	238.0
Acquire-EHT_C1_60_1	117	4000	362.0	730.0	339.0	238.0
Acquire-EHT_C1_60_1	118	4047	362.0	730.0	339.0	238.0
Acquire-EHT_C1_60_1	119	4078	362.0	730.0	339.0	238.0
Acquire-EHT_C1_60_1	120	4109	362.0	730.0	339.0	238.0
Acquire-EHT_C1_60_1	121	4140	362.0	731.0	339.0	237.0
Acquire-EHT_C1_60_1	122	4172	362.0	732.0	339.0	236.0
Acquire-EHT_C1_60_1	123	4203	362.0	732.0	339.0	235.0
Acquire-EHT_C1_60_1	124	4234	362.0	733.0	339.0	235.0
Acquire-EHT_C1_60_1	125	4265	362.0	733.0	339.0	235.0
Acquire-EHT_C1_60_1	126	4312	362.0	733.0	339.0	235.0
Acquire-EHT_C1_60_1	127	4344	362.0	733.0	339.0	234.0
Acquire-EHT_C1_60_1	128	4375	362.0	733.0	338.0	235.0
Acquire-EHT_C1_60_1	129	4406	362.0	732.0	339.0	235.0
Acquire-EHT_C1_60_1	130	4437	362.0	731.0	339.0	236.0
Acquire-EHT_C1_60_1	131	4469	362.0	731.0	339.0	237.0
Acquire-EHT_C1_60_1	132	4500	362.0	730.0	339.0	238.0
Acquire-EHT_C1_60_1	133	4547	362.0	730.0	339.0	238.0
Acquire-EHT_C1_60_1	134	4578	362.0	730.0	339.0	238.0
Acquire-EHT_C1_60_1	135	4609	362.0	730.0	339.0	238.0
Acquire-EHT_C1_60_1	136	4640	362.0	730.0	339.0	238.0
Acquire-EHT_C1_60_1	137	4672	362.0	731.0	339.0	237.0
Acquire-EHT_C1_60_1	138	4703	362.0	731.0	339.0	236.0
Acquire-EHT_C1_60_1	139	4734	362.0	732.0	339.0	235.0
Acquire-EHT_C1_60_1	140	4765	362.0	732.0	339.0	235.0
Acquire-EHT_C1_60_1	141	4812	362.0	733.0	339.0	235.0
Acquire-EHT_C1_60_1	142	4844	362.0	733.0	339.0	235.0
Acquire-EHT_C1_60_1	143	4875	362.0	733.0	339.0	235.0
Acquire-EHT_C1_60_1	144	4906	362.0	733.0	339.0	235.0
Acquire-EHT_C1_60_1	145	4937	362.0	733.0	339.0	235.0
Acquire-EHT_C1_60_1	146	4969	362.0	732.0	339.0	235.0
Acquire-EHT_C1_60_1	147	5000	362.0	731.0	339.0	237.0
Acquire-EHT_C1_60_1	148	5047	362.0	730.0	339.0	237.0
Acquire-EHT_C1_60_1	149	5078	362.0	730.0	339.0	238.0
Acquire-EHT_C1_60_1	150	5109	362.0	730.0	339.0	238.0
Acquire-EHT_C1_60_1	151	5140	362.0	730.0	339.0	238.0
Acquire-EHT_C1_60_1	152	5172	362.0	730.0	339.0	238.0
Acquire-EHT_C1_60_1	153	5203	362.0	730.0	339.0	238.0
Acquire-EHT_C1_60_1	154	5234	362.0	731.0	339.0	237.0
Acquire-EHT_C1_60_1	155	5265	362.0	732.0	339.0	236.0
Acquire-EHT_C1_60_1	156	5312	362.0	732.0	339.0	235.0
Acquire-EHT_C1_60_1	157	5344	362.0	733.0	339.0	235.0
Acquire-EHT_C1_60_1	158	5375	362.0	733.0	339.0	234.0
Acquire-EHT_C1_60_1	159	5406	362.0	733.0	339.0	235.0
Acquire-EHT_C1_60_1	160	5437	362.0	733.0	339.0	234.0
Acquire-EHT_C1_60_1	161	5469	362.0	733.0	339.0	235.0
Acquire-EHT_C1_60_1	162	5500	362.0	732.0	339.0	235.0
Acquire-EHT_C1_60_1	163	5547	362.0	731.0	339.0	236.0
Acquire-EHT_C1_60_1	164	5578	362.0	731.0	339.0	237.0
Acquire-EHT_C1_60_1	165	5609	362.0	730.0	339.0	238.0
Acquire-EHT_C1_60_1	166	5640	362.0	730.0	339.0	238.0
Acquire-EHT_C1_60_1	167	5672	362.0	730.0	339.0	238.0
Acquire-EHT_C1_60_1	168	5703	362.0	730.0	339.0	238.0
Acquire-EHT_C1_60_1	169	5734	362.0	730.0	339.0	238.0
Acquire-EHT_C1_60_1	170	5765	362.0	731.0	339.0	237.0
Acquire-EHT_C1_60_1	171	5812	362.0	731.0	339.0	236.0
Acquire-EHT_C1_60_1	172	5843	362.0	732.0	339.0	235.0
Acquire-EHT_C1_60_1	173	5875	362.0	733.0	339.0	235.0
Acquire-EHT_C1_60_1	174	5906	362.0	733.0	339.0	235.0
Acquire-EHT_C1_60_1	175	5937	362.0	733.0	339.0	235.0
Acquire-EHT_C1_60_1	176	5968	362.0	733.0	339.0	235.0
Acquire-EHT_C1_60_1	177	6000	362.0	733.0	339.0	235.0
Acquire-EHT_C1_60_1	178	6047	362.0	733.0	339.0	235.0
Acquire-EHT_C1_60_1	179	6078	362.0	732.0	338.0	236.0
Acquire-EHT_C1_60_1	180	6109	362.0	731.0	339.0	236.0
Acquire-EHT_C1_60_1	181	6140	362.0	731.0	339.0	237.0
Acquire-EHT_C1_60_1	182	6172	362.0	730.0	339.0	238.0
Acquire-EHT_C1_60_1	183	6203	362.0	730.0	339.0	238.0
Acquire-EHT_C1_60_1	184	6234	362.0	730.0	339.0	238.0
Acquire-EHT_C1_60_1	185	6265	362.0	730.0	339.0	238.0
Acquire-EHT_C1_60_1	186	6312	362.0	730.0	339.0	238.0
Acquire-EHT_C1_60_1	187	6343	362.0	731.0	339.0	237.0
Acquire-EHT_C1_60_1	188	6375	362.0	731.0	339.0	236.0
Acquire-EHT_C1_60_1	189	6406	362.0	732.0	339.0	235.0
Acquire-EHT_C1_60_1	190	6437	362.0	733.0	339.0	235.0
Acquire-EHT_C1_60_1	191	6468	362.0	733.0	339.0	235.0
Acquire-EHT_C1_60_1	192	6500	362.0	733.0	339.0	234.0
Acquire-EHT_C1_60_1	193	6547	362.0	733.0	338.0	235.0
Acquire-EHT_C1_60_1	194	6578	362.0	733.0	338.0	235.0
Acquire-EHT_C1_60_1	195	6609	362.0	732.0	339.0	235.0
Acquire-EHT_C1_60_1	196	6640	362.0	731.0	339.0	236.0
Acquire-EHT_C1_60_1	197	6672	362.0	731.0	339.0	237.0
Acquire-EHT_C1_60_1	198	6703	362.0	730.0	339.0	238.0
Acquire-EHT_C1_60_1	199	6734	362.0	730.0	339.0	238.0
Acquire-EHT_C1_60_1	200	6765	362.0	730.0	339.0	238.0
Acquire-EHT_C1_60_1	201	6812	362.0	730.0	339.0	238.0
Acquire-EHT_C1_60_1	202	6843	362.0	730.0	339.0	238.0
Acquire-EHT_C1_60_1	203	6875	362.0	731.0	339.0	237.0
Acquire-EHT_C1_60_1	204	6906	362.0	731.0	339.0	236.0
Acquire-EHT_C1_60_1	205	6937	362.0	732.0	339.0	235.0
Acquire-EHT_C1_60_1	206	6968	362.0	733.0	339.0	235.0
Acquire-EHT_C1_60_1	207	7000	362.0	733.0	339.0	235.0
Acquire-EHT_C1_60_1	208	7047	362.0	733.0	339.0	235.0
Acquire-EHT_C1_60_1	209	7078	362.0	733.0	339.0	234.0
Acquire-EHT_C1_60_1	210	7109	362.0	733.0	339.0	235.0
Acquire-EHT_C1_60_1	211	7140	362.0	732.0	339.0	236.0
Acquire-EHT_C1_60_1	212	7172	362.0	731.0	339.0	237.0
Acquire-EHT_C1_60_1	213	7203	362.0	730.0	339.0	238.0
Acquire-EHT_C1_60_1	214	7234	362.0	730.0	339.0	238.0
Acquire-EHT_C1_60_1	215	7265	362.0	730.0	339.0	238.0
Acquire-EHT_C1_60_1	216	7312	362.0	730.0	339.0	238.0
Acquire-EHT_C1_60_1	217	7343	362.0	730.0	339.0	238.0
Acquire-EHT_C1_60_1	218	7375	362.0	731.0	339.0	237.0
Acquire-EHT_C1_60_1	219	7406	362.0	731.0	339.0	236.0
Acquire-EHT_C1_60_1	220	7437	362.0	732.0	339.0	235.0
Acquire-EHT_C1_60_1	221	7468	362.0	732.0	339.0	235.0
Acquire-EHT_C1_60_1	222	7500	362.0	732.0	339.0	235.0
Acquire-EHT_C1_60_1	223	7546	362.0	733.0	339.0	235.0
Acquire-EHT_C1_60_1	224	7578	362.0	733.0	339.0	234.0
Acquire-EHT_C1_60_1	225	7609	362.0	733.0	339.0	235.0
Acquire-EHT_C1_60_1	226	7640	362.0	733.0	339.0	235.0
Acquire-EHT_C1_60_1	227	7671	362.0	733.0	339.0	235.0
Acquire-EHT_C1_60_1	228	7703	362.0	731.0	339.0	236.0
Acquire-EHT_C1_60_1	229	7734	362.0	731.0	339.0	237.0
Acquire-EHT_C1_60_1	230	7765	362.0	730.0	339.0	238.0
Acquire-EHT_C1_60_1	231	7812	362.0	730.0	339.0	238.0
Acquire-EHT_C1_60_1	232	7843	362.0	730.0	339.0	238.0
Acquire-EHT_C1_60_1	233	7875	362.0	730.0	339.0	238.0
Acquire-EHT_C1_60_1	234	7906	362.0	730.0	339.0	238.0
Acquire-EHT_C1_60_1	235	7937	362.0	730.0	339.0	237.0
Acquire-EHT_C1_60_1	236	7968	362.0	731.0	339.0	237.0
Acquire-EHT_C1_60_1	237	8000	362.0	732.0	339.0	236.0
Acquire-EHT_C1_60_1	238	8046	362.0	733.0	339.0	235.0
Acquire-EHT_C1_60_1	239	8078	362.0	733.0	339.0	235.0
Acquire-EHT_C1_60_1	240	8109	362.0	733.0	339.0	235.0
Acquire-EHT_C1_60_1	241	8140	362.0	733.0	339.0	235.0
Acquire-EHT_C1_60_1	242	8171	362.0	733.0	338.0	235.0
Acquire-EHT_C1_60_1	243	8203	362.0	733.0	339.0	235.0
Acquire-EHT_C1_60_1	244	8234	362.0	732.0	339.0	235.0
Acquire-EHT_C1_60_1	245	8265	362.0	731.0	339.0	237.0
Acquire-EHT_C1_60_1	246	8312	362.0	730.0	339.0	237.0
Acquire-EHT_C1_60_1	247	8343	362.0	730.0	339.0	238.0
Acquire-EHT_C1_60_1	248	8375	362.0	730.0	339.0	238.0
Acquire-EHT_C1_60_1	249	8406	362.0	730.0	339.0	238.0
Acquire-EHT_C1_60_1	250	8437	362.0	730.0	339.0	238.0
Acquire-EHT_C1_60_1	251	8468	362.0	730.0	339.0	238.0
Acquire-EHT_C1_60_1	252	8500	362.0	731.0	339.0	237.0
Acquire-EHT_C1_60_1	253	8546	362.0	731.0	339.0	236.0
Acquire-EHT_C1_60_1	254	8578	362.0	732.0	339.0	235.0
Acquire-EHT_C1_60_1	255	8609	362.0	732.0	339.0	235.0
Acquire-EHT_C1_60_1	256	8640	362.0	733.0	339.0	235.0
Acquire-EHT_C1_60_1	257	8671	362.0	733.0	339.0	235.0
Acquire-EHT_C1_60_1	258	8703	362.0	733.0	339.0	235.0
Acquire-EHT_C1_60_1	259	8734	362.0	732.0	339.0	235.0
Acquire-EHT_C1_60_1	260	8765	362.0	732.0	338.0	236.0
Acquire-EHT_C1_60_1	261	8812	362.0	731.0	339.0	237.0
Acquire-EHT_C1_60_1	262	8843	362.0	730.0	339.0	237.0
Acquire-EHT_C1_60_1	263	8875	362.0	730.0	339.0	238.0
Acquire-EHT_C1_60_1	264	8906	362.0	730.0	339.0	238.0
Acquire-EHT_C1_60_1	265	8937	362.0	730.0	339.0	238.0
Acquire-EHT_C1_60_1	266	8968	362.0	730.0	339.0	238.0
Acquire-EHT_C1_60_1	267	9000	362.0	731.0	339.0	238.0
Acquire-EHT_C1_60_1	268	9046	362.0	731.0	339.0	236.0
Acquire-EHT_C1_60_1	269	9078	362.0	732.0	339.0	236.0
Acquire-EHT_C1_60_1	270	9109	362.0	732.0	339.0	235.0
Acquire-EHT_C1_60_1	271	9140	362.0	733.0	339.0	235.0
Acquire-EHT_C1_60_1	272	9171	362.0	733.0	339.0	235.0
Acquire-EHT_C1_60_1	273	9203	362.0	733.0	339.0	234.0
Acquire-EHT_C1_60_1	274	9234	362.0	733.0	339.0	234.0
Acquire-EHT_C1_60_1	275	9265	362.0	733.0	338.0	235.0
Acquire-EHT_C1_60_1	276	9312	362.0	732.0	339.0	235.0
Acquire-EHT_C1_60_1	277	9343	362.0	731.0	339.0	237.0
Acquire-EHT_C1_60_1	278	9374	362.0	730.0	339.0	237.0
Acquire-EHT_C1_60_1	279	9406	362.0	730.0	339.0	238.0
Acquire-EHT_C1_60_1	280	9437	362.0	730.0	339.0	238.0
Acquire-EHT_C1_60_1	281	9468	362.0	730.0	339.0	238.0
Acquire-EHT_C1_60_1	282	9499	362.0	730.0	339.0	238.0
Acquire-EHT_C1_60_1	283	9546	362.0	730.0	339.0	238.0
Acquire-EHT_C1_60_1	284	9578	362.0	731.0	339.0	237.0
Acquire-EHT_C1_60_1	285	9609	362.0	732.0	339.0	236.0
Acquire-EHT_C1_60_1	286	9640	362.0	732.0	339.0	235.0
Acquire-EHT_C1_60_1	287	9671	362.0	733.0	339.0	235.0
Acquire-EHT_C1_60_1	288	9703	362.0	733.0	339.0	235.0
Acquire-EHT_C1_60_1	289	9734	362.0	733.0	339.0	235.0
Acquire-EHT_C1_60_1	290	9765	362.0	733.0	339.0	235.0
Acquire-EHT_C1_60_1	291	9812	362.0	733.0	339.0	234.0
Acquire-EHT_C1_60_1	292	9843	362.0	732.0	339.0	235.0
Acquire-EHT_C1_60_1	293	9874	362.0	731.0	339.0	236.0
Acquire-EHT_C1_60_1	294	9906	362.0	731.0	339.0	237.0
Acquire-EHT_C1_60_1	295	9937	362.0	730.0	339.0	238.0
Acquire-EHT_C1_60_1	296	9968	362.0	730.0	339.0	238.0
Acquire-EHT_C1_60_1	297	9999	362.0	730.0	339.0	238.0
Acquire-EHT_C1_60_1	298	10046	362.0	730.0	339.0	238.0
Acquire-EHT_C1_60_1	299	10078	362.0	730.0	339.0	238.0
Acquire-EHT_C1_60_1	300	10109	362.0	731.0	339.0	238.0
Acquire-EHT_C1_60_1	301	10140	362.0	731.0	339.0	236.0
Acquire-EHT_C1_60_1	302	10171	362.0	732.0	339.0	236.0
Acquire-EHT_C1_60_1	303	10203	362.0	733.0	339.0	235.0
Acquire-EHT_C1_60_1	304	10234	362.0	733.0	339.0	235.0
Acquire-EHT_C1_60_1	305	10265	362.0	733.0	339.0	235.0
Acquire-EHT_C1_60_1	306	10312	362.0	733.0	339.0	235.0
Acquire-EHT_C1_60_1	307	10343	362.0	733.0	339.0	235.0
Acquire-EHT_C1_60_1	308	10374	362.0	732.0	339.0	235.0
Acquire-EHT_C1_60_1	309	10406	362.0	732.0	339.0	236.0
Acquire-EHT_C1_60_1	310	10437	362.0	731.0	339.0	237.0
Acquire-EHT_C1_60_1	311	10468	362.0	730.0	339.0	238.0
Acquire-EHT_C1_60_1	312	10499	362.0	730.0	339.0	238.0
Acquire-EHT_C1_60_1	313	10546	362.0	730.0	339.0	238.0
Acquire-EHT_C1_60_1	314	10578	362.0	730.0	339.0	238.0
Acquire-EHT_C1_60_1	315	10609	362.0	730.0	339.0	238.0
Acquire-EHT_C1_60_1	316	10640	362.0	731.0	339.0	237.0
Acquire-EHT_C1_60_1	317	10671	362.0	731.0	339.0	236.0
Acquire-EHT_C1_60_1	318	10703	362.0	732.0	339.0	236.0
Acquire-EHT_C1_60_1	319	10734	362.0	732.0	339.0	235.0
Acquire-EHT_C1_60_1	320	10765	362.0	733.0	339.0	235.0
Acquire-EHT_C1_60_1	321	10812	362.0	733.0	339.0	235.0
Acquire-EHT_C1_60_1	322	10843	362.0	733.0	339.0	235.0
Acquire-EHT_C1_60_1	323	10874	362.0	733.0	339.0	234.0
Acquire-EHT_C1_60_1	324	10906	362.0	733.0	339.0	235.0
Acquire-EHT_C1_60_1	325	10937	362.0	733.0	339.0	235.0
Acquire-EHT_C1_60_1	326	10968	362.0	732.0	339.0	236.0
Acquire-EHT_C1_60_1	327	10999	362.0	731.0	339.0	237.0
Acquire-EHT_C1_60_1	328	11046	362.0	730.0	339.0	238.0
Acquire-EHT_C1_60_1	329	11077	362.0	730.0	339.0	238.0
Acquire-EHT_C1_60_1	330	11109	362.0	730.0	339.0	238.0
Acquire-EHT_C1_60_1	331	11140	362.0	730.0	339.0	238.0
Acquire-EHT_C1_60_1	332	11171	362.0	730.0	339.0	238.0
Acquire-EHT_C1_60_1	333	11202	362.0	730.0	339.0	238.0
Acquire-EHT_C1_60_1	334	11234	362.0	731.0	339.0	237.0
Acquire-EHT_C1_60_1	335	11265	362.0	732.0	339.0	236.0
Acquire-EHT_C1_60_1	336	11312	362.0	732.0	339.0	235.0
Acquire-EHT_C1_60_1	337	11343	362.0	733.0	339.0	235.0
Acquire-EHT_C1_60_1	338	11374	362.0	733.0	339.0	235.0
Acquire-EHT_C1_60_1	339	11406	362.0	733.0	339.0	234.0
Acquire-EHT_C1_60_1	340	11437	362.0	733.0	339.0	234.0
Acquire-EHT_C1_60_1	341	11468	362.0	732.0	339.0	235.0
Acquire-EHT_C1_60_1	342	11499	362.0	732.0	339.0	236.0
Acquire-EHT_C1_60_1	343	11546	362.0	731.0	339.0	237.0
Acquire-EHT_C1_60_1	344	11577	362.0	730.0	339.0	238.0
Acquire-EHT_C1_60_1	345	11609	362.0	730.0	339.0	238.0
Acquire-EHT_C1_60_1	346	11640	362.0	730.0	339.0	238.0
Acquire-EHT_C1_60_1	347	11671	362.0	730.0	339.0	238.0
Acquire-EHT_C1_60_1	348	11702	362.0	730.0	339.0	238.0
Acquire-EHT_C1_60_1	349	11734	362.0	731.0	339.0	237.0
Acquire-EHT_C1_60_1	350	11765	362.0	731.0	339.0	237.0
Acquire-EHT_C1_60_1	351	11812	362.0	732.0	339.0	235.0
Acquire-EHT_C1_60_1	352	11843	362.0	732.0	339.0	235.0
Acquire-EHT_C1_60_1	353	11874	362.0	733.0	339.0	235.0
Acquire-EHT_C1_60_1	354	11906	362.0	733.0	339.0	235.0
Acquire-EHT_C1_60_1	355	11937	362.0	733.0	339.0	235.0
Acquire-EHT_C1_60_1	356	11968	362.0	733.0	338.0	235.0
Acquire-EHT_C1_60_1	357	11999	362.0	733.0	338.0	235.0
Acquire-EHT_C1_60_1	358	12046	362.0	732.0	339.0	235.0
Acquire-EHT_C1_60_1	359	12077	362.0	731.0	339.0	237.0
Acquire-EHT_C1_60_1	360	12109	362.0	730.0	339.0	238.0
Acquire-EHT_C1_60_1	361	12140	362.0	730.0	339.0	238.0
Acquire-EHT_C1_60_1	362	12171	362.0	730.0	339.0	238.0
Acquire-EHT_C1_60_1	363	12202	362.0	730.0	339.0	238.0
Acquire-EHT_C1_60_1	364	12234	362.0	730.0	339.0	238.0
Acquire-EHT_C1_60_1	365	12265	362.0	730.0	339.0	238.0
Acquire-EHT_C1_60_1	366	12312	362.0	731.0	339.0	237.0
Acquire-EHT_C1_60_1	367	12343	362.0	732.0	339.0	236.0
Acquire-EHT_C1_60_1	368	12374	362.0	732.0	339.0	235.0
Acquire-EHT_C1_60_1	369	12406	362.0	733.0	339.0	235.0
Acquire-EHT_C1_60_1	370	12437	362.0	733.0	339.0	235.0
Acquire-EHT_C1_60_1	371	12468	362.0	733.0	339.0	235.0
Acquire-EHT_C1_60_1	372	12499	362.0	733.0	339.0	235.0
Acquire-EHT_C1_60_1	373	12546	362.0	733.0	339.0	235.0
Acquire-EHT_C1_60_1	374	12577	362.0	732.0	338.0	235.0
Acquire-EHT_C1_60_1	375	12609	362.0	731.0	339.0	236.0
Acquire-EHT_C1_60_1	376	12640	362.0	730.0	339.0	237.0
Acquire-EHT_C1_60_1	377	12671	362.0	730.0	339.0	238.0
Acquire-EHT_C1_60_1	378	12702	362.0	730.0	339.0	238.0
Acquire-EHT_C1_60_1	379	12734	362.0	730.0	339.0	238.0
Acquire-EHT_C1_60_1	380	12765	362.0	730.0	339.0	238.0
Acquire-EHT_C1_60_1	381	12812	362.0	730.0	339.0	238.0
Acquire-EHT_C1_60_1	382	12843	362.0	731.0	339.0	237.0
Acquire-EHT_C1_60_1	383	12874	362.0	731.0	339.0	236.0
Acquire-EHT_C1_60_1	384	12905	362.0	732.0	339.0	235.0
Acquire-EHT_C1_60_1	385	12937	362.0	732.0	339.0	235.0
Acquire-EHT_C1_60_1	386	12968	362.0	733.0	339.0	235.0
Acquire-EHT_C1_60_1	387	12999	362.0	733.0	339.0	235.0
Acquire-EHT_C1_60_1	388	13046	362.0	733.0	339.0	235.0
Acquire-EHT_C1_60_1	389	13077	362.0	733.0	339.0	235.0
Acquire-EHT_C1_60_1	390	13109	362.0	732.0	339.0	236.0
Acquire-EHT_C1_60_1	391	13140	362.0	731.0	339.0	237.0
Acquire-EHT_C1_60_1	392	13171	362.0	730.0	339.0	238.0
Acquire-EHT_C1_60_1	393	13202	362.0	730.0	339.0	238.0
Acquire-EHT_C1_60_1	394	13234	362.0	730.0	339.0	238.0
Acquire-EHT_C1_60_1	395	13265	362.0	730.0	339.0	238.0
Acquire-EHT_C1_60_1	396	13312	362.0	730.0	339.0	238.0
Acquire-EHT_C1_60_1	397	13343	362.0	730.0	339.0	237.0
Acquire-EHT_C1_60_1	398	13374	362.0	731.0	339.0	237.0
Acquire-EHT_C1_60_1	399	13405	362.0	732.0	339.0	236.0
Acquire-EHT_C1_60_1	400	13437	362.0	732.0	339.0	235.0
Acquire-EHT_C1_60_1	401	13468	362.0	733.0	339.0	235.0
Acquire-EHT_C1_60_1	402	13499	362.0	733.0	339.0	234.0
Acquire-EHT_C1_60_1	403	13546	362.0	733.0	339.0	235.0
Acquire-EHT_C1_60_1	404	13577	362.0	733.0	339.0	235.0
Acquire-EHT_C1_60_1	405	13609	362.0	733.0	339.0	234.0
Acquire-EHT_C1_60_1	406	13640	362.0	732.0	339.0	235.0
Acquire-EHT_C1_60_1	407	13671	362.0	732.0	339.0	236.0
Acquire-EHT_C1_60_1	408	13702	362.0	731.0	339.0	237.0
Acquire-EHT_C1_60_1	409	13734	362.0	730.0	339.0	238.0
Acquire-EHT_C1_60_1	410	13765	362.0	730.0	339.0	238.0
Acquire-EHT_C1_60_1	411	13812	362.0	730.0	339.0	238.0
Acquire-EHT_C1_60_1	412	13843	362.0	730.0	339.0	238.0
Acquire-EHT_C1_60_1	413	13874	362.0	730.0	339.0	238.0
Acquire-EHT_C1_60_1	414	13905	362.0	730.0	339.0	237.0
Acquire-EHT_C1_60_1	415	13937	362.0	731.0	339.0	237.0
Acquire-EHT_C1_60_1	416	13968	362.0	732.0	339.0	236.0
Acquire-EHT_C1_60_1	417	13999	362.0	732.0	339.0	235.0
Acquire-EHT_C1_60_1	418	14046	362.0	733.0	339.0	235.0
Acquire-EHT_C1_60_1	419	14077	362.0	733.0	339.0	235.0
Acquire-EHT_C1_60_1	420	14109	362.0	733.0	339.0	234.0
Acquire-EHT_C1_60_1	421	14140	362.0	733.0	339.0	234.0
Acquire-EHT_C1_60_1	422	14171	362.0	733.0	339.0	234.0
Acquire-EHT_C1_60_1	423	14202	362.0	733.0	339.0	235.0
Acquire-EHT_C1_60_1	424	14234	362.0	732.0	339.0	236.0
Acquire-EHT_C1_60_1	425	14265	362.0	731.0	339.0	237.0
Acquire-EHT_C1_60_1	426	14312	362.0	730.0	339.0	238.0
Acquire-EHT_C1_60_1	427	14343	362.0	730.0	339.0	238.0
Acquire-EHT_C1_60_1	428	14374	362.0	730.0	339.0	238.0
Acquire-EHT_C1_60_1	429	14405	362.0	730.0	339.0	238.0
Acquire-EHT_C1_60_1	430	14437	362.0	730.0	339.0	238.0
Acquire-EHT_C1_60_1	431	14468	362.0	731.0	339.0	238.0
Acquire-EHT_C1_60_1	432	14499	362.0	731.0	339.0	237.0
Acquire-EHT_C1_60_1	433	14546	362.0	732.0	338.0	236.0
Acquire-EHT_C1_60_1	434	14577	362.0	733.0	339.0	235.0
Acquire-EHT_C1_60_1	435	14608	362.0	733.0	339.0	235.0
Acquire-EHT_C1_60_1	436	14640	362.0	733.0	339.0	235.0
Acquire-EHT_C1_60_1	437	14671	362.0	733.0	339.0	235.0
Acquire-EHT_C1_60_1	438	14702	362.0	733.0	339.0	235.0
Acquire-EHT_C1_60_1	439	14733	362.0	733.0	339.0	234.0
Acquire-EHT_C1_60_1	440	14765	362.0	732.0	339.0	235.0
Acquire-EHT_C1_60_1	441	14812	362.0	731.0	339.0	236.0
Acquire-EHT_C1_60_1	442	14843	362.0	731.0	339.0	237.0
Acquire-EHT_C1_60_1	443	14874	362.0	730.0	339.0	238.0
Acquire-EHT_C1_60_1	444	14905	362.0	730.0	339.0	238.0
Acquire-EHT_C1_60_1	445	14937	362.0	730.0	339.0	238.0
Acquire-EHT_C1_60_1	446	14968	362.0	730.0	339.0	238.0
Acquire-EHT_C1_60_1	447	14999	362.0	730.0	339.0	238.0
Acquire-EHT_C1_60_1	448	15046	362.0	731.0	339.0	237.0
Acquire-EHT_C1_60_1	449	15077	362.0	731.0	339.0	236.0
Acquire-EHT_C1_60_1	450	15108	362.0	732.0	339.0	235.0
Acquire-EHT_C1_60_1	451	15140	362.0	732.0	339.0	235.0
Acquire-EHT_C1_60_1	452	15171	362.0	733.0	339.0	235.0
Acquire-EHT_C1_60_1	453	15202	362.0	733.0	339.0	235.0
Acquire-EHT_C1_60_1	454	15233	362.0	733.0	339.0	235.0
Acquire-EHT_C1_60_1	455	15265	362.0	733.0	339.0	235.0
Acquire-EHT_C1_60_1	456	15312	362.0	733.0	339.0	234.0
Acquire-EHT_C1_60_1	457	15343	362.0	732.0	339.0	235.0
Acquire-EHT_C1_60_1	458	15374	362.0	731.0	339.0	237.0
Acquire-EHT_C1_60_1	459	15405	362.0	730.0	339.0	237.0
Acquire-EHT_C1_60_1	460	15437	362.0	730.0	339.0	238.0
Acquire-EHT_C1_60_1	461	15468	362.0	730.0	339.0	238.0
Acquire-EHT_C1_60_1	462	15499	362.0	730.0	339.0	238.0
Acquire-EHT_C1_60_1	463	15546	362.0	730.0	339.0	238.0
Acquire-EHT_C1_60_1	464	15577	362.0	730.0	339.0	238.0
Acquire-EHT_C1_60_1	465	15608	362.0	731.0	339.0	237.0
Acquire-EHT_C1_60_1	466	15640	362.0	732.0	339.0	236.0
Acquire-EHT_C1_60_1	467	15671	362.0	732.0	339.0	235.0
Acquire-EHT_C1_60_1	468	15702	362.0	733.0	339.0	235.0
Acquire-EHT_C1_60_1	469	15733	362.0	733.0	339.0	235.0
Acquire-EHT_C1_60_1	470	15765	362.0	733.0	339.0	234.0
Acquire-EHT_C1_60_1	471	15812	362.0	733.0	339.0	235.0
Acquire-EHT_C1_60_1	472	15843	362.0	733.0	339.0	234.0
Acquire-EHT_C1_60_1	473	15874	362.0	732.0	339.0	235.0
Acquire-EHT_C1_60_1	474	15905	362.0	731.0	339.0	236.0
Acquire-EHT_C1_60_1	475	15937	362.0	731.0	339.0	237.0
Acquire-EHT_C1_60_1	476	15968	362.0	730.0	339.0	238.0
Acquire-EHT_C1_60_1	477	15999	362.0	730.0	339.0	238.0
Acquire-EHT_C1_60_1	478	16046	362.0	730.0	339.0	238.0
Acquire-EHT_C1_60_1	479	16077	362.0	730.0	339.0	238.0
Acquire-EHT_C1_60_1	480	16108	362.0	730.0	339.0	238.0
Acquire-EHT_C1_60_1	481	16140	362.0	731.0	339.0	237.0
Acquire-EHT_C1_60_1	482	16171	362.0	731.0	339.0	236.0
Acquire-EHT_C1_60_1	483	16202	362.0	732.0	339.0	235.0
Acquire-EHT_C1_60_1	484	16233	362.0	732.0	339.0	235.0
Acquire-EHT_C1_60_1	485	16265	362.0	733.0	339.0	235.0
Acquire-EHT_C1_60_1	486	16312	362.0	733.0	339.0	235.0
Acquire-EHT_C1_60_1	487	16343	362.0	733.0	339.0	234.0
Acquire-EHT_C1_60_1	488	16374	362.0	733.0	339.0	234.0
Acquire-EHT_C1_60_1	489	16405	362.0	732.0	339.0	235.0
Acquire-EHT_C1_60_1	490	16436	362.0	731.0	339.0	236.0
Acquire-EHT_C1_60_1	491	16468	362.0	731.0	339.0	237.0
Acquire-EHT_C1_60_1	492	16499	362.0	730.0	339.0	238.0
Acquire-EHT_C1_60_1	493	16546	362.0	730.0	339.0	238.0
Acquire-EHT_C1_60_1	494	16577	362.0	730.0	339.0	238.0
Acquire-EHT_C1_60_1	495	16608	362.0	730.0	339.0	238.0
Acquire-EHT_C1_60_1	496	16640	362.0	730.0	339.0	238.0
Acquire-EHT_C1_60_1	497	16671	362.0	731.0	339.0	237.0
Acquire-EHT_C1_60_1	498	16702	362.0	731.0	339.0	236.0
Acquire-EHT_C1_60_1	499	16733	362.0	732.0	339.0	235.0
Acquire-EHT_C1_60_1	500	16765	362.0	733.0	339.0	235.0
Acquire-EHT_C1_60_1	501	16811	362.0	733.0	339.0	235.0
Acquire-EHT_C1_60_1	502	16843	362.0	733.0	339.0	235.0
Acquire-EHT_C1_60_1	503	16874	362.0	733.0	339.0	234.0
Acquire-EHT_C1_60_1	504	16905	362.0	733.0	339.0	235.0
Acquire-EHT_C1_60_1	505	16936	362.0	733.0	339.0	235.0
Acquire-EHT_C1_60_1	506	16968	362.0	732.0	339.0	236.0
Acquire-EHT_C1_60_1	507	16999	362.0	731.0	339.0	237.0
Acquire-EHT_C1_60_1	508	17046	362.0	730.0	339.0	238.0
Acquire-EHT_C1_60_1	509	17077	362.0	730.0	339.0	238.0
Acquire-EHT_C1_60_1	510	17108	362.0	730.0	339.0	238.0
Acquire-EHT_C1_60_1	511	17140	362.0	730.0	339.0	238.0
Acquire-EHT_C1_60_1	512	17171	362.0	730.0	339.0	238.0
Acquire-EHT_C1_60_1	513	17202	362.0	731.0	339.0	237.0
Acquire-EHT_C1_60_1	514	17233	362.0	731.0	339.0	237.0
Acquire-EHT_C1_60_1	515	17265	362.0	732.0	339.0	236.0
Acquire-EHT_C1_60_1	516	17311	362.0	732.0	339.0	235.0
Acquire-EHT_C1_60_1	517	17343	362.0	733.0	339.0	235.0
Acquire-EHT_C1_60_1	518	17374	362.0	733.0	338.0	235.0
Acquire-EHT_C1_60_1	519	17405	362.0	733.0	339.0	235.0
Acquire-EHT_C1_60_1	520	17436	362.0	733.0	338.0	235.0
Acquire-EHT_C1_60_1	521	17468	362.0	733.0	339.0	235.0
Acquire-EHT_C1_60_1	522	17499	362.0	732.0	339.0	235.0
Acquire-EHT_C1_60_1	523	17546	362.0	731.0	339.0	237.0
Acquire-EHT_C1_60_1	524	17577	362.0	730.0	339.0	237.0
Acquire-EHT_C1_60_1	525	17608	362.0	730.0	339.0	238.0
Acquire-EHT_C1_60_1	526	17640	362.0	730.0	339.0	238.0
Acquire-EHT_C1_60_1	527	17671	362.0	730.0	339.0	238.0
Acquire-EHT_C1_60_1	528	17702	362.0	730.0	339.0	238.0
Acquire-EHT_C1_60_1	529	17733	362.0	730.0	339.0	238.0
Acquire-EHT_C1_60_1	530	17765	362.0	731.0	339.0	237.0
Acquire-EHT_C1_60_1	531	17811	362.0	732.0	339.0	236.0
Acquire-EHT_C1_60_1	532	17843	362.0	732.0	339.0	235.0
Acquire-EHT_C1_60_1	533	17874	362.0	733.0	339.0	235.0
Acquire-EHT_C1_60_1	534	17905	362.0	733.0	339.0	235.0
Acquire-EHT_C1_60_1	535	17936	362.0	733.0	339.0	235.0
Acquire-EHT_C1_60_1	536	17968	362.0	733.0	339.0	234.0
Acquire-EHT_C1_60_1	537	17999	362.0	733.0	339.0	235.0
Acquire-EHT_C1_60_1	538	18046	362.0	733.0	339.0	235.0
Acquire-EHT_C1_60_1	539	18077	362.0	732.0	339.0	236.0
Acquire-EHT_C1_60_1	540	18108	362.0	731.0	339.0	237.0
Acquire-EHT_C1_60_1	541	18140	362.0	730.0	339.0	238.0
Acquire-EHT_C1_60_1	542	18171	362.0	730.0	339.0	238.0
Acquire-EHT_C1_60_1	543	18202	362.0	730.0	339.0	238.0
Acquire-EHT_C1_60_1	544	18233	362.0	730.0	339.0	238.0
Acquire-EHT_C1_60_1	545	18264	362.0	730.0	339.0	238.0
Acquire-EHT_C1_60_1	546	18311	362.0	730.0	339.0	238.0
Acquire-EHT_C1_60_1	547	18343	362.0	731.0	339.0	237.0
Acquire-EHT_C1_60_1	548	18374	362.0	732.0	339.0	236.0
Acquire-EHT_C1_60_1	549	18405	362.0	732.0	339.0	235.0
Acquire-EHT_C1_60_1	550	18436	362.0	733.0	339.0	235.0
Acquire-EHT_C1_60_1	551	18468	362.0	733.0	339.0	235.0
Acquire-EHT_C1_60_1	552	18499	362.0	733.0	339.0	235.0
Acquire-EHT_C1_60_1	553	18546	362.0	733.0	339.0	234.0
Acquire-EHT_C1_60_1	554	18577	362.0	733.0	339.0	235.0
Acquire-EHT_C1_60_1	555	18608	362.0	732.0	339.0	235.0
Acquire-EHT_C1_60_1	556	18639	362.0	731.0	339.0	236.0
Acquire-EHT_C1_60_1	557	18671	362.0	730.0	339.0	237.0
Acquire-EHT_C1_60_1	558	18702	362.0	730.0	339.0	238.0
Acquire-EHT_C1_60_1	559	18733	362.0	730.0	339.0	238.0
Acquire-EHT_C1_60_1	560	18764	362.0	730.0	339.0	238.0
Acquire-EHT_C1_60_1	561	18811	362.0	730.0	339.0	238.0
Acquire-EHT_C1_60_1	562	18843	362.0	730.0	339.0	238.0
Acquire-EHT_C1_60_1	563	18874	362.0	731.0	339.0	237.0
Acquire-EHT_C1_60_1	564	18905	362.0	731.0	339.0	236.0
Acquire-EHT_C1_60_1	565	18936	362.0	732.0	339.0	235.0
Acquire-EHT_C1_60_1	566	18968	362.0	732.0	339.0	235.0
Acquire-EHT_C1_60_1	567	18999	362.0	733.0	339.0	235.0
Acquire-EHT_C1_60_1	568	19046	362.0	733.0	339.0	235.0
Acquire-EHT_C1_60_1	569	19077	362.0	733.0	339.0	235.0
Acquire-EHT_C1_60_1	570	19108	362.0	733.0	339.0	235.0
Acquire-EHT_C1_60_1	571	19139	362.0	732.0	339.0	235.0
Acquire-EHT_C1_60_1	572	19171	362.0	732.0	339.0	236.0
Acquire-EHT_C1_60_1	573	19202	362.0	731.0	339.0	237.0
Acquire-EHT_C1_60_1	574	19233	362.0	730.0	339.0	238.0
Acquire-EHT_C1_60_1	575	19264	362.0	730.0	339.0	238.0
Acquire-EHT_C1_60_1	576	19311	362.0	730.0	339.0	238.0
Acquire-EHT_C1_60_1	577	19343	362.0	730.0	339.0	238.0
Acquire-EHT_C1_60_1	578	19374	362.0	730.0	339.0	238.0
Acquire-EHT_C1_60_1	579	19405	362.0	731.0	339.0	237.0
Acquire-EHT_C1_60_1	580	19436	362.0	731.0	339.0	237.0
Acquire-EHT_C1_60_1	581	19468	362.0	732.0	339.0	236.0
Acquire-EHT_C1_60_1	582	19499	362.0	732.0	339.0	235.0
Acquire-EHT_C1_60_1	583	19546	362.0	733.0	339.0	235.0
Acquire-EHT_C1_60_1	584	19577	362.0	733.0	338.0	235.0
Acquire-EHT_C1_60_1	585	19608	362.0	733.0	338.0	235.0
Acquire-EHT_C1_60_1	586	19639	362.0	733.0	339.0	235.0
Acquire-EHT_C1_60_1	587	19671	362.0	733.0	339.0	235.0
Acquire-EHT_C1_60_1	588	19702	362.0	732.0	338.0	236.0
Acquire-EHT_C1_60_1	589	19733	362.0	731.0	339.0	237.0
Acquire-EHT_C1_60_1	590	19764	362.0	730.0	339.0	237.0
Acquire-EHT_C1_60_1	591	19811	362.0	730.0	339.0	238.0
Acquire-EHT_C1_60_1	592	19843	362.0	730.0	339.0	238.0
Acquire-EHT_C1_60_1	593	19874	362.0	730.0	339.0	238.0
Acquire-EHT_C1_60_1	594	19905	362.0	730.0	339.0	238.0
Acquire-EHT_C1_60_1	595	19936	362.0	730.0	339.0	238.0
Acquire-EHT_C1_60_1	596	19967	362.0	731.0	339.0	237.0
Acquire-EHT_C1_60_1	597	19999	362.0	732.0	339.0	236.0
Acquire-EHT_C1_60_1	598	20046	362.0	732.0	339.0	235.0
Acquire-EHT_C1_60_1	599	20077	362.0	733.0	339.0	235.0
Acquire-EHT_C1_60_1	600	20108	362.0	733.0	339.0	235.0
Acquire-EHT_C1_60_1	601	20139	362.0	733.0	339.0	235.0
Acquire-EHT_C1_60_1	602	20171	362.0	733.0	339.0	235.0
Acquire-EHT_C1_60_1	603	20202	362.0	733.0	338.0	235.0
Acquire-EHT_C1_60_1	604	20233	362.0	732.0	339.0	235.0
Acquire-EHT_C1_60_1	605	20264	362.0	731.0	339.0	237.0
Acquire-EHT_C1_60_1	606	20311	362.0	731.0	339.0	237.0
Acquire-EHT_C1_60_1	607	20342	362.0	730.0	339.0	238.0
Acquire-EHT_C1_60_1	608	20374	362.0	730.0	339.0	238.0
Acquire-EHT_C1_60_1	609	20405	362.0	730.0	339.0	238.0
Acquire-EHT_C1_60_1	610	20436	362.0	730.0	339.0	238.0
Acquire-EHT_C1_60_1	611	20467	362.0	730.0	339.0	238.0
Acquire-EHT_C1_60_1	612	20499	362.0	731.0	339.0	237.0
Acquire-EHT_C1_60_1	613	20546	362.0	731.0	339.0	236.0
Acquire-EHT_C1_60_1	614	20577	362.0	732.0	339.0	235.0
Acquire-EHT_C1_60_1	615	20608	362.0	732.0	339.0	235.0
Acquire-EHT_C1_60_1	616	20639	362.0	733.0	339.0	235.0
Acquire-EHT_C1_60_1	617	20671	362.0	733.0	339.0	234.0
Acquire-EHT_C1_60_1	618	20702	362.0	733.0	339.0	235.0
Acquire-EHT_C1_60_1	619	20733	362.0	733.0	339.0	235.0
Acquire-EHT_C1_60_1	620	20764	362.0	732.0	339.0	236.0
Acquire-EHT_C1_60_1	621	20811	362.0	731.0	339.0	237.0
Acquire-EHT_C1_60_1	622	20842	362.0	730.0	339.0	237.0
Acquire-EHT_C1_60_1	623	20874	362.0	730.0	339.0	238.0
Acquire-EHT_C1_60_1	624	20905	362.0	730.0	339.0	238.0
Acquire-EHT_C1_60_1	625	20936	362.0	730.0	339.0	238.0
Acquire-EHT_C1_60_1	626	20967	362.0	730.0	339.0	238.0
Acquire-EHT_C1_60_1	627	20999	362.0	730.0	339.0	237.0
Acquire-EHT_C1_60_1	628	21046	362.0	731.0	339.0	236.0
Acquire-EHT_C1_60_1	629	21077	362.0	732.0	339.0	236.0
Acquire-EHT_C1_60_1	630	21108	362.0	732.0	339.0	235.0
Acquire-EHT_C1_60_1	631	21139	362.0	733.0	339.0	235.0
Acquire-EHT_C1_60_1	632	21171	362.0	733.0	339.0	235.0
Acquire-EHT_C1_60_1	633	21202	362.0	733.0	339.0	234.0
Acquire-EHT_C1_60_1	634	21233	362.0	733.0	339.0	234.0
Acquire-EHT_C1_60_1	635	21264	362.0	733.0	339.0	235.0
Acquire-EHT_C1_60_1	636	21311	362.0	732.0	339.0	235.0
Acquire-EHT_C1_60_1	637	21342	362.0	731.0	339.0	236.0
Acquire-EHT_C1_60_1	638	21374	362.0	731.0	339.0	238.0
Acquire-EHT_C1_60_1	639	21405	362.0	730.0	339.0	238.0
Acquire-EHT_C1_60_1	640	21436	362.0	730.0	339.0	238.0
Acquire-EHT_C1_60_1	641	21467	362.0	730.0	339.0	238.0
Acquire-EHT_C1_60_1	642	21499	362.0	730.0	339.0	238.0
Acquire-EHT_C1_60_1	643	21546	362.0	730.0	339.0	238.0
Acquire-EHT_C1_60_1	644	21577	362.0	731.0	339.0	237.0
Acquire-EHT_C1_60_1	645	21608	362.0	732.0	339.0	236.0
Acquire-EHT_C1_60_1	646	21639	362.0	732.0	339.0	235.0
Acquire-EHT_C1_60_1	647	21671	362.0	733.0	339.0	235.0
Acquire-EHT_C1_60_1	648	21702	362.0	733.0	339.0	235.0
Acquire-EHT_C1_60_1	649	21733	362.0	733.0	339.0	235.0
Acquire-EHT_C1_60_1	650	21764	362.0	733.0	339.0	235.0
Acquire-EHT_C1_60_1	651	21811	362.0	733.0	339.0	234.0
Acquire-EHT_C1_60_1	652	21842	362.0	733.0	339.0	235.0
Acquire-EHT_C1_60_1	653	21874	362.0	732.0	339.0	235.0
Acquire-EHT_C1_60_1	654	21905	362.0	731.0	339.0	237.0
Acquire-EHT_C1_60_1	655	21936	362.0	730.0	339.0	238.0
Acquire-EHT_C1_60_1	656	21967	362.0	730.0	339.0	238.0
Acquire-EHT_C1_60_1	657	21999	362.0	730.0	339.0	238.0
Acquire-EHT_C1_60_1	658	22045	362.0	730.0	339.0	238.0
Acquire-EHT_C1_60_1	659	22077	362.0	730.0	339.0	238.0
Acquire-EHT_C1_60_1	660	22108	362.0	730.0	339.0	238.0
Acquire-EHT_C1_60_1	661	22139	362.0	731.0	339.0	237.0
Acquire-EHT_C1_60_1	662	22170	362.0	732.0	339.0	236.0
Acquire-EHT_C1_60_1	663	22202	362.0	732.0	339.0	235.0
Acquire-EHT_C1_60_1	664	22233	362.0	732.0	339.0	235.0
Acquire-EHT_C1_60_1	665	22264	362.0	733.0	338.0	235.0
Acquire-EHT_C1_60_1	666	22311	362.0	733.0	339.0	234.0
Acquire-EHT_C1_60_1	667	22342	362.0	733.0	339.0	235.0
Acquire-EHT_C1_60_1	668	22374	362.0	733.0	339.0	235.0
Acquire-EHT_C1_60_1	669	22405	362.0	733.0	339.0	235.0
Acquire-EHT_C1_60_1	670	22436	362.0	732.0	339.0	236.0
Acquire-EHT_C1_60_1	671	22467	362.0	731.0	339.0	237.0
Acquire-EHT_C1_60_1	672	22499	362.0	730.0	339.0	238.0
Acquire-EHT_C1_60_1	673	22545	362.0	730.0	339.0	238.0
Acquire-EHT_C1_60_1	674	22577	362.0	730.0	339.0	238.0
Acquire-EHT_C1_60_1	675	22608	362.0	730.0	339.0	238.0
Acquire-EHT_C1_60_1	676	22639	362.0	730.0	339.0	238.0
Acquire-EHT_C1_60_1	677	22670	362.0	730.0	339.0	237.0
Acquire-EHT_C1_60_1	678	22702	362.0	731.0	339.0	237.0
Acquire-EHT_C1_60_1	679	22733	362.0	732.0	339.0	236.0
Acquire-EHT_C1_60_1	680	22764	362.0	733.0	339.0	235.0
Acquire-EHT_C1_60_1	681	22811	362.0	733.0	339.0	235.0
Acquire-EHT_C1_60_1	682	22842	362.0	733.0	339.0	235.0
Acquire-EHT_C1_60_1	683	22874	362.0	733.0	339.0	235.0
Acquire-EHT_C1_60_1	684	22905	362.0	733.0	339.0	234.0
Acquire-EHT_C1_60_1	685	22936	362.0	733.0	339.0	235.0
Acquire-EHT_C1_60_1	686	22967	362.0	732.0	339.0	235.0
Acquire-EHT_C1_60_1	687	22999	362.0	731.0	339.0	237.0
Acquire-EHT_C1_60_1	688	23045	362.0	730.0	339.0	237.0
Acquire-EHT_C1_60_1	689	23077	362.0	730.0	339.0	238.0
Acquire-EHT_C1_60_1	690	23108	362.0	730.0	339.0	238.0
Acquire-EHT_C1_60_1	691	23139	362.0	730.0	339.0	238.0
Acquire-EHT_C1_60_1	692	23170	362.0	730.0	339.0	238.0
Acquire-EHT_C1_60_1	693	23202	362.0	730.0	339.0	238.0
Acquire-EHT_C1_60_1	694	23233	362.0	731.0	339.0	237.0
Acquire-EHT_C1_60_1	695	23264	362.0	732.0	339.0	236.0
Acquire-EHT_C1_60_1	696	23311	362.0	732.0	339.0	235.0
Acquire-EHT_C1_60_1	697	23342	362.0	733.0	339.0	235.0
Acquire-EHT_C1_60_1	698	23374	362.0	733.0	339.0	235.0
Acquire-EHT_C1_60_1	699	23405	362.0	733.0	339.0	235.0
Acquire-EHT_C1_60_1	700	23436	362.0	733.0	339.0	235.0
Acquire-EHT_C1_60_1	701	23467	362.0	733.0	339.0	234.0
Acquire-EHT_C1_60_1	702	23499	362.0	733.0	339.0	235.0
Acquire-EHT_C1_60_1	703	23545	362.0	731.0	339.0	236.0
Acquire-EHT_C1_60_1	704	23577	362.0	731.0	339.0	237.0
Acquire-EHT_C1_60_1	705	23608	362.0	730.0	339.0	238.0
Acquire-EHT_C1_60_1	706	23639	362.0	730.0	339.0	238.0
Acquire-EHT_C1_60_1	707	23670	362.0	730.0	339.0	238.0
Acquire-EHT_C1_60_1	708	23702	362.0	730.0	339.0	238.0
Acquire-EHT_C1_60_1	709	23733	362.0	730.0	339.0	238.0
Acquire-EHT_C1_60_1	710	23764	362.0	730.0	339.0	237.0
Acquire-EHT_C1_60_1	711	23811	362.0	731.0	339.0	237.0
Acquire-EHT_C1_60_1	712	23842	362.0	732.0	339.0	235.0
Acquire-EHT_C1_60_1	713	23873	362.0	733.0	339.0	235.0
Acquire-EHT_C1_60_1	714	23905	362.0	732.0	339.0	234.0
Acquire-EHT_C1_60_1	715	23936	362.0	733.0	339.0	235.0
Acquire-EHT_C1_60_1	716	23967	362.0	733.0	339.0	235.0
Acquire-EHT_C1_60_1	717	23998	362.0	733.0	339.0	235.0
Acquire-EHT_C1_60_1	718	24045	362.0	732.0	339.0	236.0
Acquire-EHT_C1_60_1	719	24077	362.0	731.0	339.0	237.0
Acquire-EHT_C1_60_1	720	24108	362.0	731.0	339.0	238.0
Acquire-EHT_C1_60_1	721	24139	362.0	730.0	339.0	238.0
Acquire-EHT_C1_60_1	722	24170	362.0	730.0	339.0	238.0
Acquire-EHT_C1_60_1	723	24202	362.0	730.0	339.0	238.0
Acquire-EHT_C1_60_1	724	24233	362.0	730.0	339.0	238.0
Acquire-EHT_C1_60_1	725	24264	362.0	730.0	339.0	237.0
Acquire-EHT_C1_60_1	726	24311	362.0	731.0	339.0	237.0
Acquire-EHT_C1_60_1	727	24342	362.0	732.0	338.0	236.0
Acquire-EHT_C1_60_1	728	24373	362.0	733.0	339.0	235.0
Acquire-EHT_C1_60_1	729	24405	362.0	733.0	339.0	235.0
Acquire-EHT_C1_60_1	730	24436	362.0	733.0	339.0	235.0
Acquire-EHT_C1_60_1	731	24467	362.0	733.0	339.0	235.0
Acquire-EHT_C1_60_1	732	24498	362.0	733.0	339.0	235.0
Acquire-EHT_C1_60_1	733	24545	362.0	732.0	339.0	235.0
Acquire-EHT_C1_60_1	734	24577	362.0	732.0	339.0	236.0
Acquire-EHT_C1_60_1	735	24608	362.0	731.0	339.0	237.0
Acquire-EHT_C1_60_1	736	24639	362.0	730.0	339.0	238.0
Acquire-EHT_C1_60_1	737	24670	362.0	730.0	339.0	238.0
Acquire-EHT_C1_60_1	738	24702	362.0	730.0	339.0	238.0
Acquire-EHT_C1_60_1	739	24733	362.0	730.0	339.0	238.0
Acquire-EHT_C1_60_1	740	24780	362.0	730.0	339.0	238.0
Acquire-EHT_C1_60_1	741	24811	362.0	731.0	339.0	237.0
Acquire-EHT_C1_60_1	742	24842	362.0	731.0	339.0	237.0
Acquire-EHT_C1_60_1	743	24873	362.0	732.0	339.0	236.0
Acquire-EHT_C1_60_1	744	24905	362.0	732.0	339.0	235.0
Acquire-EHT_C1_60_1	745	24936	362.0	733.0	339.0	235.0
Acquire-EHT_C1_60_1	746	24967	362.0	733.0	339.0	235.0
Acquire-EHT_C1_60_1	747	24998	362.0	733.0	339.0	234.0
Acquire-EHT_C1_60_1	748	25045	362.0	733.0	339.0	235.0
Acquire-EHT_C1_60_1	749	25077	362.0	733.0	339.0	235.0
Acquire-EHT_C1_60_1	750	25108	362.0	732.0	339.0	235.0
Acquire-EHT_C1_60_1	751	25139	362.0	731.0	339.0	236.0
Acquire-EHT_C1_60_1	752	25170	362.0	731.0	339.0	237.0
Acquire-EHT_C1_60_1	753	25202	362.0	730.0	339.0	238.0
Acquire-EHT_C1_60_1	754	25233	362.0	730.0	339.0	238.0
Acquire-EHT_C1_60_1	755	25280	362.0	730.0	339.0	238.0
Acquire-EHT_C1_60_1	756	25311	362.0	730.0	339.0	238.0
Acquire-EHT_C1_60_1	757	25342	362.0	730.0	339.0	238.0
Acquire-EHT_C1_60_1	758	25373	362.0	731.0	339.0	237.0
Acquire-EHT_C1_60_1	759	25405	362.0	731.0	339.0	236.0
Acquire-EHT_C1_60_1	760	25436	362.0	732.0	339.0	235.0
Acquire-EHT_C1_60_1	761	25467	362.0	732.0	339.0	235.0
Acquire-EHT_C1_60_1	762	25498	362.0	733.0	339.0	235.0
Acquire-EHT_C1_60_1	763	25545	362.0	733.0	339.0	235.0
Acquire-EHT_C1_60_1	764	25576	362.0	733.0	339.0	234.0
Acquire-EHT_C1_60_1	765	25608	362.0	733.0	339.0	235.0
Acquire-EHT_C1_60_1	766	25639	362.0	732.0	339.0	235.0
Acquire-EHT_C1_60_1	767	25670	362.0	731.0	339.0	236.0
Acquire-EHT_C1_60_1	768	25701	362.0	731.0	339.0	237.0
Acquire-EHT_C1_60_1	769	25733	362.0	730.0	339.0	238.0
Acquire-EHT_C1_60_1	770	25780	362.0	730.0	339.0	238.0
Acquire-EHT_C1_60_1	771	25811	362.0	730.0	339.0	238.0
Acquire-EHT_C1_60_1	772	25842	362.0	730.0	339.0	238.0
Acquire-EHT_C1_60_1	773	25873	362.0	730.0	339.0	238.0
Acquire-EHT_C1_60_1	774	25905	362.0	731.0	339.0	237.0
Acquire-EHT_C1_60_1	775	25936	362.0	732.0	339.0	237.0
Acquire-EHT_C1_60_1	776	25967	362.0	732.0	339.0	235.0
Acquire-EHT_C1_60_1	777	25998	362.0	733.0	339.0	235.0
Acquire-EHT_C1_60_1	778	26045	362.0	733.0	339.0	235.0
Acquire-EHT_C1_60_1	779	26076	362.0	733.0	339.0	235.0
Acquire-EHT_C1_60_1	780	26108	362.0	733.0	339.0	235.0
Acquire-EHT_C1_60_1	781	26139	362.0	733.0	339.0	235.0
Acquire-EHT_C1_60_1	782	26170	362.0	733.0	338.0	235.0
Acquire-EHT_C1_60_1	783	26201	362.0	732.0	339.0	235.0
Acquire-EHT_C1_60_1	784	26233	362.0	731.0	339.0	237.0
Acquire-EHT_C1_60_1	785	26280	362.0	730.0	339.0	237.0
Acquire-EHT_C1_60_1	786	26311	362.0	730.0	339.0	238.0
Acquire-EHT_C1_60_1	787	26342	362.0	730.0	339.0	238.0
Acquire-EHT_C1_60_1	788	26373	362.0	730.0	339.0	238.0
Acquire-EHT_C1_60_1	789	26405	362.0	730.0	339.0	238.0
Acquire-EHT_C1_60_1	790	26436	362.0	730.0	339.0	238.0
Acquire-EHT_C1_60_1	791	26467	362.0	731.0	339.0	237.0
Acquire-EHT_C1_60_1	792	26498	362.0	732.0	339.0	236.0
Acquire-EHT_C1_60_1	793	26545	362.0	732.0	339.0	235.0
Acquire-EHT_C1_60_1	794	26576	362.0	733.0	339.0	235.0
Acquire-EHT_C1_60_1	795	26608	362.0	733.0	339.0	235.0
Acquire-EHT_C1_60_1	796	26639	362.0	733.0	339.0	235.0
Acquire-EHT_C1_60_1	797	26670	362.0	733.0	339.0	235.0
Acquire-EHT_C1_60_1	798	26701	362.0	733.0	339.0	235.0
Acquire-EHT_C1_60_1	799	26733	362.0	733.0	339.0	235.0
Acquire-EHT_C1_60_1	800	26780	362.0	732.0	339.0	236.0
Acquire-EHT_C1_60_1	801	26811	362.0	731.0	339.0	237.0
Acquire-EHT_C1_60_1	802	26842	362.0	730.0	339.0	238.0
Acquire-EHT_C1_60_1	803	26873	362.0	730.0	339.0	238.0
Acquire-EHT_C1_60_1	804	26905	362.0	730.0	339.0	238.0
Acquire-EHT_C1_60_1	805	26936	362.0	730.0	339.0	238.0
Acquire-EHT_C1_60_1	806	26967	362.0	730.0	339.0	238.0
Acquire-EHT_C1_60_1	807	26998	362.0	730.0	339.0	238.0
Acquire-EHT_C1_60_1	808	27045	362.0	731.0	339.0	237.0
Acquire-EHT_C1_60_1	809	27076	362.0	732.0	339.0	236.0
Acquire-EHT_C1_60_1	810	27108	362.0	732.0	339.0	235.0
Acquire-EHT_C1_60_1	811	27139	362.0	733.0	339.0	235.0
Acquire-EHT_C1_60_1	812	27170	362.0	733.0	339.0	235.0
Acquire-EHT_C1_60_1	813	27201	362.0	733.0	339.0	234.0
Acquire-EHT_C1_60_1	814	27233	362.0	733.0	339.0	235.0
Acquire-EHT_C1_60_1	815	27280	362.0	733.0	339.0	235.0
Acquire-EHT_C1_60_1	816	27311	362.0	732.0	339.0	235.0
Acquire-EHT_C1_60_1	817	27342	362.0	732.0	339.0	236.0
Acquire-EHT_C1_60_1	818	27373	362.0	731.0	339.0	237.0
Acquire-EHT_C1_60_1	819	27404	362.0	730.0	339.0	238.0
Acquire-EHT_C1_60_1	820	27436	362.0	730.0	339.0	238.0
Acquire-EHT_C1_60_1	821	27467	362.0	730.0	339.0	238.0
Acquire-EHT_C1_60_1	822	27498	362.0	730.0	339.0	238.0
Acquire-EHT_C1_60_1	823	27545	362.0	730.0	339.0	238.0
Acquire-EHT_C1_60_1	824	27576	362.0	730.0	339.0	237.0
Acquire-EHT_C1_60_1	825	27608	362.0	732.0	339.0	235.0
Acquire-EHT_C1_60_1	826	27639	362.0	732.0	339.0	235.0
Acquire-EHT_C1_60_1	827	27701	362.0	733.0	339.0	235.0
Acquire-EHT_C1_60_1	828	27733	362.0	733.0	339.0	235.0
Acquire-EHT_C1_60_1	829	27779	362.0	733.0	339.0	234.0
Acquire-EHT_C1_60_1	830	27811	362.0	733.0	339.0	234.0
Acquire-EHT_C1_60_1	831	27842	362.0	733.0	339.0	235.0
Acquire-EHT_C1_60_1	832	27873	362.0	732.0	339.0	236.0
Acquire-EHT_C1_60_1	833	27904	362.0	731.0	339.0	237.0
Acquire-EHT_C1_60_1	834	27936	362.0	730.0	339.0	238.0
Acquire-EHT_C1_60_1	835	27967	362.0	730.0	339.0	238.0
Acquire-EHT_C1_60_1	836	27998	362.0	730.0	339.0	238.0
Acquire-EHT_C1_60_1	837	28045	362.0	730.0	339.0	238.0
Acquire-EHT_C1_60_1	838	28076	362.0	730.0	339.0	238.0
Acquire-EHT_C1_60_1	839	28108	362.0	730.0	339.0	238.0
Acquire-EHT_C1_60_1	840	28139	362.0	731.0	339.0	237.0
Acquire-EHT_C1_60_1	841	28170	362.0	732.0	339.0	236.0
Acquire-EHT_C1_60_1	842	28201	362.0	732.0	339.0	235.0
Acquire-EHT_C1_60_1	843	28233	362.0	733.0	339.0	235.0
Acquire-EHT_C1_60_1	844	28279	362.0	733.0	339.0	235.0
Acquire-EHT_C1_60_1	845	28311	362.0	733.0	339.0	235.0
Acquire-EHT_C1_60_1	846	28342	362.0	733.0	339.0	235.0
Acquire-EHT_C1_60_1	847	28373	362.0	732.0	338.0	235.0
Acquire-EHT_C1_60_1	848	28404	362.0	732.0	339.0	236.0
Acquire-EHT_C1_60_1	849	28436	362.0	731.0	339.0	237.0
Acquire-EHT_C1_60_1	850	28467	362.0	730.0	339.0	238.0
Acquire-EHT_C1_60_1	851	28498	362.0	730.0	339.0	238.0
Acquire-EHT_C1_60_1	852	28545	362.0	730.0	339.0	238.0
Acquire-EHT_C1_60_1	853	28576	362.0	730.0	339.0	238.0
Acquire-EHT_C1_60_1	854	28608	362.0	730.0	339.0	238.0
Acquire-EHT_C1_60_1	855	28639	362.0	731.0	339.0	237.0
Acquire-EHT_C1_60_1	856	28670	362.0	731.0	339.0	236.0
Acquire-EHT_C1_60_1	857	28701	362.0	732.0	339.0	236.0
Acquire-EHT_C1_60_1	858	28733	362.0	732.0	339.0	235.0
Acquire-EHT_C1_60_1	859	28779	362.0	733.0	339.0	235.0
Acquire-EHT_C1_60_1	860	28811	362.0	733.0	338.0	235.0
Acquire-EHT_C1_60_1	861	28842	362.0	733.0	339.0	235.0
Acquire-EHT_C1_60_1	862	28873	362.0	733.0	339.0	234.0
Acquire-EHT_C1_60_1	863	28904	362.0	733.0	339.0	235.0
Acquire-EHT_C1_60_1	864	28936	362.0	732.0	339.0	235.0
Acquire-EHT_C1_60_1	865	28967	362.0	731.0	339.0	237.0
Acquire-EHT_C1_60_1	866	28998	362.0	730.0	339.0	237.0
Acquire-EHT_C1_60_1	867	29045	362.0	730.0	339.0	238.0
Acquire-EHT_C1_60_1	868	29076	362.0	730.0	339.0	238.0
Acquire-EHT_C1_60_1	869	29107	362.0	730.0	339.0	238.0
Acquire-EHT_C1_60_1	870	29139	362.0	730.0	339.0	238.0
Acquire-EHT_C1_60_1	871	29170	362.0	730.0	339.0	238.0
Acquire-EHT_C1_60_1	872	29201	362.0	731.0	339.0	237.0
Acquire-EHT_C1_60_1	873	29232	362.0	731.0	339.0	236.0
Acquire-EHT_C1_60_1	874	29279	362.0	732.0	339.0	235.0
Acquire-EHT_C1_60_1	875	29311	362.0	732.0	339.0	235.0
Acquire-EHT_C1_60_1	876	29342	362.0	733.0	339.0	235.0
Acquire-EHT_C1_60_1	877	29373	362.0	733.0	339.0	234.0
Acquire-EHT_C1_60_1	878	29404	362.0	733.0	339.0	234.0
Acquire-EHT_C1_60_1	879	29436	362.0	733.0	339.0	235.0
Acquire-EHT_C1_60_1	880	29467	362.0	732.0	339.0	236.0
Acquire-EHT_C1_60_1	881	29498	362.0	731.0	339.0	237.0
Acquire-EHT_C1_60_1	882	29545	362.0	730.0	339.0	238.0
Acquire-EHT_C1_60_1	883	29576	362.0	730.0	339.0	238.0
Acquire-EHT_C1_60_1	884	29607	362.0	730.0	339.0	238.0
Acquire-EHT_C1_60_1	885	29639	362.0	730.0	339.0	238.0
Acquire-EHT_C1_60_1	886	29670	362.0	730.0	339.0	238.0
Acquire-EHT_C1_60_1	887	29701	362.0	731.0	339.0	237.0
Acquire-EHT_C1_60_1	888	29732	362.0	731.0	339.0	236.0
Acquire-EHT_C1_60_1	889	29779	362.0	732.0	339.0	235.0
Acquire-EHT_C1_60_1	890	29811	362.0	733.0	339.0	235.0
Acquire-EHT_C1_60_1	891	29842	362.0	733.0	339.0	235.0
Acquire-EHT_C1_60_1	892	29873	362.0	733.0	339.0	235.0
Acquire-EHT_C1_60_1	893	29904	362.0	733.0	339.0	235.0
Acquire-EHT_C1_60_1	894	29936	362.0	733.0	339.0	234.0
Acquire-EHT_C1_60_1	895	29967	362.0	733.0	339.0	235.0
Acquire-EHT_C1_60_1	896	29998	362.0	732.0	339.0	236.0
Acquire-EHT_C1_60_1	897	30045	0	0	0	0
Acquire-EHT_C3_60_1	0	0	242.0	168.0	264.0	632.0
Acquire-EHT_C3_60_1	1	15	242.0	168.0	264.0	632.0
Acquire-EHT_C3_60_1	2	47	242.0	168.0	264.0	632.0
Acquire-EHT_C3_60_1	3	78	242.0	168.0	264.0	632.0
Acquire-EHT_C3_60_1	4	109	242.0	168.0	264.0	632.0
Acquire-EHT_C3_60_1	5	140	242.0	169.0	264.0	631.0
Acquire-EHT_C3_60_1	6	172	243.0	170.0	265.0	629.0
Acquire-EHT_C3_60_1	7	218	243.0	171.0	264.0	629.0
Acquire-EHT_C3_60_1	8	250	242.0	172.0	264.0	628.0
Acquire-EHT_C3_60_1	9	281	243.0	172.0	264.0	629.0
Acquire-EHT_C3_60_1	10	312	243.0	171.0	264.0	628.0
Acquire-EHT_C3_60_1	11	343	243.0	172.0	264.0	629.0
Acquire-EHT_C3_60_1	12	375	243.0	171.0	264.0	629.0
Acquire-EHT_C3_60_1	13	406	243.0	170.0	264.0	630.0
Acquire-EHT_C3_60_1	14	437	242.0	168.0	264.0	631.0
Acquire-EHT_C3_60_1	15	484	242.0	168.0	264.0	632.0
Acquire-EHT_C3_60_1	16	515	242.0	168.0	264.0	632.0
Acquire-EHT_C3_60_1	17	546	242.0	168.0	264.0	632.0
Acquire-EHT_C3_60_1	18	578	242.0	168.0	264.0	632.0
Acquire-EHT_C3_60_1	19	609	242.0	168.0	264.0	632.0
Acquire-EHT_C3_60_1	20	640	242.0	168.0	264.0	632.0
Acquire-EHT_C3_60_1	21	671	242.0	168.0	264.0	632.0
Acquire-EHT_C3_60_1	22	718	242.0	168.0	264.0	632.0
Acquire-EHT_C3_60_1	23	750	242.0	168.0	264.0	632.0
Acquire-EHT_C3_60_1	24	781	242.0	168.0	264.0	632.0
Acquire-EHT_C3_60_1	25	812	242.0	168.0	264.0	632.0
Acquire-EHT_C3_60_1	26	843	242.0	168.0	264.0	632.0
Acquire-EHT_C3_60_1	27	875	242.0	168.0	264.0	631.0
Acquire-EHT_C3_60_1	28	906	242.0	169.0	264.0	631.0
Acquire-EHT_C3_60_1	29	937	243.0	170.0	264.0	629.0
Acquire-EHT_C3_60_1	30	984	243.0	171.0	264.0	629.0
Acquire-EHT_C3_60_1	31	1015	243.0	172.0	264.0	628.0
Acquire-EHT_C3_60_1	32	1046	243.0	171.0	264.0	628.0
Acquire-EHT_C3_60_1	33	1078	243.0	171.0	264.0	629.0
Acquire-EHT_C3_60_1	34	1109	243.0	171.0	264.0	629.0
Acquire-EHT_C3_60_1	35	1140	243.0	171.0	263.0	630.0
Acquire-EHT_C3_60_1	36	1171	242.0	168.0	264.0	630.0
Acquire-EHT_C3_60_1	37	1218	242.0	168.0	264.0	631.0
Acquire-EHT_C3_60_1	38	1250	242.0	168.0	264.0	632.0
Acquire-EHT_C3_60_1	39	1281	242.0	168.0	264.0	632.0
Acquire-EHT_C3_60_1	40	1312	242.0	168.0	264.0	632.0
Acquire-EHT_C3_60_1	41	1343	242.0	168.0	264.0	632.0
Acquire-EHT_C3_60_1	42	1375	242.0	168.0	264.0	632.0
Acquire-EHT_C3_60_1	43	1406	242.0	168.0	264.0	632.0
Acquire-EHT_C3_60_1	44	1437	242.0	168.0	264.0	632.0
Acquire-EHT_C3_60_1	45	1484	242.0	168.0	264.0	632.0
Acquire-EHT_C3_60_1	46	1515	242.0	168.0	264.0	632.0
Acquire-EHT_C3_60_1	47	1546	242.0	168.0	264.0	632.0
Acquire-EHT_C3_60_1	48	1578	242.0	168.0	264.0	632.0
Acquire-EHT_C3_60_1	49	1609	242.0	168.0	264.0	632.0
Acquire-EHT_C3_60_1	50	1640	242.0	168.0	264.0	631.0
Acquire-EHT_C3_60_1	51	1671	242.0	169.0	264.0	630.0
Acquire-EHT_C3_60_1	52	1718	243.0	170.0	264.0	629.0
Acquire-EHT_C3_60_1	53	1750	243.0	171.0	264.0	629.0
Acquire-EHT_C3_60_1	54	1781	243.0	171.0	264.0	628.0
Acquire-EHT_C3_60_1	55	1812	243.0	171.0	264.0	628.0
Acquire-EHT_C3_60_1	56	1843	243.0	171.0	264.0	628.0
Acquire-EHT_C3_60_1	57	1875	243.0	171.0	264.0	629.0
Acquire-EHT_C3_60_1	58	1906	243.0	170.0	263.0	629.0
Acquire-EHT_C3_60_1	59	1937	242.0	169.0	264.0	631.0
Acquire-EHT_C3_60_1	60	1984	242.0	168.0	264.0	631.0
Acquire-EHT_C3_60_1	61	2015	242.0	168.0	264.0	632.0
Acquire-EHT_C3_60_1	62	2046	242.0	168.0	264.0	632.0
Acquire-EHT_C3_60_1	63	2078	242.0	168.0	264.0	632.0
Acquire-EHT_C3_60_1	64	2109	242.0	168.0	264.0	632.0
Acquire-EHT_C3_60_1	65	2140	242.0	168.0	264.0	632.0
Acquire-EHT_C3_60_1	66	2171	242.0	168.0	264.0	632.0
Acquire-EHT_C3_60_1	67	2218	242.0	168.0	264.0	632.0
Acquire-EHT_C3_60_1	68	2249	242.0	168.0	264.0	632.0
Acquire-EHT_C3_60_1	69	2281	242.0	168.0	264.0	632.0
Acquire-EHT_C3_60_1	70	2312	242.0	168.0	264.0	632.0
Acquire-EHT_C3_60_1	71	2343	242.0	168.0	264.0	631.0
Acquire-EHT_C3_60_1	72	2374	242.0	169.0	264.0	630.0
Acquire-EHT_C3_60_1	73	2406	243.0	171.0	264.0	629.0
Acquire-EHT_C3_60_1	74	2437	243.0	171.0	264.0	629.0
Acquire-EHT_C3_60_1	75	2484	243.0	171.0	264.0	628.0
Acquire-EHT_C3_60_1	76	2515	243.0	171.0	264.0	628.0
Acquire-EHT_C3_60_1	77	2546	243.0	171.0	264.0	629.0
Acquire-EHT_C3_60_1	78	2578	243.0	171.0	264.0	629.0
Acquire-EHT_C3_60_1	79	2609	242.0	169.0	263.0	630.0
Acquire-EHT_C3_60_1	80	2640	242.0	169.0	264.0	631.0
Acquire-EHT_C3_60_1	81	2671	242.0	168.0	264.0	631.0
Acquire-EHT_C3_60_1	82	2718	242.0	168.0	264.0	632.0
Acquire-EHT_C3_60_1	83	2749	242.0	168.0	264.0	632.0
Acquire-EHT_C3_60_1	84	2781	242.0	168.0	264.0	632.0
Acquire-EHT_C3_60_1	85	2812	242.0	168.0	264.0	632.0
Acquire-EHT_C3_60_1	86	2843	242.0	168.0	264.0	632.0
Acquire-EHT_C3_60_1	87	2874	242.0	168.0	264.0	632.0
Acquire-EHT_C3_60_1	88	2906	242.0	168.0	264.0	632.0
Acquire-EHT_C3_60_1	89	2937	242.0	168.0	264.0	632.0
Acquire-EHT_C3_60_1	90	2984	242.0	168.0	264.0	632.0
Acquire-EHT_C3_60_1	91	3015	242.0	168.0	264.0	632.0
Acquire-EHT_C3_60_1	92	3046	242.0	168.0	264.0	632.0
Acquire-EHT_C3_60_1	93	3078	242.0	168.0	264.0	631.0
Acquire-EHT_C3_60_1	94	3109	242.0	169.0	264.0	630.0
Acquire-EHT_C3_60_1	95	3140	243.0	171.0	264.0	629.0
Acquire-EHT_C3_60_1	96	3171	243.0	171.0	264.0	628.0
Acquire-EHT_C3_60_1	97	3218	243.0	172.0	264.0	628.0
Acquire-EHT_C3_60_1	98	3249	243.0	172.0	264.0	628.0
Acquire-EHT_C3_60_1	99	3281	243.0	172.0	264.0	628.0
Acquire-EHT_C3_60_1	100	3312	243.0	171.0	263.0	629.0
Acquire-EHT_C3_60_1	101	3343	242.0	169.0	264.0	630.0
Acquire-EHT_C3_60_1	102	3374	242.0	169.0	264.0	631.0
Acquire-EHT_C3_60_1	103	3406	242.0	168.0	264.0	631.0
Acquire-EHT_C3_60_1	104	3437	242.0	168.0	264.0	631.0
Acquire-EHT_C3_60_1	105	3484	242.0	168.0	264.0	632.0
Acquire-EHT_C3_60_1	106	3515	242.0	168.0	264.0	632.0
Acquire-EHT_C3_60_1	107	3546	242.0	168.0	264.0	632.0
Acquire-EHT_C3_60_1	108	3578	242.0	168.0	264.0	632.0
Acquire-EHT_C3_60_1	109	3609	242.0	168.0	264.0	632.0
Acquire-EHT_C3_60_1	110	3640	242.0	168.0	264.0	632.0
Acquire-EHT_C3_60_1	111	3671	242.0	168.0	264.0	632.0
Acquire-EHT_C3_60_1	112	3718	242.0	168.0	264.0	632.0
Acquire-EHT_C3_60_1	113	3749	242.0	168.0	264.0	632.0
Acquire-EHT_C3_60_1	114	3781	242.0	168.0	264.0	632.0
Acquire-EHT_C3_60_1	115	3812	242.0	168.0	264.0	632.0
Acquire-EHT_C3_60_1	116	3843	242.0	169.0	264.0	630.0
Acquire-EHT_C3_60_1	117	3874	243.0	171.0	264.0	629.0
Acquire-EHT_C3_60_1	118	4109	242.0	169.0	264.0	630.0
Acquire-EHT_C3_60_1	119	4140	242.0	169.0	264.0	631.0
Acquire-EHT_C3_60_1	120	4171	242.0	168.0	264.0	632.0
Acquire-EHT_C3_60_1	121	4218	242.0	168.0	264.0	632.0
Acquire-EHT_C3_60_1	122	4249	242.0	168.0	264.0	632.0
Acquire-EHT_C3_60_1	123	4281	242.0	168.0	264.0	632.0
Acquire-EHT_C3_60_1	124	4312	242.0	168.0	264.0	632.0
Acquire-EHT_C3_60_1	125	4343	242.0	168.0	264.0	632.0
Acquire-EHT_C3_60_1	126	4374	242.0	168.0	264.0	632.0
Acquire-EHT_C3_60_1	127	4406	242.0	169.0	263.0	630.0
Acquire-EHT_C3_60_1	128	4437	242.0	170.0	264.0	630.0
Acquire-EHT_C3_60_1	129	4484	243.0	170.0	264.0	629.0
Acquire-EHT_C3_60_1	130	4515	243.0	171.0	264.0	629.0
Acquire-EHT_C3_60_1	131	4546	243.0	171.0	263.0	629.0
Acquire-EHT_C3_60_1	132	4577	243.0	171.0	264.0	629.0
Acquire-EHT_C3_60_1	133	4609	243.0	171.0	264.0	629.0
Acquire-EHT_C3_60_1	134	4640	242.0	169.0	264.0	630.0
Acquire-EHT_C3_60_1	135	4671	242.0	169.0	264.0	631.0
Acquire-EHT_C3_60_1	136	4718	242.0	168.0	264.0	631.0
Acquire-EHT_C3_60_1	137	4749	242.0	168.0	264.0	632.0
Acquire-EHT_C3_60_1	138	4781	242.0	168.0	264.0	632.0
Acquire-EHT_C3_60_1	139	4812	242.0	168.0	264.0	632.0
Acquire-EHT_C3_60_1	140	4843	242.0	168.0	264.0	632.0
Acquire-EHT_C3_60_1	141	4874	242.0	168.0	264.0	632.0
Acquire-EHT_C3_60_1	142	4906	242.0	168.0	264.0	632.0
Acquire-EHT_C3_60_1	143	4937	242.0	168.0	264.0	632.0
Acquire-EHT_C3_60_1	144	4984	242.0	168.0	264.0	632.0
Acquire-EHT_C3_60_1	145	5015	242.0	168.0	264.0	632.0
Acquire-EHT_C3_60_1	146	5046	242.0	168.0	264.0	632.0
Acquire-EHT_C3_60_1	147	5077	242.0	168.0	264.0	632.0
Acquire-EHT_C3_60_1	148	5109	242.0	168.0	264.0	632.0
Acquire-EHT_C3_60_1	149	5140	242.0	168.0	264.0	632.0
Acquire-EHT_C3_60_1	150	5171	242.0	169.0	264.0	631.0
Acquire-EHT_C3_60_1	151	5218	243.0	170.0	264.0	629.0
Acquire-EHT_C3_60_1	152	5249	243.0	171.0	264.0	629.0
Acquire-EHT_C3_60_1	153	5281	243.0	171.0	264.0	629.0
Acquire-EHT_C3_60_1	154	5312	243.0	172.0	264.0	628.0
Acquire-EHT_C3_60_1	155	5343	243.0	171.0	264.0	628.0
Acquire-EHT_C3_60_1	156	5374	243.0	171.0	264.0	628.0
Acquire-EHT_C3_60_1	157	5406	243.0	171.0	263.0	629.0
Acquire-EHT_C3_60_1	158	5437	243.0	170.0	264.0	630.0
Acquire-EHT_C3_60_1	159	5484	242.0	168.0	264.0	631.0
Acquire-EHT_C3_60_1	160	5515	242.0	168.0	264.0	631.0
Acquire-EHT_C3_60_1	161	5546	242.0	168.0	264.0	632.0
Acquire-EHT_C3_60_1	162	5577	242.0	168.0	264.0	632.0
Acquire-EHT_C3_60_1	163	5609	242.0	168.0	264.0	632.0
Acquire-EHT_C3_60_1	164	5640	242.0	168.0	264.0	632.0
Acquire-EHT_C3_60_1	165	5671	242.0	168.0	264.0	632.0
Acquire-EHT_C3_60_1	166	5718	242.0	168.0	264.0	632.0
Acquire-EHT_C3_60_1	167	5749	242.0	168.0	264.0	632.0
Acquire-EHT_C3_60_1	168	5780	242.0	168.0	264.0	632.0
Acquire-EHT_C3_60_1	169	5812	242.0	168.0	264.0	632.0
Acquire-EHT_C3_60_1	170	5843	242.0	168.0	264.0	632.0
Acquire-EHT_C3_60_1	171	5874	242.0	168.0	264.0	631.0
Acquire-EHT_C3_60_1	172	5905	242.0	169.0	264.0	630.0
Acquire-EHT_C3_60_1	173	5937	243.0	170.0	264.0	629.0
Acquire-EHT_C3_60_1	174	5984	243.0	171.0	264.0	629.0
Acquire-EHT_C3_60_1	175	6015	243.0	171.0	264.0	628.0
Acquire-EHT_C3_60_1	176	6046	243.0	171.0	264.0	628.0
Acquire-EHT_C3_60_1	177	6077	243.0	171.0	264.0	628.0
Acquire-EHT_C3_60_1	178	6109	243.0	171.0	264.0	629.0
Acquire-EHT_C3_60_1	179	6140	243.0	171.0	264.0	629.0
Acquire-EHT_C3_60_1	180	6171	243.0	170.0	264.0	630.0
Acquire-EHT_C3_60_1	181	6218	242.0	168.0	264.0	631.0
Acquire-EHT_C3_60_1	182	6249	242.0	168.0	264.0	631.0
Acquire-EHT_C3_60_1	183	6280	242.0	168.0	264.0	632.0
Acquire-EHT_C3_60_1	184	6312	242.0	168.0	264.0	632.0
Acquire-EHT_C3_60_1	185	6343	242.0	168.0	264.0	632.0
Acquire-EHT_C3_60_1	186	6374	242.0	168.0	264.0	632.0
Acquire-EHT_C3_60_1	187	6405	242.0	168.0	264.0	632.0
Acquire-EHT_C3_60_1	188	6437	242.0	168.0	264.0	632.0
Acquire-EHT_C3_60_1	189	6484	242.0	168.0	264.0	632.0
Acquire-EHT_C3_60_1	190	6515	242.0	168.0	264.0	632.0
Acquire-EHT_C3_60_1	191	6546	242.0	168.0	264.0	632.0
Acquire-EHT_C3_60_1	192	6577	242.0	168.0	264.0	632.0
Acquire-EHT_C3_60_1	193	6609	242.0	168.0	264.0	632.0
Acquire-EHT_C3_60_1	194	6640	242.0	168.0	264.0	631.0
Acquire-EHT_C3_60_1	195	6671	242.0	169.0	263.0	630.0
Acquire-EHT_C3_60_1	196	6718	243.0	171.0	264.0	629.0
Acquire-EHT_C3_60_1	197	6749	243.0	171.0	264.0	629.0
Acquire-EHT_C3_60_1	198	6780	243.0	172.0	264.0	628.0
Acquire-EHT_C3_60_1	199	6812	243.0	171.0	263.0	629.0
Acquire-EHT_C3_60_1	200	6843	243.0	171.0	263.0	629.0
Acquire-EHT_C3_60_1	201	6874	243.0	171.0	264.0	629.0
Acquire-EHT_C3_60_1	202	6905	243.0	170.0	264.0	630.0
Acquire-EHT_C3_60_1	203	6937	242.0	168.0	264.0	631.0
Acquire-EHT_C3_60_1	204	6984	242.0	168.0	264.0	631.0
Acquire-EHT_C3_60_1	205	7015	242.0	168.0	264.0	632.0
Acquire-EHT_C3_60_1	206	7046	242.0	168.0	264.0	632.0
Acquire-EHT_C3_60_1	207	7077	242.0	168.0	264.0	632.0
Acquire-EHT_C3_60_1	208	7109	242.0	168.0	264.0	632.0
Acquire-EHT_C3_60_1	209	7140	242.0	168.0	264.0	632.0
Acquire-EHT_C3_60_1	210	7171	242.0	168.0	264.0	632.0
Acquire-EHT_C3_60_1	211	7218	242.0	168.0	264.0	632.0
Acquire-EHT_C3_60_1	212	7249	242.0	168.0	264.0	632.0
Acquire-EHT_C3_60_1	213	7280	242.0	168.0	264.0	632.0
Acquire-EHT_C3_60_1	214	7312	242.0	168.0	264.0	632.0
Acquire-EHT_C3_60_1	215	7343	242.0	168.0	264.0	631.0
Acquire-EHT_C3_60_1	216	7374	243.0	170.0	264.0	630.0
Acquire-EHT_C3_60_1	217	7405	243.0	171.0	264.0	629.0
Acquire-EHT_C3_60_1	218	7437	243.0	172.0	264.0	628.0
Acquire-EHT_C3_60_1	219	7483	243.0	171.0	264.0	628.0
Acquire-EHT_C3_60_1	220	7515	243.0	172.0	264.0	628.0
Acquire-EHT_C3_60_1	221	7546	243.0	171.0	264.0	628.0
Acquire-EHT_C3_60_1	222	7577	243.0	171.0	264.0	629.0
Acquire-EHT_C3_60_1	223	7608	243.0	170.0	265.0	630.0
Acquire-EHT_C3_60_1	224	7640	243.0	169.0	264.0	631.0
Acquire-EHT_C3_60_1	225	7671	242.0	168.0	264.0	631.0
Acquire-EHT_C3_60_1	226	7718	242.0	168.0	264.0	632.0
Acquire-EHT_C3_60_1	227	7749	242.0	168.0	264.0	632.0
Acquire-EHT_C3_60_1	228	7780	242.0	168.0	264.0	632.0
Acquire-EHT_C3_60_1	229	7812	242.0	168.0	264.0	632.0
Acquire-EHT_C3_60_1	230	7843	242.0	168.0	264.0	632.0
Acquire-EHT_C3_60_1	231	7874	242.0	168.0	264.0	632.0
Acquire-EHT_C3_60_1	232	7905	242.0	168.0	264.0	632.0
Acquire-EHT_C3_60_1	233	7937	242.0	168.0	264.0	632.0
Acquire-EHT_C3_60_1	234	7983	242.0	168.0	264.0	632.0
Acquire-EHT_C3_60_1	235	8015	242.0	168.0	264.0	632.0
Acquire-EHT_C3_60_1	236	8046	242.0	168.0	264.0	632.0
Acquire-EHT_C3_60_1	237	8077	242.0	168.0	264.0	632.0
Acquire-EHT_C3_60_1	238	8108	242.0	169.0	264.0	630.0
Acquire-EHT_C3_60_1	239	8140	243.0	170.0	264.0	630.0
Acquire-EHT_C3_60_1	240	8171	243.0	171.0	264.0	628.0
Acquire-EHT_C3_60_1	241	8218	243.0	171.0	264.0	628.0
Acquire-EHT_C3_60_1	242	8249	243.0	171.0	264.0	628.0
Acquire-EHT_C3_60_1	243	8280	243.0	171.0	263.0	629.0
Acquire-EHT_C3_60_1	244	8312	243.0	171.0	264.0	629.0
Acquire-EHT_C3_60_1	245	8343	243.0	171.0	264.0	629.0
Acquire-EHT_C3_60_1	246	8374	242.0	169.0	263.0	630.0
Acquire-EHT_C3_60_1	247	8405	242.0	168.0	264.0	631.0
Acquire-EHT_C3_60_1	248	8437	242.0	168.0	264.0	631.0
Acquire-EHT_C3_60_1	249	8483	242.0	168.0	264.0	632.0
Acquire-EHT_C3_60_1	250	8515	242.0	168.0	264.0	632.0
Acquire-EHT_C3_60_1	251	8546	242.0	168.0	264.0	632.0
Acquire-EHT_C3_60_1	252	8577	242.0	168.0	264.0	632.0
Acquire-EHT_C3_60_1	253	8608	242.0	168.0	264.0	632.0
Acquire-EHT_C3_60_1	254	8640	242.0	168.0	264.0	632.0
Acquire-EHT_C3_60_1	255	8671	242.0	168.0	264.0	632.0
Acquire-EHT_C3_60_1	256	8718	242.0	168.0	264.0	632.0
Acquire-EHT_C3_60_1	257	8749	242.0	168.0	264.0	632.0
Acquire-EHT_C3_60_1	258	8780	242.0	168.0	264.0	632.0
Acquire-EHT_C3_60_1	259	8812	242.0	168.0	264.0	631.0
Acquire-EHT_C3_60_1	260	8843	242.0	169.0	264.0	630.0
Acquire-EHT_C3_60_1	261	8874	243.0	171.0	264.0	629.0
Acquire-EHT_C3_60_1	262	8905	243.0	171.0	264.0	629.0
Acquire-EHT_C3_60_1	263	8937	242.0	171.0	264.0	628.0
Acquire-EHT_C3_60_1	264	8983	243.0	171.0	264.0	629.0
Acquire-EHT_C3_60_1	265	9015	243.0	171.0	264.0	628.0
Acquire-EHT_C3_60_1	266	9046	243.0	171.0	264.0	629.0
Acquire-EHT_C3_60_1	267	9077	243.0	170.0	264.0	630.0
Acquire-EHT_C3_60_1	268	9108	242.0	169.0	264.0	631.0
Acquire-EHT_C3_60_1	269	9140	242.0	168.0	264.0	631.0
Acquire-EHT_C3_60_1	270	9171	242.0	168.0	264.0	632.0
Acquire-EHT_C3_60_1	271	9218	242.0	168.0	264.0	632.0
Acquire-EHT_C3_60_1	272	9249	242.0	168.0	264.0	632.0
Acquire-EHT_C3_60_1	273	9280	242.0	168.0	264.0	632.0
Acquire-EHT_C3_60_1	274	9311	242.0	168.0	264.0	632.0
Acquire-EHT_C3_60_1	275	9343	242.0	168.0	264.0	632.0
Acquire-EHT_C3_60_1	276	9374	242.0	168.0	264.0	632.0
Acquire-EHT_C3_60_1	277	9405	242.0	168.0	264.0	632.0
Acquire-EHT_C3_60_1	278	9436	242.0	169.0	264.0	631.0
Acquire-EHT_C3_60_1	279	9483	242.0	170.0	264.0	630.0
Acquire-EHT_C3_60_1	280	9515	243.0	171.0	264.0	629.0
Acquire-EHT_C3_60_1	281	9546	243.0	171.0	264.0	628.0
Acquire-EHT_C3_60_1	282	9577	243.0	171.0	263.0	629.0
Acquire-EHT_C3_60_1	283	9608	243.0	171.0	264.0	629.0
Acquire-EHT_C3_60_1	284	9640	243.0	171.0	264.0	629.0
Acquire-EHT_C3_60_1	285	9671	243.0	171.0	264.0	629.0
Acquire-EHT_C3_60_1	286	9718	242.0	169.0	264.0	630.0
Acquire-EHT_C3_60_1	287	9749	242.0	168.0	264.0	631.0
Acquire-EHT_C3_60_1	288	9780	242.0	168.0	264.0	631.0
Acquire-EHT_C3_60_1	289	9811	242.0	168.0	264.0	632.0
Acquire-EHT_C3_60_1	290	9843	242.0	168.0	264.0	632.0
Acquire-EHT_C3_60_1	291	9874	242.0	168.0	264.0	632.0
Acquire-EHT_C3_60_1	292	9905	242.0	168.0	264.0	632.0
Acquire-EHT_C3_60_1	293	9936	242.0	168.0	264.0	632.0
Acquire-EHT_C3_60_1	294	9983	242.0	168.0	264.0	632.0
Acquire-EHT_C3_60_1	295	10015	242.0	168.0	264.0	632.0
Acquire-EHT_C3_60_1	296	10046	242.0	168.0	264.0	632.0
Acquire-EHT_C3_60_1	297	10077	242.0	168.0	264.0	632.0
Acquire-EHT_C3_60_1	298	10108	242.0	168.0	264.0	632.0
Acquire-EHT_C3_60_1	299	10140	242.0	168.0	264.0	632.0
Acquire-EHT_C3_60_1	300	10171	242.0	168.0	264.0	632.0
Acquire-EHT_C3_60_1	301	10218	242.0	169.0	264.0	630.0
Acquire-EHT_C3_60_1	302	10249	243.0	170.0	264.0	629.0
Acquire-EHT_C3_60_1	303	10280	243.0	171.0	264.0	629.0
Acquire-EHT_C3_60_1	304	10311	243.0	171.0	264.0	628.0
Acquire-EHT_C3_60_1	305	10343	243.0	172.0	264.0	628.0
Acquire-EHT_C3_60_1	306	10374	243.0	171.0	264.0	628.0
Acquire-EHT_C3_60_1	307	10405	243.0	171.0	264.0	629.0
Acquire-EHT_C3_60_1	308	10436	243.0	171.0	265.0	629.0
Acquire-EHT_C3_60_1	309	10483	242.0	169.0	264.0	630.0
Acquire-EHT_C3_60_1	310	10515	242.0	168.0	264.0	631.0
Acquire-EHT_C3_60_1	311	10546	242.0	168.0	264.0	631.0
Acquire-EHT_C3_60_1	312	10577	242.0	168.0	264.0	632.0
Acquire-EHT_C3_60_1	313	10608	242.0	168.0	264.0	632.0
Acquire-EHT_C3_60_1	314	10640	242.0	168.0	264.0	632.0
Acquire-EHT_C3_60_1	315	10671	242.0	168.0	264.0	632.0
Acquire-EHT_C3_60_1	316	10718	242.0	168.0	264.0	632.0
Acquire-EHT_C3_60_1	317	10749	242.0	168.0	264.0	632.0
Acquire-EHT_C3_60_1	318	10780	242.0	168.0	264.0	632.0
Acquire-EHT_C3_60_1	319	10811	242.0	168.0	264.0	632.0
Acquire-EHT_C3_60_1	320	10843	242.0	168.0	264.0	632.0
Acquire-EHT_C3_60_1	321	10874	242.0	168.0	264.0	632.0
Acquire-EHT_C3_60_1	322	10905	242.0	168.0	264.0	632.0
Acquire-EHT_C3_60_1	323	10936	242.0	169.0	264.0	631.0
Acquire-EHT_C3_60_1	324	10983	243.0	170.0	264.0	630.0
Acquire-EHT_C3_60_1	325	11015	243.0	171.0	264.0	629.0
Acquire-EHT_C3_60_1	326	11046	243.0	171.0	264.0	628.0
Acquire-EHT_C3_60_1	327	11077	243.0	171.0	264.0	628.0
Acquire-EHT_C3_60_1	328	11108	243.0	171.0	264.0	628.0
Acquire-EHT_C3_60_1	329	11139	243.0	171.0	264.0	629.0
Acquire-EHT_C3_60_1	330	11171	243.0	170.0	265.0	629.0
Acquire-EHT_C3_60_1	331	11218	242.0	170.0	263.0	630.0
Acquire-EHT_C3_60_1	332	11249	242.0	168.0	264.0	631.0
Acquire-EHT_C3_60_1	333	11280	242.0	168.0	264.0	632.0
Acquire-EHT_C3_60_1	334	11311	242.0	168.0	264.0	632.0
Acquire-EHT_C3_60_1	335	11343	242.0	168.0	264.0	632.0
Acquire-EHT_C3_60_1	336	11374	242.0	168.0	264.0	632.0
Acquire-EHT_C3_60_1	337	11405	242.0	168.0	264.0	632.0
Acquire-EHT_C3_60_1	338	11436	242.0	168.0	264.0	632.0
Acquire-EHT_C3_60_1	339	11483	242.0	168.0	264.0	632.0
Acquire-EHT_C3_60_1	340	11514	242.0	169.0	264.0	630.0
Acquire-EHT_C3_60_1	341	11546	242.0	170.0	264.0	630.0
Acquire-EHT_C3_60_1	342	11577	243.0	171.0	264.0	629.0
Acquire-EHT_C3_60_1	343	11608	243.0	171.0	264.0	629.0
Acquire-EHT_C3_60_1	344	11639	243.0	171.0	263.0	629.0
Acquire-EHT_C3_60_1	345	11671	242.0	171.0	264.0	629.0
Acquire-EHT_C3_60_1	346	11718	243.0	170.0	264.0	629.0
Acquire-EHT_C3_60_1	347	11749	243.0	170.0	264.0	629.0
Acquire-EHT_C3_60_1	348	11780	242.0	169.0	264.0	631.0
Acquire-EHT_C3_60_1	349	11811	242.0	168.0	264.0	631.0
Acquire-EHT_C3_60_1	350	11843	242.0	168.0	264.0	632.0
Acquire-EHT_C3_60_1	351	11874	242.0	168.0	264.0	632.0
Acquire-EHT_C3_60_1	352	11905	242.0	168.0	264.0	632.0
Acquire-EHT_C3_60_1	353	11936	242.0	168.0	264.0	632.0
Acquire-EHT_C3_60_1	354	11983	242.0	168.0	264.0	632.0
Acquire-EHT_C3_60_1	355	12014	242.0	168.0	264.0	632.0
Acquire-EHT_C3_60_1	356	12046	242.0	168.0	264.0	632.0
Acquire-EHT_C3_60_1	357	12077	242.0	168.0	264.0	632.0
Acquire-EHT_C3_60_1	358	12108	242.0	168.0	264.0	632.0
Acquire-EHT_C3_60_1	359	12139	242.0	168.0	264.0	632.0
Acquire-EHT_C3_60_1	360	12171	242.0	168.0	264.0	632.0
Acquire-EHT_C3_60_1	361	12218	242.0	168.0	264.0	632.0
Acquire-EHT_C3_60_1	362	12249	242.0	168.0	264.0	632.0
Acquire-EHT_C3_60_1	363	12280	242.0	168.0	264.0	631.0
Acquire-EHT_C3_60_1	364	12311	242.0	169.0	264.0	631.0
Acquire-EHT_C3_60_1	365	12343	243.0	170.0	264.0	629.0
Acquire-EHT_C3_60_1	366	12374	243.0	171.0	265.0	629.0
Acquire-EHT_C3_60_1	367	12405	243.0	171.0	264.0	628.0
Acquire-EHT_C3_60_1	368	12436	243.0	171.0	264.0	628.0
Acquire-EHT_C3_60_1	369	12483	243.0	172.0	264.0	628.0
Acquire-EHT_C3_60_1	370	12514	243.0	171.0	264.0	629.0
Acquire-EHT_C3_60_1	371	12546	243.0	171.0	263.0	629.0
Acquire-EHT_C3_60_1	372	12577	242.0	169.0	264.0	630.0
Acquire-EHT_C3_60_1	373	12608	242.0	168.0	264.0	631.0
Acquire-EHT_C3_60_1	374	12639	242.0	168.0	264.0	632.0
Acquire-EHT_C3_60_1	375	12671	242.0	168.0	264.0	632.0
Acquire-EHT_C3_60_1	376	12718	242.0	168.0	264.0	632.0
Acquire-EHT_C3_60_1	377	12749	242.0	168.0	264.0	632.0
Acquire-EHT_C3_60_1	378	12780	242.0	168.0	264.0	632.0
Acquire-EHT_C3_60_1	379	12811	242.0	168.0	264.0	632.0
Acquire-EHT_C3_60_1	380	12843	242.0	168.0	264.0	632.0
Acquire-EHT_C3_60_1	381	12874	242.0	168.0	264.0	632.0
Acquire-EHT_C3_60_1	382	12905	242.0	168.0	264.0	632.0
Acquire-EHT_C3_60_1	383	12936	242.0	168.0	264.0	632.0
Acquire-EHT_C3_60_1	384	12983	242.0	168.0	264.0	632.0
Acquire-EHT_C3_60_1	385	13014	242.0	168.0	264.0	631.0
Acquire-EHT_C3_60_1	386	13046	242.0	169.0	264.0	630.0
Acquire-EHT_C3_60_1	387	13077	243.0	170.0	264.0	629.0
Acquire-EHT_C3_60_1	388	13108	243.0	171.0	264.0	629.0
Acquire-EHT_C3_60_1	389	13139	243.0	171.0	263.0	629.0
Acquire-EHT_C3_60_1	390	13171	243.0	171.0	264.0	629.0
Acquire-EHT_C3_60_1	391	13217	243.0	171.0	264.0	628.0
Acquire-EHT_C3_60_1	392	13249	243.0	171.0	264.0	629.0
Acquire-EHT_C3_60_1	393	13280	243.0	170.0	264.0	629.0
Acquire-EHT_C3_60_1	394	13311	242.0	169.0	264.0	630.0
Acquire-EHT_C3_60_1	395	13342	242.0	168.0	264.0	631.0
Acquire-EHT_C3_60_1	396	13374	242.0	168.0	264.0	632.0
Acquire-EHT_C3_60_1	397	13405	242.0	168.0	264.0	632.0
Acquire-EHT_C3_60_1	398	13436	242.0	168.0	264.0	632.0
Acquire-EHT_C3_60_1	399	13483	242.0	168.0	264.0	632.0
Acquire-EHT_C3_60_1	400	13514	242.0	168.0	264.0	632.0
Acquire-EHT_C3_60_1	401	13546	242.0	168.0	264.0	632.0
Acquire-EHT_C3_60_1	402	13577	242.0	168.0	264.0	632.0
Acquire-EHT_C3_60_1	403	13608	242.0	168.0	264.0	632.0
Acquire-EHT_C3_60_1	404	13639	242.0	168.0	264.0	632.0
Acquire-EHT_C3_60_1	405	13671	242.0	168.0	264.0	632.0
Acquire-EHT_C3_60_1	406	13717	242.0	168.0	264.0	632.0
Acquire-EHT_C3_60_1	407	13749	242.0	168.0	264.0	632.0
Acquire-EHT_C3_60_1	408	13780	242.0	168.0	264.0	632.0
Acquire-EHT_C3_60_1	409	13811	242.0	169.0	264.0	630.0
Acquire-EHT_C3_60_1	410	13842	242.0	170.0	264.0	629.0
Acquire-EHT_C3_60_1	411	13874	243.0	171.0	263.0	629.0
Acquire-EHT_C3_60_1	412	13905	243.0	172.0	264.0	628.0
Acquire-EHT_C3_60_1	413	13936	243.0	171.0	264.0	628.0
Acquire-EHT_C3_60_1	414	13983	243.0	172.0	264.0	629.0
Acquire-EHT_C3_60_1	415	14014	243.0	170.0	264.0	629.0
Acquire-EHT_C3_60_1	416	14046	243.0	170.0	264.0	630.0
Acquire-EHT_C3_60_1	417	14077	242.0	169.0	264.0	630.0
Acquire-EHT_C3_60_1	418	14108	242.0	169.0	264.0	631.0
Acquire-EHT_C3_60_1	419	14139	242.0	168.0	264.0	632.0
Acquire-EHT_C3_60_1	420	14171	242.0	168.0	264.0	632.0
Acquire-EHT_C3_60_1	421	14217	242.0	168.0	264.0	632.0
Acquire-EHT_C3_60_1	422	14249	242.0	168.0	264.0	632.0
Acquire-EHT_C3_60_1	423	14280	242.0	168.0	264.0	632.0
Acquire-EHT_C3_60_1	424	14311	242.0	168.0	264.0	632.0
Acquire-EHT_C3_60_1	425	14342	242.0	168.0	264.0	632.0
Acquire-EHT_C3_60_1	426	14374	242.0	168.0	264.0	632.0
Acquire-EHT_C3_60_1	427	14405	242.0	168.0	264.0	632.0
Acquire-EHT_C3_60_1	428	14452	242.0	168.0	264.0	632.0
Acquire-EHT_C3_60_1	429	14483	242.0	168.0	264.0	632.0
Acquire-EHT_C3_60_1	430	14514	242.0	169.0	264.0	630.0
Acquire-EHT_C3_60_1	431	14546	243.0	170.0	265.0	629.0
Acquire-EHT_C3_60_1	432	14577	243.0	171.0	264.0	629.0
Acquire-EHT_C3_60_1	433	14608	243.0	171.0	264.0	628.0
Acquire-EHT_C3_60_1	434	14639	243.0	171.0	264.0	629.0
Acquire-EHT_C3_60_1	435	14671	243.0	171.0	264.0	629.0
Acquire-EHT_C3_60_1	436	14717	243.0	171.0	264.0	629.0
Acquire-EHT_C3_60_1	437	14749	243.0	170.0	265.0	629.0
Acquire-EHT_C3_60_1	438	14780	242.0	169.0	264.0	630.0
Acquire-EHT_C3_60_1	439	14811	242.0	168.0	264.0	632.0
Acquire-EHT_C3_60_1	440	14842	242.0	168.0	264.0	632.0
Acquire-EHT_C3_60_1	441	14874	242.0	168.0	264.0	632.0
Acquire-EHT_C3_60_1	442	14905	242.0	168.0	264.0	632.0
Acquire-EHT_C3_60_1	443	14952	242.0	168.0	264.0	632.0
Acquire-EHT_C3_60_1	444	14983	242.0	168.0	264.0	632.0
Acquire-EHT_C3_60_1	445	15014	242.0	168.0	264.0	632.0
Acquire-EHT_C3_60_1	446	15045	242.0	168.0	264.0	632.0
Acquire-EHT_C3_60_1	447	15077	242.0	168.0	264.0	632.0
Acquire-EHT_C3_60_1	448	15108	242.0	168.0	264.0	632.0
Acquire-EHT_C3_60_1	449	15139	242.0	168.0	264.0	632.0
Acquire-EHT_C3_60_1	450	15170	242.0	168.0	264.0	632.0
Acquire-EHT_C3_60_1	451	15217	242.0	168.0	264.0	632.0
Acquire-EHT_C3_60_1	452	15249	242.0	168.0	264.0	632.0
Acquire-EHT_C3_60_1	453	15280	242.0	168.0	264.0	631.0
Acquire-EHT_C3_60_1	454	15311	242.0	169.0	264.0	630.0
Acquire-EHT_C3_60_1	455	15342	243.0	170.0	263.0	629.0
Acquire-EHT_C3_60_1	456	15374	243.0	171.0	264.0	628.0
Acquire-EHT_C3_60_1	457	15405	243.0	171.0	264.0	628.0
Acquire-EHT_C3_60_1	458	15452	243.0	171.0	264.0	628.0
Acquire-EHT_C3_60_1	459	15483	243.0	171.0	264.0	628.0
Acquire-EHT_C3_60_1	460	15514	243.0	171.0	264.0	629.0
Acquire-EHT_C3_60_1	461	15545	243.0	170.0	264.0	629.0
Acquire-EHT_C3_60_1	462	15577	242.0	169.0	264.0	631.0
Acquire-EHT_C3_60_1	463	15608	242.0	168.0	264.0	631.0
Acquire-EHT_C3_60_1	464	15639	242.0	168.0	264.0	632.0
Acquire-EHT_C3_60_1	465	15670	242.0	168.0	264.0	632.0
Acquire-EHT_C3_60_1	466	15717	242.0	168.0	264.0	632.0
Acquire-EHT_C3_60_1	467	15749	242.0	168.0	264.0	632.0
Acquire-EHT_C3_60_1	468	15780	242.0	168.0	264.0	632.0
Acquire-EHT_C3_60_1	469	15811	242.0	168.0	264.0	632.0
Acquire-EHT_C3_60_1	470	15842	242.0	168.0	264.0	632.0
Acquire-EHT_C3_60_1	471	15874	242.0	168.0	264.0	632.0
Acquire-EHT_C3_60_1	472	15905	242.0	168.0	264.0	632.0
Acquire-EHT_C3_60_1	473	15952	242.0	168.0	264.0	632.0
Acquire-EHT_C3_60_1	474	15983	242.0	168.0	264.0	632.0
Acquire-EHT_C3_60_1	475	16014	242.0	168.0	264.0	631.0
Acquire-EHT_C3_60_1	476	16045	242.0	169.0	264.0	630.0
Acquire-EHT_C3_60_1	477	16077	243.0	171.0	264.0	629.0
Acquire-EHT_C3_60_1	478	16108	242.0	171.0	263.0	629.0
Acquire-EHT_C3_60_1	479	16139	243.0	172.0	264.0	628.0
Acquire-EHT_C3_60_1	480	16170	243.0	171.0	264.0	629.0
Acquire-EHT_C3_60_1	481	16217	243.0	171.0	263.0	629.0
Acquire-EHT_C3_60_1	482	16249	243.0	171.0	263.0	630.0
Acquire-EHT_C3_60_1	483	16280	242.0	169.0	263.0	630.0
Acquire-EHT_C3_60_1	484	16311	242.0	168.0	264.0	631.0
Acquire-EHT_C3_60_1	485	16342	242.0	168.0	264.0	632.0
Acquire-EHT_C3_60_1	486	16374	242.0	168.0	264.0	632.0
Acquire-EHT_C3_60_1	487	16405	242.0	168.0	264.0	632.0
Acquire-EHT_C3_60_1	488	16452	242.0	168.0	264.0	632.0
Acquire-EHT_C3_60_1	489	16483	242.0	168.0	264.0	632.0
Acquire-EHT_C3_60_1	490	16514	242.0	168.0	264.0	632.0
Acquire-EHT_C3_60_1	491	16545	242.0	168.0	264.0	631.0
Acquire-EHT_C3_60_1	492	16577	242.0	169.0	264.0	630.0
Acquire-EHT_C3_60_1	493	16608	242.0	170.0	264.0	629.0
Acquire-EHT_C3_60_1	494	16639	243.0	171.0	263.0	629.0
Acquire-EHT_C3_60_1	495	16670	243.0	171.0	264.0	629.0
Acquire-EHT_C3_60_1	496	16717	243.0	171.0	264.0	629.0
Acquire-EHT_C3_60_1	497	16748	243.0	171.0	264.0	629.0
Acquire-EHT_C3_60_1	498	16780	243.0	171.0	263.0	629.0
Acquire-EHT_C3_60_1	499	16811	242.0	169.0	264.0	630.0
Acquire-EHT_C3_60_1	500	16842	242.0	168.0	264.0	631.0
Acquire-EHT_C3_60_1	501	16873	242.0	168.0	264.0	631.0
Acquire-EHT_C3_60_1	502	16905	242.0	168.0	264.0	632.0
Acquire-EHT_C3_60_1	503	16952	242.0	168.0	264.0	632.0
Acquire-EHT_C3_60_1	504	16983	242.0	168.0	264.0	632.0
Acquire-EHT_C3_60_1	505	17014	242.0	168.0	264.0	632.0
Acquire-EHT_C3_60_1	506	17045	242.0	168.0	264.0	632.0
Acquire-EHT_C3_60_1	507	17077	242.0	168.0	264.0	632.0
Acquire-EHT_C3_60_1	508	17108	242.0	168.0	264.0	632.0
Acquire-EHT_C3_60_1	509	17139	242.0	168.0	264.0	632.0
Acquire-EHT_C3_60_1	510	17170	242.0	168.0	264.0	632.0
Acquire-EHT_C3_60_1	511	17217	242.0	168.0	264.0	632.0
Acquire-EHT_C3_60_1	512	17248	242.0	168.0	264.0	632.0
Acquire-EHT_C3_60_1	513	17280	242.0	168.0	264.0	632.0
Acquire-EHT_C3_60_1	514	17311	242.0	168.0	264.0	632.0
Acquire-EHT_C3_60_1	515	17342	242.0	168.0	264.0	631.0
Acquire-EHT_C3_60_1	516	17373	243.0	169.0	263.0	630.0
Acquire-EHT_C3_60_1	517	17405	243.0	171.0	264.0	629.0
Acquire-EHT_C3_60_1	518	17452	243.0	171.0	264.0	628.0
Acquire-EHT_C3_60_1	519	17483	243.0	171.0	264.0	628.0
Acquire-EHT_C3_60_1	520	17514	243.0	172.0	264.0	628.0
Acquire-EHT_C3_60_1	521	17545	243.0	171.0	264.0	628.0
Acquire-EHT_C3_60_1	522	17577	243.0	171.0	264.0	629.0
Acquire-EHT_C3_60_1	523	17608	243.0	170.0	264.0	629.0
Acquire-EHT_C3_60_1	524	17639	242.0	169.0	264.0	630.0
Acquire-EHT_C3_60_1	525	17670	242.0	168.0	264.0	631.0
Acquire-EHT_C3_60_1	526	17717	242.0	168.0	264.0	631.0
Acquire-EHT_C3_60_1	527	17748	242.0	168.0	264.0	632.0
Acquire-EHT_C3_60_1	528	17780	242.0	168.0	264.0	632.0
Acquire-EHT_C3_60_1	529	17811	242.0	168.0	264.0	632.0
Acquire-EHT_C3_60_1	530	17842	242.0	168.0	264.0	632.0
Acquire-EHT_C3_60_1	531	17873	242.0	168.0	264.0	632.0
Acquire-EHT_C3_60_1	532	17905	242.0	168.0	264.0	632.0
Acquire-EHT_C3_60_1	533	17952	242.0	168.0	264.0	632.0
Acquire-EHT_C3_60_1	534	17983	242.0	168.0	264.0	632.0
Acquire-EHT_C3_60_1	535	18014	242.0	168.0	264.0	632.0
Acquire-EHT_C3_60_1	536	18045	242.0	168.0	264.0	632.0
Acquire-EHT_C3_60_1	537	18077	242.0	168.0	264.0	632.0
Acquire-EHT_C3_60_1	538	18108	242.0	169.0	264.0	631.0
Acquire-EHT_C3_60_1	539	18139	242.0	169.0	263.0	630.0
Acquire-EHT_C3_60_1	540	18170	243.0	171.0	264.0	629.0
Acquire-EHT_C3_60_1	541	18217	243.0	171.0	263.0	629.0
Acquire-EHT_C3_60_1	542	18248	243.0	171.0	264.0	628.0
Acquire-EHT_C3_60_1	543	18280	242.0	171.0	264.0	629.0
Acquire-EHT_C3_60_1	544	18311	243.0	172.0	264.0	629.0
Acquire-EHT_C3_60_1	545	18342	243.0	171.0	263.0	629.0
Acquire-EHT_C3_60_1	546	18373	243.0	170.0	264.0	630.0
Acquire-EHT_C3_60_1	547	18405	242.0	169.0	264.0	631.0
Acquire-EHT_C3_60_1	548	18451	242.0	168.0	264.0	632.0
Acquire-EHT_C3_60_1	549	18483	242.0	168.0	264.0	632.0
Acquire-EHT_C3_60_1	550	18514	242.0	168.0	264.0	632.0
Acquire-EHT_C3_60_1	551	18545	242.0	168.0	264.0	632.0
Acquire-EHT_C3_60_1	552	18576	242.0	168.0	264.0	632.0
Acquire-EHT_C3_60_1	553	18608	242.0	168.0	264.0	632.0
Acquire-EHT_C3_60_1	554	18639	242.0	168.0	264.0	632.0
Acquire-EHT_C3_60_1	555	18670	242.0	168.0	264.0	632.0
Acquire-EHT_C3_60_1	556	18717	242.0	168.0	264.0	632.0
Acquire-EHT_C3_60_1	557	18748	242.0	168.0	264.0	632.0
Acquire-EHT_C3_60_1	558	18780	242.0	168.0	264.0	632.0
Acquire-EHT_C3_60_1	559	18811	242.0	168.0	264.0	632.0
Acquire-EHT_C3_60_1	560	18842	242.0	168.0	264.0	632.0
Acquire-EHT_C3_60_1	561	18873	242.0	169.0	264.0	631.0
Acquire-EHT_C3_60_1	562	18905	242.0	169.0	264.0	630.0
Acquire-EHT_C3_60_1	563	18951	243.0	171.0	264.0	629.0
Acquire-EHT_C3_60_1	564	18983	243.0	171.0	263.0	629.0
Acquire-EHT_C3_60_1	565	19014	243.0	171.0	264.0	628.0
Acquire-EHT_C3_60_1	566	19045	243.0	171.0	264.0	628.0
Acquire-EHT_C3_60_1	567	19076	243.0	171.0	263.0	629.0
Acquire-EHT_C3_60_1	568	19108	243.0	171.0	264.0	629.0
Acquire-EHT_C3_60_1	569	19139	243.0	170.0	263.0	630.0
Acquire-EHT_C3_60_1	570	19170	242.0	169.0	264.0	631.0
Acquire-EHT_C3_60_1	571	19217	242.0	168.0	264.0	631.0
Acquire-EHT_C3_60_1	572	19248	242.0	168.0	264.0	631.0
Acquire-EHT_C3_60_1	573	19280	242.0	168.0	264.0	632.0
Acquire-EHT_C3_60_1	574	19311	242.0	168.0	264.0	632.0
Acquire-EHT_C3_60_1	575	19342	242.0	168.0	264.0	632.0
Acquire-EHT_C3_60_1	576	19373	242.0	168.0	264.0	632.0
Acquire-EHT_C3_60_1	577	19405	242.0	168.0	264.0	632.0
Acquire-EHT_C3_60_1	578	19451	242.0	168.0	264.0	632.0
Acquire-EHT_C3_60_1	579	19483	242.0	168.0	264.0	632.0
Acquire-EHT_C3_60_1	580	19514	242.0	168.0	264.0	632.0
Acquire-EHT_C3_60_1	581	19545	242.0	168.0	264.0	631.0
Acquire-EHT_C3_60_1	582	19576	242.0	169.0	264.0	630.0
Acquire-EHT_C3_60_1	583	19608	243.0	170.0	264.0	629.0
Acquire-EHT_C3_60_1	584	19639	243.0	171.0	264.0	629.0
Acquire-EHT_C3_60_1	585	19670	243.0	171.0	264.0	628.0
Acquire-EHT_C3_60_1	586	19717	243.0	171.0	264.0	628.0
Acquire-EHT_C3_60_1	587	19748	243.0	171.0	264.0	629.0
Acquire-EHT_C3_60_1	588	19780	243.0	171.0	264.0	629.0
Acquire-EHT_C3_60_1	589	19811	243.0	170.0	264.0	630.0
Acquire-EHT_C3_60_1	590	19842	242.0	169.0	264.0	630.0
Acquire-EHT_C3_60_1	591	19873	242.0	168.0	264.0	631.0
Acquire-EHT_C3_60_1	592	19905	242.0	168.0	264.0	632.0
Acquire-EHT_C3_60_1	593	19951	242.0	168.0	264.0	632.0
Acquire-EHT_C3_60_1	594	19983	242.0	168.0	264.0	632.0
Acquire-EHT_C3_60_1	595	20014	242.0	168.0	264.0	632.0
Acquire-EHT_C3_60_1	596	20045	242.0	168.0	264.0	632.0
Acquire-EHT_C3_60_1	597	20076	242.0	168.0	264.0	632.0
Acquire-EHT_C3_60_1	598	20108	242.0	168.0	264.0	632.0
Acquire-EHT_C3_60_1	599	20139	242.0	168.0	264.0	632.0
Acquire-EHT_C3_60_1	600	20170	242.0	168.0	264.0	632.0
Acquire-EHT_C3_60_1	601	20217	242.0	168.0	264.0	632.0
Acquire-EHT_C3_60_1	602	20248	242.0	168.0	264.0	632.0
Acquire-EHT_C3_60_1	603	20279	242.0	168.0	264.0	632.0
Acquire-EHT_C3_60_1	604	20311	242.0	168.0	264.0	632.0
Acquire-EHT_C3_60_1	605	20342	242.0	168.0	264.0	631.0
Acquire-EHT_C3_60_1	606	20373	242.0	170.0	264.0	630.0
Acquire-EHT_C3_60_1	607	20404	243.0	171.0	264.0	629.0
Acquire-EHT_C3_60_1	608	20451	243.0	171.0	264.0	629.0
Acquire-EHT_C3_60_1	609	20483	243.0	171.0	264.0	628.0
Acquire-EHT_C3_60_1	610	20514	243.0	171.0	263.0	629.0
Acquire-EHT_C3_60_1	611	20545	243.0	171.0	264.0	629.0
Acquire-EHT_C3_60_1	612	20576	243.0	171.0	264.0	629.0
Acquire-EHT_C3_60_1	613	20608	243.0	170.0	264.0	630.0
Acquire-EHT_C3_60_1	614	20639	242.0	169.0	264.0	631.0
Acquire-EHT_C3_60_1	615	20670	242.0	168.0	264.0	631.0
Acquire-EHT_C3_60_1	616	20717	242.0	168.0	264.0	632.0
Acquire-EHT_C3_60_1	617	20748	242.0	168.0	264.0	632.0
Acquire-EHT_C3_60_1	618	20779	242.0	168.0	264.0	632.0
Acquire-EHT_C3_60_1	619	20811	242.0	168.0	264.0	632.0
Acquire-EHT_C3_60_1	620	20842	242.0	168.0	264.0	632.0
Acquire-EHT_C3_60_1	621	20873	242.0	168.0	264.0	632.0
Acquire-EHT_C3_60_1	622	20904	242.0	168.0	264.0	632.0
Acquire-EHT_C3_60_1	623	20951	242.0	168.0	264.0	632.0
Acquire-EHT_C3_60_1	624	20983	242.0	168.0	264.0	632.0
Acquire-EHT_C3_60_1	625	21014	242.0	168.0	264.0	632.0
Acquire-EHT_C3_60_1	626	21045	242.0	168.0	264.0	632.0
Acquire-EHT_C3_60_1	627	21076	242.0	168.0	264.0	631.0
Acquire-EHT_C3_60_1	628	21108	242.0	169.0	264.0	630.0
Acquire-EHT_C3_60_1	629	21139	243.0	170.0	264.0	629.0
Acquire-EHT_C3_60_1	630	21170	243.0	171.0	264.0	629.0
Acquire-EHT_C3_60_1	631	21217	243.0	171.0	264.0	629.0
Acquire-EHT_C3_60_1	632	21248	243.0	172.0	264.0	629.0
Acquire-EHT_C3_60_1	633	21279	243.0	171.0	264.0	628.0
Acquire-EHT_C3_60_1	634	21311	243.0	171.0	264.0	629.0
Acquire-EHT_C3_60_1	635	21342	243.0	170.0	264.0	629.0
Acquire-EHT_C3_60_1	636	21373	242.0	169.0	264.0	630.0
Acquire-EHT_C3_60_1	637	21404	242.0	168.0	264.0	631.0
Acquire-EHT_C3_60_1	638	21451	242.0	168.0	264.0	632.0
Acquire-EHT_C3_60_1	639	21483	242.0	168.0	264.0	632.0
Acquire-EHT_C3_60_1	640	21514	242.0	168.0	264.0	632.0
Acquire-EHT_C3_60_1	641	21545	242.0	168.0	264.0	632.0
Acquire-EHT_C3_60_1	642	21576	242.0	168.0	264.0	632.0
Acquire-EHT_C3_60_1	643	21608	242.0	168.0	264.0	632.0
Acquire-EHT_C3_60_1	644	21639	242.0	168.0	264.0	632.0
Acquire-EHT_C3_60_1	645	21670	242.0	168.0	264.0	632.0
Acquire-EHT_C3_60_1	646	21717	242.0	168.0	264.0	632.0
Acquire-EHT_C3_60_1	647	21748	242.0	168.0	264.0	632.0
Acquire-EHT_C3_60_1	648	21779	242.0	168.0	264.0	632.0
Acquire-EHT_C3_60_1	649	21811	242.0	168.0	264.0	632.0
Acquire-EHT_C3_60_1	650	21842	242.0	169.0	264.0	630.0
Acquire-EHT_C3_60_1	651	21873	243.0	170.0	264.0	629.0
Acquire-EHT_C3_60_1	652	21904	243.0	171.0	264.0	629.0
Acquire-EHT_C3_60_1	653	21951	243.0	171.0	264.0	628.0
Acquire-EHT_C3_60_1	654	21982	243.0	172.0	264.0	629.0
Acquire-EHT_C3_60_1	655	22014	243.0	171.0	264.0	628.0
Acquire-EHT_C3_60_1	656	22045	243.0	171.0	264.0	629.0
Acquire-EHT_C3_60_1	657	22076	243.0	170.0	264.0	629.0
Acquire-EHT_C3_60_1	658	22107	242.0	169.0	264.0	630.0
Acquire-EHT_C3_60_1	659	22139	242.0	168.0	264.0	631.0
Acquire-EHT_C3_60_1	660	22170	242.0	168.0	264.0	632.0
Acquire-EHT_C3_60_1	661	22217	242.0	168.0	264.0	632.0
Acquire-EHT_C3_60_1	662	22248	242.0	168.0	264.0	632.0
Acquire-EHT_C3_60_1	663	22279	242.0	168.0	264.0	632.0
Acquire-EHT_C3_60_1	664	22404	242.0	168.0	264.0	632.0
Acquire-EHT_C3_60_1	665	22451	242.0	168.0	264.0	632.0
Acquire-EHT_C3_60_1	666	22482	242.0	168.0	264.0	632.0
Acquire-EHT_C3_60_1	667	22514	242.0	168.0	264.0	632.0
Acquire-EHT_C3_60_1	668	22545	242.0	168.0	264.0	632.0
Acquire-EHT_C3_60_1	669	22576	242.0	168.0	264.0	631.0
Acquire-EHT_C3_60_1	670	22607	242.0	169.0	263.0	630.0
Acquire-EHT_C3_60_1	671	22639	243.0	170.0	264.0	629.0
Acquire-EHT_C3_60_1	672	22670	243.0	171.0	264.0	628.0
Acquire-EHT_C3_60_1	673	22717	243.0	171.0	264.0	628.0
Acquire-EHT_C3_60_1	674	22748	243.0	172.0	264.0	628.0
Acquire-EHT_C3_60_1	675	22779	243.0	171.0	264.0	628.0
Acquire-EHT_C3_60_1	676	22811	243.0	171.0	264.0	629.0
Acquire-EHT_C3_60_1	677	22842	242.0	170.0	263.0	630.0
Acquire-EHT_C3_60_1	678	22873	242.0	169.0	264.0	631.0
Acquire-EHT_C3_60_1	679	22904	242.0	168.0	264.0	631.0
Acquire-EHT_C3_60_1	680	22951	242.0	168.0	264.0	632.0
Acquire-EHT_C3_60_1	681	22982	242.0	168.0	264.0	632.0
Acquire-EHT_C3_60_1	682	23014	242.0	168.0	264.0	632.0
Acquire-EHT_C3_60_1	683	23045	242.0	168.0	264.0	632.0
Acquire-EHT_C3_60_1	684	23076	242.0	168.0	264.0	632.0
Acquire-EHT_C3_60_1	685	23107	242.0	168.0	264.0	632.0
Acquire-EHT_C3_60_1	686	23139	242.0	168.0	264.0	632.0
Acquire-EHT_C3_60_1	687	23170	242.0	168.0	264.0	632.0
Acquire-EHT_C3_60_1	688	23217	242.0	168.0	264.0	632.0
Acquire-EHT_C3_60_1	689	23248	242.0	168.0	264.0	632.0
Acquire-EHT_C3_60_1	690	23279	242.0	168.0	264.0	632.0
Acquire-EHT_C3_60_1	691	23311	242.0	168.0	264.0	632.0
Acquire-EHT_C3_60_1	692	23342	242.0	169.0	264.0	630.0
Acquire-EHT_C3_60_1	693	23373	243.0	171.0	264.0	629.0
Acquire-EHT_C3_60_1	694	23404	243.0	171.0	264.0	629.0
Acquire-EHT_C3_60_1	695	23451	243.0	172.0	264.0	629.0
Acquire-EHT_C3_60_1	696	23482	243.0	172.0	264.0	629.0
Acquire-EHT_C3_60_1	697	23514	243.0	171.0	264.0	628.0
Acquire-EHT_C3_60_1	698	23545	243.0	171.0	263.0	629.0
Acquire-EHT_C3_60_1	699	23576	242.0	170.0	264.0	630.0
Acquire-EHT_C3_60_1	700	23607	242.0	169.0	264.0	631.0
Acquire-EHT_C3_60_1	701	23639	242.0	168.0	264.0	631.0
Acquire-EHT_C3_60_1	702	23670	242.0	168.0	264.0	632.0
Acquire-EHT_C3_60_1	703	23717	242.0	168.0	264.0	632.0
Acquire-EHT_C3_60_1	704	23748	242.0	168.0	264.0	632.0
Acquire-EHT_C3_60_1	705	23779	242.0	168.0	264.0	632.0
Acquire-EHT_C3_60_1	706	23811	242.0	168.0	264.0	632.0
Acquire-EHT_C3_60_1	707	23842	242.0	168.0	264.0	632.0
Acquire-EHT_C3_60_1	708	23873	242.0	168.0	264.0	632.0
Acquire-EHT_C3_60_1	709	23904	242.0	168.0	264.0	632.0
Acquire-EHT_C3_60_1	710	23951	242.0	168.0	264.0	632.0
Acquire-EHT_C3_60_1	711	23982	242.0	168.0	264.0	632.0
Acquire-EHT_C3_60_1	712	24014	242.0	168.0	264.0	632.0
Acquire-EHT_C3_60_1	713	24045	242.0	168.0	264.0	632.0
Acquire-EHT_C3_60_1	714	24076	242.0	169.0	264.0	631.0
Acquire-EHT_C3_60_1	715	24107	243.0	170.0	264.0	629.0
Acquire-EHT_C3_60_1	716	24139	243.0	171.0	264.0	629.0
Acquire-EHT_C3_60_1	717	24170	243.0	171.0	264.0	628.0
Acquire-EHT_C3_60_1	718	24217	243.0	171.0	263.0	629.0
Acquire-EHT_C3_60_1	719	24248	243.0	171.0	264.0	629.0
Acquire-EHT_C3_60_1	720	24279	243.0	171.0	263.0	629.0
Acquire-EHT_C3_60_1	721	24310	243.0	171.0	264.0	629.0
Acquire-EHT_C3_60_1	722	24342	243.0	170.0	264.0	630.0
Acquire-EHT_C3_60_1	723	24373	242.0	169.0	264.0	631.0
Acquire-EHT_C3_60_1	724	24404	242.0	168.0	264.0	632.0
Acquire-EHT_C3_60_1	725	24451	242.0	168.0	264.0	632.0
Acquire-EHT_C3_60_1	726	24482	242.0	168.0	264.0	632.0
Acquire-EHT_C3_60_1	727	24514	242.0	168.0	264.0	632.0
Acquire-EHT_C3_60_1	728	24545	242.0	168.0	264.0	632.0
Acquire-EHT_C3_60_1	729	24576	242.0	168.0	264.0	632.0
Acquire-EHT_C3_60_1	730	24607	242.0	168.0	264.0	631.0
Acquire-EHT_C3_60_1	731	24639	242.0	169.0	264.0	631.0
Acquire-EHT_C3_60_1	732	24670	242.0	170.0	263.0	630.0
Acquire-EHT_C3_60_1	733	24717	243.0	170.0	264.0	629.0
Acquire-EHT_C3_60_1	734	24748	243.0	171.0	263.0	629.0
Acquire-EHT_C3_60_1	735	24779	243.0	170.0	264.0	629.0
Acquire-EHT_C3_60_1	736	24810	243.0	171.0	264.0	629.0
Acquire-EHT_C3_60_1	737	24842	243.0	170.0	263.0	629.0
Acquire-EHT_C3_60_1	738	24873	243.0	170.0	263.0	630.0
Acquire-EHT_C3_60_1	739	24904	242.0	169.0	264.0	631.0
Acquire-EHT_C3_60_1	740	24951	242.0	168.0	264.0	631.0
Acquire-EHT_C3_60_1	741	24982	242.0	168.0	264.0	632.0
Acquire-EHT_C3_60_1	742	25014	242.0	168.0	264.0	632.0
Acquire-EHT_C3_60_1	743	25045	242.0	168.0	264.0	632.0
Acquire-EHT_C3_60_1	744	25076	242.0	168.0	264.0	632.0
Acquire-EHT_C3_60_1	745	25107	242.0	168.0	264.0	632.0
Acquire-EHT_C3_60_1	746	25139	242.0	168.0	264.0	632.0
Acquire-EHT_C3_60_1	747	25170	242.0	168.0	264.0	632.0
Acquire-EHT_C3_60_1	748	25217	242.0	168.0	264.0	632.0
Acquire-EHT_C3_60_1	749	25248	242.0	168.0	264.0	632.0
Acquire-EHT_C3_60_1	750	25279	242.0	168.0	264.0	632.0
Acquire-EHT_C3_60_1	751	25310	242.0	168.0	264.0	632.0
Acquire-EHT_C3_60_1	752	25342	242.0	168.0	264.0	632.0
Acquire-EHT_C3_60_1	753	25373	242.0	168.0	264.0	632.0
Acquire-EHT_C3_60_1	754	25404	242.0	168.0	264.0	632.0
Acquire-EHT_C3_60_1	755	25451	242.0	168.0	264.0	631.0
Acquire-EHT_C3_60_1	756	25482	242.0	170.0	264.0	630.0
Acquire-EHT_C3_60_1	757	25514	243.0	170.0	263.0	629.0
Acquire-EHT_C3_60_1	758	25545	243.0	171.0	264.0	628.0
Acquire-EHT_C3_60_1	759	25576	243.0	171.0	264.0	628.0
Acquire-EHT_C3_60_1	760	25607	243.0	172.0	264.0	629.0
Acquire-EHT_C3_60_1	761	25638	243.0	172.0	263.0	629.0
Acquire-EHT_C3_60_1	762	25670	243.0	171.0	264.0	629.0
Acquire-EHT_C3_60_1	763	25717	242.0	170.0	263.0	630.0
Acquire-EHT_C3_60_1	764	25748	243.0	169.0	264.0	631.0
Acquire-EHT_C3_60_1	765	25779	242.0	168.0	264.0	631.0
Acquire-EHT_C3_60_1	766	25810	242.0	168.0	264.0	632.0
Acquire-EHT_C3_60_1	767	25842	242.0	168.0	264.0	632.0
Acquire-EHT_C3_60_1	768	25873	242.0	168.0	264.0	632.0
Acquire-EHT_C3_60_1	769	25904	242.0	168.0	264.0	632.0
Acquire-EHT_C3_60_1	770	25951	242.0	168.0	264.0	632.0
Acquire-EHT_C3_60_1	771	25982	242.0	168.0	264.0	632.0
Acquire-EHT_C3_60_1	772	26013	242.0	168.0	264.0	632.0
Acquire-EHT_C3_60_1	773	26045	242.0	168.0	264.0	632.0
Acquire-EHT_C3_60_1	774	26076	242.0	168.0	264.0	632.0
Acquire-EHT_C3_60_1	775	26107	242.0	168.0	264.0	632.0
Acquire-EHT_C3_60_1	776	26138	242.0	168.0	264.0	632.0
Acquire-EHT_C3_60_1	777	26170	242.0	168.0	264.0	631.0
Acquire-EHT_C3_60_1	778	26217	243.0	172.0	263.0	629.0
Acquire-EHT_C3_60_1	779	26404	243.0	171.0	264.0	629.0
Acquire-EHT_C3_60_1	780	26451	243.0	170.0	263.0	630.0
Acquire-EHT_C3_60_1	781	26482	242.0	169.0	264.0	630.0
Acquire-EHT_C3_60_1	782	26513	242.0	168.0	264.0	631.0
Acquire-EHT_C3_60_1	783	26545	242.0	168.0	264.0	632.0
Acquire-EHT_C3_60_1	784	26576	242.0	168.0	264.0	632.0
Acquire-EHT_C3_60_1	785	26607	242.0	168.0	264.0	632.0
Acquire-EHT_C3_60_1	786	26638	242.0	168.0	264.0	632.0
Acquire-EHT_C3_60_1	787	26670	242.0	168.0	264.0	632.0
Acquire-EHT_C3_60_1	788	26717	242.0	168.0	264.0	632.0
Acquire-EHT_C3_60_1	789	26748	242.0	168.0	264.0	632.0
Acquire-EHT_C3_60_1	790	26779	242.0	168.0	264.0	632.0
Acquire-EHT_C3_60_1	791	26810	242.0	168.0	264.0	632.0
Acquire-EHT_C3_60_1	792	26842	242.0	168.0	264.0	632.0
Acquire-EHT_C3_60_1	793	26873	242.0	168.0	264.0	632.0
Acquire-EHT_C3_60_1	794	26904	242.0	168.0	264.0	632.0
Acquire-EHT_C3_60_1	795	26951	242.0	168.0	264.0	631.0
Acquire-EHT_C3_60_1	796	26982	242.0	170.0	264.0	629.0
Acquire-EHT_C3_60_1	797	27013	243.0	171.0	264.0	629.0
Acquire-EHT_C3_60_1	798	27045	243.0	171.0	264.0	628.0
Acquire-EHT_C3_60_1	799	27076	243.0	172.0	264.0	629.0
Acquire-EHT_C3_60_1	800	27107	243.0	172.0	264.0	628.0
Acquire-EHT_C3_60_1	801	27138	243.0	171.0	264.0	629.0
Acquire-EHT_C3_60_1	802	27170	243.0	171.0	264.0	629.0
Acquire-EHT_C3_60_1	803	27217	243.0	170.0	263.0	630.0
Acquire-EHT_C3_60_1	804	27248	242.0	169.0	264.0	631.0
Acquire-EHT_C3_60_1	805	27279	242.0	168.0	264.0	631.0
Acquire-EHT_C3_60_1	806	27310	242.0	168.0	264.0	632.0
Acquire-EHT_C3_60_1	807	27342	242.0	168.0	264.0	632.0
Acquire-EHT_C3_60_1	808	27373	242.0	168.0	264.0	632.0
Acquire-EHT_C3_60_1	809	27404	242.0	168.0	264.0	632.0
Acquire-EHT_C3_60_1	810	27451	242.0	168.0	264.0	632.0
Acquire-EHT_C3_60_1	811	27482	242.0	168.0	264.0	632.0
Acquire-EHT_C3_60_1	812	27513	242.0	168.0	264.0	632.0
Acquire-EHT_C3_60_1	813	27545	242.0	168.0	264.0	632.0
Acquire-EHT_C3_60_1	814	27576	242.0	168.0	264.0	632.0
Acquire-EHT_C3_60_1	815	27607	242.0	168.0	264.0	632.0
Acquire-EHT_C3_60_1	816	27638	242.0	168.0	264.0	631.0
Acquire-EHT_C3_60_1	817	27670	242.0	169.0	263.0	630.0
Acquire-EHT_C3_60_1	818	27716	242.0	170.0	264.0	629.0
Acquire-EHT_C3_60_1	819	27748	243.0	171.0	264.0	629.0
Acquire-EHT_C3_60_1	820	27779	243.0	171.0	264.0	628.0
Acquire-EHT_C3_60_1	821	27810	242.0	171.0	264.0	629.0
Acquire-EHT_C3_60_1	822	27841	243.0	171.0	264.0	629.0
Acquire-EHT_C3_60_1	823	27873	243.0	171.0	264.0	629.0
Acquire-EHT_C3_60_1	824	27904	243.0	170.0	264.0	630.0
Acquire-EHT_C3_60_1	825	27951	242.0	169.0	264.0	630.0
Acquire-EHT_C3_60_1	826	27982	242.0	168.0	264.0	631.0
Acquire-EHT_C3_60_1	827	28013	242.0	168.0	264.0	632.0
Acquire-EHT_C3_60_1	828	28045	242.0	168.0	264.0	632.0
Acquire-EHT_C3_60_1	829	28076	242.0	168.0	264.0	632.0
Acquire-EHT_C3_60_1	830	28107	242.0	168.0	264.0	632.0
Acquire-EHT_C3_60_1	831	28138	242.0	168.0	264.0	632.0
Acquire-EHT_C3_60_1	832	28170	242.0	168.0	264.0	632.0
Acquire-EHT_C3_60_1	833	28216	242.0	168.0	264.0	632.0
Acquire-EHT_C3_60_1	834	28248	242.0	168.0	264.0	632.0
Acquire-EHT_C3_60_1	835	28279	242.0	168.0	264.0	632.0
Acquire-EHT_C3_60_1	836	28310	242.0	168.0	264.0	632.0
Acquire-EHT_C3_60_1	837	28341	242.0	168.0	264.0	632.0
Acquire-EHT_C3_60_1	838	28373	242.0	168.0	264.0	632.0
Acquire-EHT_C3_60_1	839	28404	242.0	169.0	264.0	631.0
Acquire-EHT_C3_60_1	840	28451	243.0	170.0	264.0	629.0
Acquire-EHT_C3_60_1	841	28482	243.0	171.0	264.0	629.0
Acquire-EHT_C3_60_1	842	28513	243.0	170.0	264.0	628.0
Acquire-EHT_C3_60_1	843	28545	243.0	171.0	264.0	629.0
Acquire-EHT_C3_60_1	844	28576	243.0	171.0	264.0	628.0
Acquire-EHT_C3_60_1	845	28607	243.0	171.0	264.0	629.0
Acquire-EHT_C3_60_1	846	28638	243.0	170.0	264.0	629.0
Acquire-EHT_C3_60_1	847	28670	242.0	169.0	264.0	630.0
Acquire-EHT_C3_60_1	848	28716	242.0	168.0	264.0	631.0
Acquire-EHT_C3_60_1	849	28748	242.0	168.0	264.0	632.0
Acquire-EHT_C3_60_1	850	28779	242.0	168.0	264.0	632.0
Acquire-EHT_C3_60_1	851	28810	242.0	168.0	264.0	632.0
Acquire-EHT_C3_60_1	852	28841	242.0	168.0	264.0	632.0
Acquire-EHT_C3_60_1	853	28873	242.0	168.0	264.0	632.0
Acquire-EHT_C3_60_1	854	28904	242.0	168.0	264.0	632.0
Acquire-EHT_C3_60_1	855	28951	242.0	168.0	264.0	632.0
Acquire-EHT_C3_60_1	856	28982	242.0	168.0	264.0	632.0
Acquire-EHT_C3_60_1	857	29013	242.0	168.0	264.0	632.0
Acquire-EHT_C3_60_1	858	29045	242.0	168.0	264.0	632.0
Acquire-EHT_C3_60_1	859	29076	242.0	168.0	264.0	632.0
Acquire-EHT_C3_60_1	860	29107	242.0	168.0	264.0	632.0
Acquire-EHT_C3_60_1	861	29138	242.0	168.0	264.0	631.0
Acquire-EHT_C3_60_1	862	29170	243.0	170.0	264.0	629.0
Acquire-EHT_C3_60_1	863	29216	242.0	171.0	264.0	629.0
Acquire-EHT_C3_60_1	864	29248	243.0	171.0	263.0	628.0
Acquire-EHT_C3_60_1	865	29279	243.0	172.0	264.0	629.0
Acquire-EHT_C3_60_1	866	29310	243.0	171.0	264.0	629.0
Acquire-EHT_C3_60_1	867	29341	243.0	171.0	264.0	629.0
Acquire-EHT_C3_60_1	868	29373	243.0	171.0	264.0	629.0
Acquire-EHT_C3_60_1	869	29404	242.0	170.0	264.0	630.0
Acquire-EHT_C3_60_1	870	29451	242.0	168.0	264.0	631.0
Acquire-EHT_C3_60_1	871	29482	242.0	168.0	264.0	632.0
Acquire-EHT_C3_60_1	872	29513	242.0	168.0	264.0	632.0
Acquire-EHT_C3_60_1	873	29544	242.0	168.0	264.0	632.0
Acquire-EHT_C3_60_1	874	29576	242.0	168.0	264.0	632.0
Acquire-EHT_C3_60_1	875	29607	242.0	168.0	264.0	632.0
Acquire-EHT_C3_60_1	876	29638	242.0	168.0	264.0	632.0
Acquire-EHT_C3_60_1	877	29669	242.0	168.0	264.0	631.0
Acquire-EHT_C3_60_1	878	29716	242.0	169.0	264.0	631.0
Acquire-EHT_C3_60_1	879	29748	242.0	169.0	264.0	629.0
Acquire-EHT_C3_60_1	880	29779	243.0	171.0	264.0	629.0
Acquire-EHT_C3_60_1	881	29810	243.0	171.0	263.0	629.0
Acquire-EHT_C3_60_1	882	29841	243.0	171.0	263.0	629.0
Acquire-EHT_C3_60_1	883	29873	243.0	171.0	264.0	629.0
Acquire-EHT_C3_60_1	884	29904	243.0	171.0	264.0	629.0
Acquire-EHT_C3_60_1	885	29951	243.0	170.0	264.0	630.0
